unique_id,game_id,up_choice,p1_AA,p1_AB,p1_BA,p1_BB,p2_AA,p2_AB,p2_BA,p2_BB,role,topology_raw,choice_br,choice_psne
6,3,0.093023256,15,12,36,29,12,35,2,34,colplayer,"('deadlock', 'deadlock')",0.9069767441860465,0.9069767441860465
5,3,0.13513513513513514,12,2,35,34,15,36,12,29,rowplayer,"('deadlock', 'deadlock')",0.8648648648648649,0.8648648648648649
12,6,0.21951219512195122,15,16,39,28,3,33,5,8,colplayer,"('compromise', 'compromise')",0.7804878048780488,0.7804878048780488
11,6,0.24242424242424243,3,5,33,8,15,39,16,28,rowplayer,"('compromise', 'compromise')",0.7575757575757576,0.7575757575757576
24,12,0.9024390243902439,37,26,1,2,31,1,17,13,colplayer,"('peace', 'peace')",0.9024390243902439,0.9024390243902439
23,12,0.8918918918918919,31,17,1,13,37,1,26,2,rowplayer,"('peace', 'peace')",0.8918918918918919,0.8918918918918919
86,43,0.5,1,24,29,8,3,39,13,8,colplayer,"('hero', 'hero')",0.5,1
85,43,0.16666666666666666,3,13,39,8,1,29,24,8,rowplayer,"('hero', 'hero')",0.8333333333333334,1
184,92,1.0,38,10,2,11,30,1,21,22,colplayer,"('safecoord', 'safecoord')",1,1
183,92,0.8888888888888888,30,21,1,22,38,2,10,11,rowplayer,"('safecoord', 'safecoord')",0.8888888888888888,1
186,93,0.073170732,6,2,25,10,5,9,1,8,colplayer,"('deadlock', 'deadlock')",0.926829268,0.926829268
185,93,0.20408163265306123,5,1,9,8,6,25,2,10,rowplayer,"('deadlock', 'deadlock')",0.7959183673469388,0.7959183673469388
260,130,0.75,33,8,18,17,18,6,3,5,colplayer,"('staghunt', 'staghunt')",0.75,1
259,130,0.9411764705882353,18,3,6,5,33,18,8,17,rowplayer,"('staghunt', 'staghunt')",0.9411764705882353,1
298,149,0.15384615384615385,20,4,34,21,3,17,1,14,colplayer,"('deadlock', 'deadlock')",0.8461538461538461,0.8461538461538461
297,149,0.073170732,3,1,17,14,20,34,4,21,rowplayer,"('deadlock', 'deadlock')",0.926829268,0.926829268
342,171,0.3611111111111111,3,1,20,2,22,38,1,13,colplayer,"('dilemma', 'dilemma')",0.6388888888888888,0.6388888888888888
341,171,0.13513513513513514,22,1,38,13,3,20,1,2,rowplayer,"('dilemma', 'dilemma')",0.8648648648648649,0.8648648648648649
346,173,0.9090909090909091,37,17,24,1,31,25,4,3,colplayer,"('concord', 'concord')",0.9090909090909091,0.9090909090909091
345,173,0.8333333333333334,31,4,25,3,37,24,17,1,rowplayer,"('concord', 'concord')",0.8333333333333334,0.8333333333333334
348,174,0.6666666666666666,15,18,24,1,19,45,29,14,colplayer,"('leader', 'leader')",0.6666666666666666,1
347,174,0.5952380952380952,19,29,45,14,15,24,18,1,rowplayer,"('leader', 'leader')",0.40476190476190477,1
376,188,0.16666666666666666,1,5,32,6,1,46,3,37,colplayer,"('compromise', 'compromise')",0.8333333333333334,0.8333333333333334
375,188,0.17142857142857143,1,3,46,37,1,32,5,6,rowplayer,"('compromise', 'compromise')",0.8285714285714286,0.8285714285714286
384,192,0.9090909090909091,42,24,5,3,25,10,15,2,colplayer,"('harmony', 'harmony')",0.9090909090909091,0.9090909090909091
383,192,0.9428571428571428,25,15,10,2,42,5,24,3,rowplayer,"('harmony', 'harmony')",0.9428571428571428,0.9428571428571428
430,215,0.30303030303030304,7,2,10,3,17,23,5,9,colplayer,"('dilemma', 'dilemma')",0.696969697,0.696969697
429,215,0.34285714285714286,17,5,23,9,7,10,2,3,rowplayer,"('dilemma', 'dilemma')",0.6571428571428571,0.6571428571428571
466,233,0.8275862068965517,26,20,45,5,21,27,16,4,colplayer,"('chicken', 'chicken')",0.1724137931034483,1
465,233,0.8205128205128205,21,16,27,4,26,45,20,5,rowplayer,"('chicken', 'chicken')",0.1794871794871795,1
540,270,0.9090909090909091,10,8,9,5,28,8,4,1,colplayer,"('concord', 'concord')",0.9090909090909091,0.9090909090909091
539,270,0.8444444444444444,28,4,8,1,10,9,8,5,rowplayer,"('concord', 'concord')",0.8444444444444444,0.8444444444444444
572,286,0.2571428571428571,19,6,34,10,22,26,3,16,colplayer,"('dilemma', 'dilemma')",0.7428571428571429,0.7428571428571429
571,286,0.22857142857142856,22,3,26,16,19,34,6,10,rowplayer,"('dilemma', 'dilemma')",0.7714285714285715,0.7714285714285715
590,295,0.7,42,1,9,10,41,7,6,28,colplayer,"('assurance', 'assurance')",0.7,1
589,295,0.8048780487804879,41,6,7,28,42,9,1,10,rowplayer,"('assurance', 'assurance')",0.8048780487804879,1
648,324,0.9512195121951219,17,13,10,8,40,21,25,6,colplayer,"('harmony', 'harmony')",0.9512195121951219,0.9512195121951219
647,324,0.9230769230769231,40,25,21,6,17,10,13,8,rowplayer,"('harmony', 'harmony')",0.9230769230769231,0.9230769230769231
664,332,0.6808510638297872,5,17,29,1,12,37,17,10,colplayer,"('leader', 'leader')",0.3191489361702128,1
663,332,0.4,12,17,37,10,5,29,17,1,rowplayer,"('leader', 'leader')",0.6,1
676,338,0.8333333333333334,39,8,6,9,21,1,3,17,colplayer,"('safecoord', 'safecoord')",0.8333333333333334,1
675,338,0.9583333333333334,21,3,1,17,39,6,8,9,rowplayer,"('safecoord', 'safecoord')",0.9583333333333334,1
704,352,0.8823529411764706,22,19,26,2,16,29,9,7,colplayer,"('chicken', 'chicken')",0.8823529411764706,1
703,352,0.2903225806451613,16,9,29,7,22,26,19,2,rowplayer,"('chicken', 'chicken')",0.7096774193548387,1
728,364,0.7272727272727273,18,2,15,5,26,8,2,3,colplayer,"('staghunt', 'staghunt')",0.7272727272727273,1
727,364,0.85,26,2,8,3,18,15,2,5,rowplayer,"('staghunt', 'staghunt')",0.85,1
784,392,0.38461538461538464,1,20,21,13,2,37,10,6,colplayer,"('hero', 'hero')",0.38461538461538464,1
783,392,0.125,2,10,37,6,1,21,20,13,rowplayer,"('hero', 'hero')",0.875,1
868,434,0.825,30,7,10,11,29,9,8,11,colplayer,"('assurance', 'assurance')",0.825,1
867,434,0.8,29,8,9,11,30,10,7,11,rowplayer,"('assurance', 'assurance')",0.8,1
922,461,0.5384615384615384,20,1,16,12,40,14,1,9,colplayer,"('staghunt', 'staghunt')",0.5384615384615384,1
921,461,0.7894736842105263,40,1,14,9,20,16,1,12,rowplayer,"('staghunt', 'staghunt')",0.7894736842105263,1
970,485,0.7714285714285715,36,15,10,30,22,2,16,20,colplayer,"('safecoord', 'safecoord')",0.7714285714285715,1
969,485,0.8285714285714286,22,16,2,20,36,10,15,30,rowplayer,"('safecoord', 'safecoord')",0.8285714285714286,1
974,487,1.0,46,5,16,1,42,32,30,15,colplayer,"('concord', 'concord')",1,1
973,487,1.0,42,30,32,15,46,16,5,1,rowplayer,"('concord', 'concord')",1,1
1026,513,0.59375,25,3,33,1,13,32,12,4,colplayer,"('chicken', 'chicken')",0.40625,1
1025,513,0.7222222222222222,13,12,32,4,25,33,3,1,rowplayer,"('chicken', 'chicken')",0.2777777777777778,1
1076,538,0.5116279069767442,15,9,11,13,39,9,5,24,colplayer,"('assurance', 'assurance')",0.5116279069767442,1
1075,538,0.6444444444444445,39,5,9,24,15,11,9,13,rowplayer,"('assurance', 'assurance')",0.6444444444444445,1
1094,547,0.6923076923076923,13,3,5,9,30,8,7,16,colplayer,"('assurance', 'assurance')",0.6923076923076923,1
1093,547,0.8367346938775511,30,7,8,16,13,5,3,9,rowplayer,"('assurance', 'assurance')",0.8367346938775511,1
1106,553,0.9428571428571428,26,4,2,6,32,1,7,28,colplayer,"('safecoord', 'safecoord')",0.9428571428571428,1
1105,553,0.8,32,7,1,28,26,2,4,6,rowplayer,"('safecoord', 'safecoord')",0.8,1
1120,560,0.85,34,1,10,3,21,7,1,6,colplayer,"('staghunt', 'staghunt')",0.85,1
1119,560,0.7647058823529411,21,1,7,6,34,10,1,3,rowplayer,"('staghunt', 'staghunt')",0.7647058823529411,1
1164,582,0.3684210526315789,1,13,14,3,11,18,17,13,colplayer,"('hero', 'hero')",0.631578947,1
1163,582,0.4827586206896552,11,17,18,13,1,14,13,3,rowplayer,"('hero', 'hero')",0.5172413793103449,1
1230,615,0.5853658536585366,7,31,40,3,3,39,34,1,colplayer,"('leader', 'leader')",0.4146341463414634,1
1229,615,0.6875,3,34,39,1,7,40,31,3,rowplayer,"('leader', 'leader')",0.3125,1
1250,625,0.2727272727272727,12,6,42,4,21,24,14,3,colplayer,"('chicken', 'chicken')",0.7272727272727273,1
1249,625,0.8181818181818182,21,14,24,3,12,42,6,4,rowplayer,"('chicken', 'chicken')",0.8181818181818182,1
1252,626,0.75,23,21,26,14,6,13,5,3,colplayer,"('chicken', 'chicken')",0.75,1
1251,626,0.37209302325581395,6,5,13,3,23,26,21,14,rowplayer,"('chicken', 'chicken')",0.627906977,1
1262,631,0.36666666666666664,3,5,17,2,7,14,12,1,colplayer,"('leader', 'leader')",0.6333333333333333,1
1261,631,0.8235294117647058,7,12,14,1,3,17,5,2,rowplayer,"('leader', 'leader')",0.8235294117647058,1
1286,643,0.8857142857142857,21,2,12,3,8,7,1,3,colplayer,"('staghunt', 'staghunt')",0.8857142857142857,1
1285,643,0.6808510638297872,8,1,7,3,21,12,2,3,rowplayer,"('staghunt', 'staghunt')",0.6808510638297872,1
1330,665,0.5135135135135135,12,1,4,7,34,12,6,16,colplayer,"('assurance', 'assurance')",0.5135135135135135,1
1329,665,0.7380952380952381,34,6,12,16,12,4,1,7,rowplayer,"('assurance', 'assurance')",0.7380952380952381,1
1342,671,0.7317073170731707,31,6,9,27,31,3,1,7,colplayer,"('assurance', 'assurance')",0.7317073170731707,1
1341,671,0.8928571428571429,31,1,3,7,31,9,6,27,rowplayer,"('assurance', 'assurance')",0.8928571428571429,1
1344,672,0.7608695652173914,32,1,13,3,33,26,11,24,colplayer,"('staghunt', 'staghunt')",0.7608695652173914,1
1343,672,0.6346153846153846,33,11,26,24,32,13,1,3,rowplayer,"('staghunt', 'staghunt')",0.6346153846153846,1
1356,678,0.8529411764705882,45,7,2,9,19,6,14,15,colplayer,"('safecoord', 'safecoord')",0.8529411764705882,1
1355,678,0.8918918918918919,19,14,6,15,45,2,7,9,rowplayer,"('safecoord', 'safecoord')",0.8918918918918919,1
1410,705,0.7619047619047619,29,3,21,12,19,13,1,6,colplayer,"('staghunt', 'staghunt')",0.7619047619047619,1
1409,705,0.6829268292682927,19,1,13,6,29,21,3,12,rowplayer,"('staghunt', 'staghunt')",0.6829268292682927,1
1412,706,0.8775510204081632,25,8,10,9,42,31,5,26,colplayer,"('staghunt', 'staghunt')",0.8775510204081632,1
1411,706,0.5111111111111111,42,5,31,26,25,10,8,9,rowplayer,"('staghunt', 'staghunt')",0.5111111111111111,1
1466,733,0.2,5,2,31,1,19,23,16,4,colplayer,"('chicken', 'chicken')",0.8,1
1465,733,0.8205128205128205,19,16,23,4,5,31,2,1,rowplayer,"('chicken', 'chicken')",0.8205128205128205,1
1474,737,0.5483870967741935,26,14,38,13,11,14,10,2,colplayer,"('chicken', 'chicken')",0.45161290322580644,1
1473,737,0.6764705882352942,11,10,14,2,26,38,14,13,rowplayer,"('chicken', 'chicken')",0.6764705882352942,1
1476,738,0.575,9,21,32,8,5,14,7,3,colplayer,"('leader', 'leader')",0.425,1
1475,738,0.4827586206896552,5,7,14,3,9,32,21,8,rowplayer,"('leader', 'leader')",0.5172413793103449,1
1492,746,0.4375,12,18,40,3,26,34,29,2,colplayer,"('leader', 'leader')",0.5625,1
1491,746,0.7837837837837838,26,29,34,2,12,40,18,3,rowplayer,"('leader', 'leader')",0.7837837837837838,1
1494,747,0.5,36,1,13,20,48,25,1,38,colplayer,"('assurance', 'assurance')",0.5,1
1493,747,0.5,48,1,25,38,36,13,1,20,rowplayer,"('assurance', 'assurance')",0.5,1
1516,758,0.5263157894736842,24,4,11,18,17,3,2,13,colplayer,"('assurance', 'assurance')",0.5263157894736842,1
1515,758,0.7666666666666667,17,2,3,13,24,11,4,18,rowplayer,"('assurance', 'assurance')",0.7666666666666667,1
1518,759,0.896551724,16,2,8,4,31,13,2,9,colplayer,"('staghunt', 'staghunt')",0.896551724,1
1517,759,0.8484848484848485,31,2,13,9,16,8,2,4,rowplayer,"('staghunt', 'staghunt')",0.8484848484848485,1
1520,760,0.10344827586206896,3,19,39,15,1,29,21,14,colplayer,"('hero', 'hero')",0.896551724,1
1519,760,0.4444444444444444,1,21,29,14,3,39,19,15,rowplayer,"('hero', 'hero')",0.4444444444444444,1
1530,765,0.9375,37,2,3,5,39,4,3,8,colplayer,"('assurance', 'assurance')",0.9375,1
1529,765,0.7959183673469388,39,3,4,8,37,3,2,5,rowplayer,"('assurance', 'assurance')",0.7959183673469388,1
1542,771,0.7222222222222222,26,10,17,23,40,27,4,35,colplayer,"('assurance', 'assurance')",0.2777777777777778,1
1541,771,0.48148148148148145,40,4,27,35,26,17,10,23,rowplayer,"('assurance', 'assurance')",0.48148148148148145,1
1610,805,0.8108108108108109,31,2,6,5,37,34,3,17,colplayer,"('staghunt', 'staghunt')",0.8108108108108109,1
1609,805,0.5128205128205128,37,3,34,17,31,6,2,5,rowplayer,"('staghunt', 'staghunt')",0.48717948717948717,1
1628,814,0.14705882352941177,2,22,32,16,1,6,4,3,colplayer,"('hero', 'hero')",0.8529411764705882,1
1627,814,0.32432432432432434,1,4,6,3,2,32,22,16,rowplayer,"('hero', 'hero')",0.32432432432432434,1
1672,836,0.34782608695652173,14,24,35,17,2,29,21,7,colplayer,"('hero', 'hero')",0.6521739130434783,1
1671,836,0.2926829268292683,2,21,29,7,14,35,24,17,rowplayer,"('hero', 'hero')",0.7073170731707317,1
1676,838,0.65,8,19,22,3,16,36,31,1,colplayer,"('leader', 'leader')",0.35,1
1675,838,0.7428571428571429,16,31,36,1,8,22,19,3,rowplayer,"('leader', 'leader')",0.2571428571428571,1
1680,840,0.9743589743589743,28,6,4,14,38,2,3,6,colplayer,"('safecoord', 'safecoord')",0.9743589743589743,1
1679,840,0.9047619047619048,38,3,2,6,28,4,6,14,rowplayer,"('safecoord', 'safecoord')",0.9047619047619048,1
1748,874,0.8846153846153846,15,3,7,5,34,19,10,14,colplayer,"('staghunt', 'staghunt')",0.8846153846153846,1
1747,874,0.8333333333333334,34,10,19,14,15,7,3,5,rowplayer,"('staghunt', 'staghunt')",0.8333333333333334,1
1756,878,0.7636363636363637,32,4,5,22,10,5,3,8,colplayer,"('assurance', 'assurance')",0.7636363636363637,1
1755,878,0.7272727272727273,10,3,5,8,32,5,4,22,rowplayer,"('assurance', 'assurance')",0.7272727272727273,1
1764,882,0.7,25,16,20,23,23,4,2,8,colplayer,"('assurance', 'assurance')",0.7,1
1763,882,0.967741935,23,2,4,8,25,20,16,23,rowplayer,"('assurance', 'assurance')",0.967741935,1
1778,889,0.75,22,21,25,11,29,44,19,12,colplayer,"('chicken', 'chicken')",0.75,1
1777,889,0.46875,29,19,44,12,22,25,21,11,rowplayer,"('chicken', 'chicken')",0.53125,1
1782,891,0.5,11,1,8,7,30,20,9,15,colplayer,"('staghunt', 'staghunt')",0.5,1
1781,891,0.6842105263157895,30,9,20,15,11,8,1,7,rowplayer,"('staghunt', 'staghunt')",0.6842105263157895,1
1790,895,0.8928571428571429,6,2,1,4,37,1,7,13,colplayer,"('safecoord', 'safecoord')",0.8928571428571429,1
1789,895,0.8823529411764706,37,7,1,13,6,1,2,4,rowplayer,"('safecoord', 'safecoord')",0.8823529411764706,1
1796,898,0.5882352941176471,8,10,14,3,21,32,22,6,colplayer,"('leader', 'leader')",0.4117647058823529,1
1795,898,0.8055555555555556,21,22,32,6,8,14,10,3,rowplayer,"('leader', 'leader')",0.8055555555555556,1
1808,904,0.085106383,1,6,27,4,9,28,24,14,colplayer,"('hero', 'hero')",0.9148936170212766,1
1807,904,0.6,9,24,28,14,1,27,6,4,rowplayer,"('hero', 'hero')",0.6,1
1824,912,0.8378378378378378,27,23,32,6,19,26,7,4,colplayer,"('chicken', 'chicken')",0.8378378378378378,1
1823,912,0.4473684210526316,19,7,26,4,27,32,23,6,rowplayer,"('chicken', 'chicken')",0.5526315789473685,1
1864,932,0.40425531914893614,5,10,13,6,9,40,14,11,colplayer,"('hero', 'hero')",0.40425531914893614,1
1863,932,0.28888888888888886,9,14,40,11,5,13,10,6,rowplayer,"('hero', 'hero')",0.7111111111111111,1
1870,935,0.4444444444444444,11,7,19,5,17,23,10,9,colplayer,"('chicken', 'chicken')",0.5555555555555556,1
1869,935,0.6428571428571429,17,10,23,9,11,19,7,5,rowplayer,"('chicken', 'chicken')",0.35714285714285715,1
1896,948,0.7804878048780488,18,7,19,4,16,32,8,3,colplayer,"('chicken', 'chicken')",0.7804878048780488,1
1895,948,0.5641025641025641,16,8,32,3,18,19,7,4,rowplayer,"('chicken', 'chicken')",0.4358974358974359,1
1900,950,0.6818181818181818,39,7,5,19,22,1,4,21,colplayer,"('safecoord', 'safecoord')",0.6818181818181818,1
1899,950,0.8780487804878049,22,4,1,21,39,5,7,19,rowplayer,"('safecoord', 'safecoord')",0.8780487804878049,1
1904,952,0.7647058823529411,20,11,29,3,21,23,19,5,colplayer,"('chicken', 'chicken')",0.23529411764705882,1
1903,952,0.8387096774193549,21,19,23,5,20,29,11,3,rowplayer,"('chicken', 'chicken')",0.8387096774193549,1
1910,955,0.3488372093023256,7,12,21,9,1,42,11,2,colplayer,"('hero', 'hero')",0.6511627906976745,1
1909,955,0.23529411764705882,1,11,42,2,7,21,12,9,rowplayer,"('hero', 'hero')",0.7647058823529411,1
1914,957,0.6388888888888888,27,6,19,16,43,36,5,9,colplayer,"('staghunt', 'staghunt')",0.6388888888888888,1
1913,957,0.7317073170731707,43,5,36,9,27,19,6,16,rowplayer,"('staghunt', 'staghunt')",0.7317073170731707,1
1940,970,0.9,20,2,3,7,23,7,1,8,colplayer,"('assurance', 'assurance')",0.9,1
1939,970,0.6904761904761905,23,1,7,8,20,3,2,7,rowplayer,"('assurance', 'assurance')",0.6904761904761905,1
1942,971,0.48,5,9,21,6,1,32,8,3,colplayer,"('hero', 'hero')",0.52,1
1941,971,0.22857142857142856,1,8,32,3,5,21,9,6,rowplayer,"('hero', 'hero')",0.7714285714285715,1
1950,975,0.375,2,37,40,8,2,11,10,3,colplayer,"('hero', 'hero')",0.625,1
1949,975,0.5454545454545454,2,10,11,3,2,40,37,8,rowplayer,"('hero', 'hero')",0.5454545454545454,1
1970,985,0.3076923076923077,2,10,13,7,3,22,16,15,colplayer,"('hero', 'hero')",0.6923076923076923,1
1969,985,0.2916666666666667,3,16,22,15,2,13,10,7,rowplayer,"('hero', 'hero')",0.7083333333333334,1
1972,986,0.36666666666666664,9,8,42,2,6,15,5,2,colplayer,"('chicken', 'chicken')",0.6333333333333333,1
1971,986,0.5428571428571428,6,5,15,2,9,42,8,2,rowplayer,"('chicken', 'chicken')",0.45714285714285713,1
1978,989,0.35714285714285715,1,8,11,3,3,32,22,12,colplayer,"('hero', 'hero')",0.35714285714285715,1
1977,989,0.3,3,22,32,12,1,11,8,3,rowplayer,"('hero', 'hero')",0.7,1
1996,998,0.7428571428571429,9,1,6,2,33,12,4,5,colplayer,"('staghunt', 'staghunt')",0.7428571428571429,1
1995,998,0.8372093023255814,33,4,12,5,9,6,1,2,rowplayer,"('staghunt', 'staghunt')",0.8372093023255814,1
2014,1007,0.2608695652173913,4,11,25,5,1,37,25,10,colplayer,"('hero', 'hero')",0.7391304347826086,1
2013,1007,0.42857142857142855,1,25,37,10,4,25,11,5,rowplayer,"('hero', 'hero')",0.42857142857142855,1
2024,1012,0.39285714285714285,4,6,13,1,11,26,17,9,colplayer,"('leader', 'leader')",0.6071428571428571,1
2023,1012,0.6097560975609756,11,17,26,9,4,13,6,1,rowplayer,"('leader', 'leader')",0.3902439024390244,1
2028,1014,0.7441860465116279,15,23,32,10,7,15,8,2,colplayer,"('leader', 'leader')",0.2558139534883721,1
2027,1014,0.5454545454545454,7,8,15,2,15,32,23,10,rowplayer,"('leader', 'leader')",0.45454545454545453,1
2038,1019,0.1794871794871795,2,7,21,6,5,38,26,6,colplayer,"('hero', 'hero')",0.8205128205128205,1
2037,1019,0.5384615384615384,5,26,38,6,2,21,7,6,rowplayer,"('hero', 'hero')",0.5384615384615384,1
2048,1024,0.9090909090909091,36,12,2,15,16,1,4,12,colplayer,"('safecoord', 'safecoord')",0.9090909090909091,1
2047,1024,0.8,16,4,1,12,36,2,12,15,rowplayer,"('safecoord', 'safecoord')",0.8,1
2064,1032,0.8108108108108109,10,2,1,6,47,3,5,11,colplayer,"('safecoord', 'safecoord')",0.8108108108108109,1
2063,1032,0.7878787878787878,47,5,3,11,10,1,2,6,rowplayer,"('safecoord', 'safecoord')",0.7878787878787878,1
2066,1033,0.25806451612903225,4,8,21,1,6,37,35,3,colplayer,"('leader', 'leader')",0.7419354838709677,1
2065,1033,0.7894736842105263,6,35,37,3,4,21,8,1,rowplayer,"('leader', 'leader')",0.7894736842105263,1
2068,1034,0.8292682926829268,18,14,23,1,8,26,6,4,colplayer,"('chicken', 'chicken')",0.8292682926829268,1
2067,1034,0.275,8,6,26,4,18,23,14,1,rowplayer,"('chicken', 'chicken')",0.725,1
2072,1036,0.475,29,5,15,23,20,8,1,9,colplayer,"('assurance', 'assurance')",0.475,1
2071,1036,0.6938775510204082,20,1,8,9,29,15,5,23,rowplayer,"('assurance', 'assurance')",0.6938775510204082,1
2080,1040,0.6190476190476191,42,9,19,29,38,16,5,19,colplayer,"('assurance', 'assurance')",0.6190476190476191,1
2079,1040,0.7,38,5,16,19,42,19,9,29,rowplayer,"('assurance', 'assurance')",0.7,1
2082,1041,0.35714285714285715,17,20,27,11,12,31,28,1,colplayer,"('leader', 'leader')",0.6428571428571429,1
2081,1041,0.6956521739130435,12,28,31,1,17,27,20,11,rowplayer,"('leader', 'leader')",0.6956521739130435,1
2098,1049,0.918918919,45,6,2,13,44,3,4,13,colplayer,"('safecoord', 'safecoord')",0.918918919,1
2097,1049,0.8936170212765957,44,4,3,13,45,2,6,13,rowplayer,"('safecoord', 'safecoord')",0.8936170212765957,1
2100,1050,0.5952380952380952,12,11,17,9,19,25,9,2,colplayer,"('chicken', 'chicken')",0.40476190476190477,1
2099,1050,0.7045454545454546,19,9,25,2,12,17,11,9,rowplayer,"('chicken', 'chicken')",0.29545454545454547,1
2102,1051,0.8064516129032258,16,5,4,7,25,7,12,13,colplayer,"('safecoord', 'safecoord')",0.8064516129032258,1
2101,1051,0.8571428571428571,25,12,7,13,16,4,5,7,rowplayer,"('safecoord', 'safecoord')",0.8571428571428571,1
2106,1053,0.8571428571428571,18,7,4,14,23,2,10,11,colplayer,"('safecoord', 'safecoord')",0.8571428571428571,1
2105,1053,0.9666666666666667,23,10,2,11,18,4,7,14,rowplayer,"('safecoord', 'safecoord')",0.9666666666666667,1
2110,1055,0.48717948717948717,7,2,20,1,26,40,4,1,colplayer,"('chicken', 'chicken')",0.5128205128205128,1
2109,1055,0.6363636363636364,26,4,40,1,7,20,2,1,rowplayer,"('chicken', 'chicken')",0.36363636363636365,1
2112,1056,0.9565217391304348,26,12,9,15,22,2,5,11,colplayer,"('safecoord', 'safecoord')",0.9565217391304348,1
2111,1056,0.9230769230769231,22,5,2,11,26,9,12,15,rowplayer,"('safecoord', 'safecoord')",0.9230769230769231,1
2116,1058,0.8518518518518519,34,20,5,27,35,1,4,13,colplayer,"('safecoord', 'safecoord')",0.8518518518518519,1
2115,1058,0.85,35,4,1,13,34,5,20,27,rowplayer,"('safecoord', 'safecoord')",0.85,1
2138,1069,0.6170212765957447,1,14,22,2,1,27,5,3,colplayer,"('hero', 'hero')",0.6170212765957447,1
2137,1069,0.23809523809523808,1,5,27,3,1,22,14,2,rowplayer,"('hero', 'hero')",0.7619047619047619,1
2142,1071,0.425,1,11,12,6,2,26,22,6,colplayer,"('hero', 'hero')",0.575,1
2141,1071,0.4827586206896552,2,22,26,6,1,12,11,6,rowplayer,"('hero', 'hero')",0.5172413793103449,1
2148,1074,0.5238095238095238,15,1,9,6,31,8,1,3,colplayer,"('staghunt', 'staghunt')",0.5238095238095238,1
2147,1074,0.7727272727272727,31,1,8,3,15,9,1,6,rowplayer,"('staghunt', 'staghunt')",0.7727272727272727,1
2160,1080,0.42424242424242425,25,8,12,22,20,7,2,11,colplayer,"('assurance', 'assurance')",0.42424242424242425,1
2159,1080,0.53125,20,2,7,11,25,12,8,22,rowplayer,"('assurance', 'assurance')",0.53125,1
2166,1083,0.3023255813953488,2,23,43,8,1,29,23,16,colplayer,"('hero', 'hero')",0.6976744186046512,1
2165,1083,0.3333333333333333,1,23,29,16,2,43,23,8,rowplayer,"('hero', 'hero')",0.6666666666666666,1
2170,1085,0.5,16,23,35,13,8,17,9,4,colplayer,"('leader', 'leader')",0.5,1
2169,1085,0.475,8,9,17,4,16,35,23,13,rowplayer,"('leader', 'leader')",0.525,1
2174,1087,0.8709677419354839,22,20,24,6,24,42,8,1,colplayer,"('chicken', 'chicken')",0.8709677419354839,1
2173,1087,0.5263157894736842,24,8,42,1,22,24,20,6,rowplayer,"('chicken', 'chicken')",0.47368421052631576,1
2176,1088,0.8913043478260869,43,25,19,31,38,2,9,11,colplayer,"('safecoord', 'safecoord')",0.8913043478260869,1
2175,1088,0.972972973,38,9,2,11,43,19,25,31,rowplayer,"('safecoord', 'safecoord')",0.972972973,1
2188,1094,0.8235294117647058,17,18,22,4,6,18,16,2,colplayer,"('leader', 'leader')",0.8235294117647058,1
2187,1094,0.4358974358974359,6,16,18,2,17,22,18,4,rowplayer,"('leader', 'leader')",0.5641025641025641,1
2198,1099,0.5483870967741935,13,5,11,10,7,4,2,3,colplayer,"('staghunt', 'staghunt')",0.5483870967741935,1
2197,1099,0.7755102040816326,7,2,4,3,13,11,5,10,rowplayer,"('staghunt', 'staghunt')",0.7755102040816326,1
2200,1100,0.775,36,14,11,26,34,1,8,16,colplayer,"('safecoord', 'safecoord')",0.775,1
2199,1100,0.8333333333333334,34,8,1,16,36,11,14,26,rowplayer,"('safecoord', 'safecoord')",0.8333333333333334,1
2204,1102,0.3225806451612903,3,19,40,8,2,11,9,3,colplayer,"('hero', 'hero')",0.6774193548387096,1
2203,1102,0.5,2,9,11,3,3,40,19,8,rowplayer,"('hero', 'hero')",0.5,1
2210,1105,0.8478260869565217,37,14,8,17,38,1,14,29,colplayer,"('safecoord', 'safecoord')",0.8478260869565217,1
2209,1105,0.8636363636363636,38,14,1,29,37,8,14,17,rowplayer,"('safecoord', 'safecoord')",0.8636363636363636,1
2220,1110,0.5,42,4,21,34,19,13,1,14,colplayer,"('assurance', 'assurance')",0.5,1
2219,1110,0.35,19,1,13,14,42,21,4,34,rowplayer,"('assurance', 'assurance')",0.65,1
2234,1117,0.8333333333333334,17,21,24,4,12,19,17,3,colplayer,"('leader', 'leader')",0.8333333333333334,1
2233,1117,0.7045454545454546,12,17,19,3,17,24,21,4,rowplayer,"('leader', 'leader')",0.29545454545454547,1
2236,1118,0.782608696,28,15,1,27,29,1,17,23,colplayer,"('safecoord', 'safecoord')",0.782608696,1
2235,1118,0.7837837837837838,29,17,1,23,28,1,15,27,rowplayer,"('safecoord', 'safecoord')",0.7837837837837838,1
2238,1119,0.4634146341463415,5,11,13,7,3,32,17,4,colplayer,"('hero', 'hero')",0.4634146341463415,1
2237,1119,0.30952380952380953,3,17,32,4,5,13,11,7,rowplayer,"('hero', 'hero')",0.6904761904761905,1
2244,1122,0.5925925925925926,22,15,42,12,16,33,12,1,colplayer,"('chicken', 'chicken')",0.4074074074074074,1
2243,1122,0.7441860465116279,16,12,33,1,22,42,15,12,rowplayer,"('chicken', 'chicken')",0.2558139534883721,1
2246,1123,0.6666666666666666,6,29,33,1,5,24,19,4,colplayer,"('leader', 'leader')",0.6666666666666666,1
2245,1123,0.40476190476190477,5,19,24,4,6,33,29,1,rowplayer,"('leader', 'leader')",0.5952380952380952,1
2262,1131,0.6444444444444445,10,4,18,1,13,22,2,1,colplayer,"('chicken', 'chicken')",0.35555555555555557,1
2261,1131,0.5,13,2,22,1,10,18,4,1,rowplayer,"('chicken', 'chicken')",0.5,1
2270,1135,0.5,14,10,37,1,16,19,13,1,colplayer,"('chicken', 'chicken')",0.5,1
2269,1135,0.8857142857142857,16,13,19,1,14,37,10,1,rowplayer,"('chicken', 'chicken')",0.8857142857142857,1
2290,1145,0.8378378378378378,46,23,6,29,17,8,11,14,colplayer,"('safecoord', 'safecoord')",0.8378378378378378,1
2289,1145,0.8095238095238095,17,11,8,14,46,6,23,29,rowplayer,"('safecoord', 'safecoord')",0.8095238095238095,1
