game_id,unique_id_rowplayer,topology_raw,cardinal_p1_rowplayer,cardinal_p2_rowplayer,ordinal_p1_rowplayer,ordinal_p2_rowplayer,up_choice_rowplayer,up_choice_canonical_rowplayer,canonical_id_rowplayer,swap_sr_rowplayer,swap_sc_rowplayer,unique_id_colplayer,up_choice_colplayer,up_choice_canonical_colplayer,canonical_id_colplayer,swap_sr_colplayer,swap_sc_colplayer,bruns_name_rowplayer_side,nash_count,dominance_level,is_symmetric,bruns_name_colplayer_side,nagel_p_id,nagel_p_paired,nagel_perspective,nagel_lk_type,nagel_emp_class,nagel_rgg_class,nagel_frac_choose_A,nagel_frac_choose_act0_canonical,nagel_entropy_binary
1,1,"('dilemma', 'hero')","21,10,24,17","2,19,6,4","3,1,4,2","1,4,3,2",0.3023255813953488,0.3023255813953488,128.0,False,True,2,0.2682926829268293,0.2682926829268293,95.0,False,True,PdHr,1,1,False,HrPd,49,122,P49,OD2,A2,O2,0.924611973,0.075388027,0.3857
3,5,"('deadlock', 'deadlock')","12,2,35,34","15,36,12,29","2,1,4,3","2,4,1,3",0.1351351351351351,0.1351351351351351,66.0,False,True,6,0.093023256,0.093023256,66.0,False,True,DlDl,1,1,True,DlDl,21,21,P21,DD,A1,D2,0.862527716,0.137472284,0.5776
6,11,"('compromise', 'compromise')","3,5,33,8","15,39,16,28","1,2,4,3","1,4,2,3",0.2424242424242424,0.2424242424242424,40.0,False,True,12,0.2195121951219512,0.2195121951219512,40.0,False,True,CmCm,1,1,True,CmCm,36,36,P36,DD,A1,D2,0.898004435,0.1019955649999999,0.4753
11,21,"('hero', 'concord')","1,9,22,6","27,14,11,10","1,3,4,2","4,3,2,1",0.1515151515151515,0.1515151515151515,93.0,False,True,22,0.84,0.84,104.0,False,True,HrNc,1,2,False,NcHr,127,54,P127,OD1,B1,O1,0.707317073,0.292682927,0.8722
12,23,"('peace', 'peace')","31,17,1,13","37,1,26,2","4,3,1,2","4,1,3,2",0.8918918918918919,0.8918918918918919,118.0,False,True,24,0.902439024390244,0.902439024390244,118.0,False,True,PcPc,1,1,True,PcPc,27,27,P27,DD,A1,D1,0.904656319,0.904656319,0.4541
13,25,"('harmony', 'compromise')","32,18,13,3","3,16,5,6","4,3,2,1","1,4,2,3",0.9433962264150944,0.9433962264150944,76.0,False,True,26,0.1463414634146341,0.1463414634146341,43.0,False,True,HaCm,1,1,False,CmHa,19,96,P19,DD,A1,D3,0.900221729,0.900221729,0.4683
15,29,"('peace', 'hero')","18,14,2,8","5,31,9,6","4,3,1,2","1,4,3,2",0.9302325581395348,0.9302325581395348,116.0,False,True,30,0.0625,0.0625,94.0,False,True,PcHr,1,1,False,HrPc,39,113,P39,OD1,A1,O1,0.884700665,0.884700665,0.5157
17,33,"('harmony', 'peace')","44,17,7,3","11,1,10,3","4,3,2,1","4,1,3,2",0.9111111111111112,0.9111111111111112,82.0,False,True,34,0.951219512195122,0.951219512195122,115.0,False,True,HaPc,1,1,False,PcHa,5,82,P5,DD,A1,D1,0.904656319,0.904656319,0.4541
18,35,"('dilemma', 'peace')","3,1,4,2","14,6,8,7","3,1,4,2","4,1,3,2",0.3714285714285714,0.3714285714285714,130.0,False,True,36,0.9047619047619048,0.9047619047619048,119.0,False,True,PdPc,1,1,False,PcPd,105,30,P105,DD,A1,D3,0.855875831,0.144124169,0.5949
19,37,"('deadlock', 'safecoord')","5,3,26,23","27,5,7,9","2,1,4,3","4,1,2,3",0.1578947368421052,0.1578947368421052,65.0,False,True,38,0.6551724137931034,0.6551724137931034,54.0,False,True,DlCo,1,1,False,CoDl,14,91,P14,OD2,A2,O3,0.924611973,0.075388027,0.3857
23,45,"('safecoord', 'peace')","17,7,1,12","41,5,25,9","4,2,1,3","4,1,3,2",0.8275862068965517,0.8275862068965517,58.0,False,True,46,0.8620689655172413,0.8620689655172413,113.0,False,True,CoPc,1,2,False,PcCo,103,28,P103,OD1,A1,O4,0.838137472,0.838137472,0.6387
25,49,"('safecoord', 'concord')","18,7,3,9","38,20,14,2","4,2,1,3","4,3,2,1",0.9142857142857144,0.9142857142857144,57.0,False,True,50,0.9032258064516128,0.9032258064516128,101.0,False,True,CoNc,1,2,False,NcCo,119,46,P119,OD1,A1,O4,0.858093126,0.858093126,0.5892
30,59,"('peace', 'concord')","24,23,4,11","18,14,7,1","4,3,1,2","4,3,2,1",0.9473684210526316,0.9473684210526316,117.0,False,True,60,0.9183673469387756,0.9183673469387756,106.0,False,True,PcNc,1,1,False,NcPc,24,100,P24,DD,A1,D1,0.935698448,0.935698448,0.3443
38,75,"('concord', 'deadlock')","24,4,21,1","20,33,2,29","4,2,3,1","2,4,1,3",0.9230769230769232,0.9230769230769232,102.0,False,True,76,0.3513513513513513,0.3513513513513513,69.0,False,True,NcDl,1,1,False,DlNc,93,16,P93,DD,A1,D3,0.88691796,0.88691796,0.5091
40,79,"('compromise', 'safecoord')","2,13,42,22","40,7,24,28","1,2,4,3","4,1,2,3",0.032258065,0.032258065,41.0,False,True,80,0.7567567567567568,0.7567567567567568,52.0,False,True,CmCo,1,1,False,CoCm,35,110,P35,OD2,A2,O3,0.926829268,0.073170732,0.3776
41,81,"('concord', 'compromise')","19,5,6,3","4,23,15,18","4,2,3,1","1,4,2,3",0.6842105263157895,0.6842105263157895,100.0,False,True,82,0.3421052631578947,0.3421052631578947,45.0,False,True,NcCm,1,1,False,CmNc,111,37,P111,DD,A1,D3,0.840354767,0.840354767,0.6335
42,83,"('compromise', 'hero')","2,3,16,11","8,20,18,10","1,2,4,3","1,4,3,2",0.071428571,0.071428571,44.0,False,True,84,0.5,0.5,88.0,False,True,CmHr,1,1,False,HrCm,32,107,P32,OD2,A2,O2,0.935698448,0.0643015519999999,0.3443
43,85,"('hero', 'hero')","3,13,39,8","1,29,24,8","1,3,4,2","1,4,3,2",0.1666666666666666,0.1666666666666666,92.0,False,True,86,0.5,0.5,92.0,False,True,HrHr,2,0,True,HrHr,62,62,P62,CO2,B4,E,0.818181818,0.181818182,0.684
45,89,"('dilemma', 'deadlock')","18,2,47,5","4,9,3,6","3,1,4,2","2,4,1,3",0.2424242424242424,0.2424242424242424,126.0,False,True,90,0.4,0.4,71.0,False,True,PdDl,1,1,False,DlPd,99,23,P99,DD,A1,D2,0.815964523,0.184035477,0.6888
50,99,"('harmony', 'deadlock')","11,9,2,1","10,31,4,11","4,3,2,1","2,4,1,3",0.8863636363636364,0.8863636363636364,78.0,False,True,100,0.2142857142857142,0.2142857142857142,67.0,False,True,HaDl,1,1,False,DlHa,88,11,P88,DD,A1,D3,0.929046563,0.929046563,0.3695
52,103,"('deadlock', 'peace')","15,1,37,18","12,2,7,6","2,1,4,3","4,1,3,2",0.2272727272727272,0.2272727272727272,70.0,False,True,104,0.8717948717948718,0.8717948717948718,114.0,False,True,DlPc,1,1,False,PcDl,9,86,P9,DD,A1,D3,0.880266075,0.119733925,0.5286
55,109,"('concord', 'safecoord')","34,13,16,12","11,1,4,7","4,2,3,1","4,1,2,3",0.8478260869565217,0.8478260869565217,101.0,False,True,110,0.8918918918918919,0.8918918918918919,57.0,False,True,NcCo,1,1,False,CoNc,46,119,P46,OD1,A1,O4,0.909090909,0.909090909,0.4395
64,127,"('peace', 'concord')","16,8,1,7","33,27,4,2","4,3,1,2","4,3,2,1",0.90625,0.90625,117.0,False,True,128,0.8,0.8,106.0,False,True,PcNc,1,1,False,NcPc,24,100,P24,DD,A1,D1,0.935698448,0.935698448,0.3443
65,129,"('safecoord', 'dilemma')","32,21,11,23","12,17,1,3","4,2,1,3","3,4,1,2",0.8888888888888888,0.8888888888888888,59.0,False,True,130,0.2909090909090909,0.2909090909090909,125.0,False,True,CoPd,1,2,False,PdCo,125,52,P125,OD2,A2,O3,0.742793792,0.742793792,0.8225
72,143,"('compromise', 'safecoord')","1,2,12,8","19,2,5,10","1,2,4,3","4,1,2,3",0.066666667,0.066666667,41.0,False,True,144,0.7,0.7,52.0,False,True,CmCo,1,1,False,CoCm,35,110,P35,OD2,A2,O3,0.926829268,0.073170732,0.3776
77,153,"('dilemma', 'peace')","11,3,37,8","30,18,26,19","3,1,4,2","4,1,3,2",0.1785714285714285,0.1785714285714285,130.0,False,True,154,0.902439024390244,0.902439024390244,119.0,False,True,PdPc,1,1,False,PcPd,105,30,P105,DD,A1,D3,0.855875831,0.144124169,0.5949
78,155,"('concord', 'deadlock')","35,21,23,1","7,25,4,8","4,2,3,1","2,4,1,3",0.813953488,0.813953488,102.0,False,True,156,0.1428571428571428,0.1428571428571428,69.0,False,True,NcDl,1,1,False,DlNc,93,16,P93,DD,A1,D3,0.88691796,0.88691796,0.5091
82,163,"('dilemma', 'harmony')","18,11,26,17","9,4,7,2","3,1,4,2","4,2,3,1",0.1515151515151515,0.1515151515151515,127.0,False,True,164,0.9210526315789472,0.9210526315789472,83.0,False,True,PdHa,1,1,False,HaPd,85,8,P85,DD,A1,D3,0.822616408,0.1773835919999999,0.6743
85,169,"('compromise', 'dilemma')","10,15,35,33","26,38,5,21","1,2,4,3","3,4,1,2",0.25,0.25,47.0,False,True,170,0.052631579,0.052631579,124.0,False,True,CmPd,1,1,False,PdCm,42,116,P42,DD,A1,D2,0.840354767,0.159645233,0.6335
92,183,"('safecoord', 'safecoord')","30,21,1,22","38,2,10,11","4,2,1,3","4,1,2,3",0.8888888888888888,0.8888888888888888,53.0,False,True,184,1.0,1.0,53.0,False,True,CoCo,2,0,True,CoCo,60,60,P60,CO1,A1,C,0.849223947,0.849223947,0.6118
93,185,"('deadlock', 'deadlock')","5,1,9,8","6,25,2,10","2,1,4,3","2,4,1,3",0.2040816326530612,0.2040816326530612,66.0,False,True,186,0.073170732,0.073170732,66.0,False,True,DlDl,1,1,True,DlDl,21,21,P21,DD,A1,D2,0.862527716,0.137472284,0.5776
94,187,"('dilemma', 'safecoord')","18,1,46,2","14,3,8,9","3,1,4,2","4,1,2,3",0.1891891891891892,0.1891891891891892,125.0,False,True,188,0.78,0.78,59.0,False,True,PdCo,1,1,False,CoPd,52,125,P52,OD2,A2,O3,0.776053215,0.2239467849999999,0.7673
95,189,"('harmony', 'dilemma')","22,8,5,2","21,27,2,10","4,3,2,1","3,4,1,2",0.8823529411764706,0.8823529411764706,83.0,False,True,190,0.3947368421052631,0.3947368421052631,127.0,False,True,HaPd,1,1,False,PdHa,8,85,P8,DD,A1,D3,0.920177384,0.920177384,0.4016
98,195,"('peace', 'concord')","28,11,4,6","33,15,5,1","4,3,1,2","4,3,2,1",0.868421053,0.868421053,117.0,False,True,196,0.8888888888888888,0.8888888888888888,106.0,False,True,PcNc,1,1,False,NcPc,24,100,P24,DD,A1,D1,0.935698448,0.935698448,0.3443
101,201,"('dilemma', 'hero')","15,1,23,13","2,29,11,4","3,1,4,2","1,4,3,2",0.1724137931034483,0.1724137931034483,128.0,False,True,202,0.4736842105263157,0.4736842105263157,95.0,False,True,PdHr,1,1,False,HrPd,49,122,P49,OD2,A2,O2,0.924611973,0.075388027,0.3857
104,207,"('deadlock', 'hero')","10,5,14,12","1,18,12,7","2,1,4,3","1,4,3,2",0.065217391,0.065217391,68.0,False,True,208,0.4,0.4,90.0,False,True,DlHr,1,1,False,HrDl,10,87,P10,OD2,A2,O2,0.909090909,0.090909091,0.4395
105,209,"('compromise', 'hero')","3,4,37,7","1,30,13,7","1,2,4,3","1,4,3,2",0.1707317073170731,0.1707317073170731,44.0,False,True,210,0.4324324324324324,0.4324324324324324,88.0,False,True,CmHr,1,1,False,HrCm,32,107,P32,OD2,A2,O2,0.935698448,0.0643015519999999,0.3443
111,221,"('dilemma', 'compromise')","5,1,14,3","7,20,14,15","3,1,4,2","1,4,2,3",0.078947368,0.078947368,124.0,False,True,222,0.3684210526315789,0.3684210526315789,47.0,False,True,PdCm,1,1,False,CmPd,116,42,P116,DD,A1,D2,0.880266075,0.119733925,0.5286
112,223,"('concord', 'peace')","17,11,13,3","19,1,18,7","4,2,3,1","4,1,3,2",0.9310344827586208,0.9310344827586208,106.0,False,True,224,0.8604651162790697,0.8604651162790697,117.0,False,True,NcPc,1,1,False,PcNc,100,24,P100,DD,A1,D1,0.88691796,0.88691796,0.5091
114,227,"('dilemma', 'safecoord')","7,1,13,4","24,4,18,23","3,1,4,2","4,1,2,3",0.076923077,0.076923077,125.0,False,True,228,0.7619047619047619,0.7619047619047619,59.0,False,True,PdCo,1,1,False,CoPd,52,125,P52,OD2,A2,O3,0.776053215,0.2239467849999999,0.7673
116,231,"('deadlock', 'safecoord')","2,1,12,8","40,3,7,11","2,1,4,3","4,1,2,3",0.1162790697674418,0.1162790697674418,65.0,False,True,232,0.7586206896551724,0.7586206896551724,54.0,False,True,DlCo,1,1,False,CoDl,14,91,P14,OD2,A2,O3,0.924611973,0.075388027,0.3857
117,233,"('compromise', 'dilemma')","3,4,30,9","12,26,2,6","1,2,4,3","3,4,1,2",0.125,0.125,47.0,False,True,234,0.1521739130434782,0.1521739130434782,124.0,False,True,CmPd,1,1,False,PdCm,42,116,P42,DD,A1,D2,0.840354767,0.159645233,0.6335
123,245,"('compromise', 'hero')","1,16,32,19","1,25,13,2","1,2,4,3","1,4,3,2",0.3111111111111111,0.3111111111111111,44.0,False,True,246,0.5,0.5,88.0,False,True,CmHr,1,1,False,HrCm,32,107,P32,OD2,A2,O2,0.935698448,0.0643015519999999,0.3443
124,247,"('harmony', 'dilemma')","19,18,2,1","13,27,1,5","4,3,2,1","3,4,1,2",0.9069767441860463,0.9069767441860463,83.0,False,True,248,0.085714286,0.085714286,127.0,False,True,HaPd,1,1,False,PdHa,8,85,P8,DD,A1,D3,0.920177384,0.920177384,0.4016
132,263,"('safecoord', 'peace')","18,7,1,10","30,1,13,6","4,2,1,3","4,1,3,2",0.8095238095238095,0.8095238095238095,58.0,False,True,264,0.926829268,0.926829268,113.0,False,True,CoPc,1,2,False,PcCo,103,28,P103,OD1,A1,O4,0.838137472,0.838137472,0.6387
134,267,"('compromise', 'hero')","1,9,33,17","1,18,11,2","1,2,4,3","1,4,3,2",0.125,0.125,44.0,False,True,268,0.5208333333333334,0.5208333333333334,88.0,False,True,CmHr,1,1,False,HrCm,32,107,P32,OD2,A2,O2,0.935698448,0.0643015519999999,0.3443
137,273,"('harmony', 'peace')","33,11,8,1","32,1,10,2","4,3,2,1","4,1,3,2",0.9444444444444444,0.9444444444444444,82.0,False,True,274,0.9333333333333332,0.9333333333333332,115.0,False,True,HaPc,1,1,False,PcHa,5,82,P5,DD,A1,D1,0.904656319,0.904656319,0.4541
138,275,"('dilemma', 'concord')","10,4,12,9","28,18,15,1","3,1,4,2","4,3,2,1",0.3260869565217391,0.3260869565217391,129.0,False,True,276,0.9166666666666666,0.9166666666666666,107.0,False,True,PdNc,1,1,False,NcPd,121,48,P121,DD,A1,D3,0.747228381,0.252771619,0.8156
141,281,"('harmony', 'deadlock')","23,8,7,1","8,36,2,31","4,3,2,1","2,4,1,3",0.9019607843137256,0.9019607843137256,78.0,False,True,282,0.1052631578947368,0.1052631578947368,67.0,False,True,HaDl,1,1,False,DlHa,88,11,P88,DD,A1,D3,0.929046563,0.929046563,0.3695
142,283,"('compromise', 'safecoord')","6,12,45,15","32,2,7,15","1,2,4,3","4,1,2,3",0.0,0.0,41.0,False,True,284,0.7222222222222222,0.7222222222222222,52.0,False,True,CmCo,1,1,False,CoCm,35,110,P35,OD2,A2,O3,0.926829268,0.073170732,0.3776
146,291,"('safecoord', 'compromise')","42,6,1,18","7,22,8,12","4,2,1,3","1,4,2,3",0.8064516129032258,0.8064516129032258,52.0,False,True,292,0.1578947368421052,0.1578947368421052,41.0,False,True,CoCm,1,2,False,CmCo,110,35,P110,OD2,A2,O3,0.636363636,0.636363636,0.9457
148,295,"('hero', 'deadlock')","5,16,27,9","18,23,12,21","1,3,4,2","2,4,1,3",0.3333333333333333,0.3333333333333333,90.0,False,True,296,0.1142857142857142,0.1142857142857142,68.0,False,True,HrDl,1,2,False,DlHr,87,10,P87,OD2,A2,O2,0.594235033,0.405764967,0.9742
149,297,"('deadlock', 'deadlock')","3,1,17,14","20,34,4,21","2,1,4,3","2,4,1,3",0.073170732,0.073170732,66.0,False,True,298,0.1538461538461538,0.1538461538461538,66.0,False,True,DlDl,1,1,True,DlDl,21,21,P21,DD,A1,D2,0.862527716,0.137472284,0.5776
151,301,"('peace', 'dilemma')","23,9,6,7","13,16,1,10","4,3,1,2","3,4,1,2",0.8888888888888888,0.8888888888888888,119.0,False,True,302,0.375,0.375,130.0,False,True,PcPd,1,1,False,PdPc,30,105,P30,DD,A1,D3,0.875831486,0.875831486,0.5412
153,305,"('safecoord', 'dilemma')","23,13,3,17","15,40,3,4","4,2,1,3","3,4,1,2",0.75,0.75,59.0,False,True,306,0.28125,0.28125,125.0,False,True,CoPd,1,2,False,PdCo,125,52,P125,OD2,A2,O3,0.742793792,0.742793792,0.8225
154,307,"('dilemma', 'concord')","9,1,18,4","25,23,19,4","3,1,4,2","4,3,2,1",0.2058823529411764,0.2058823529411764,129.0,False,True,308,0.8648648648648649,0.8648648648648649,107.0,False,True,PdNc,1,1,False,NcPd,121,48,P121,DD,A1,D3,0.747228381,0.252771619,0.8156
159,317,"('safecoord', 'dilemma')","23,10,9,19","7,12,2,3","4,2,1,3","3,4,1,2",0.8809523809523809,0.8809523809523809,59.0,False,True,318,0.25,0.25,125.0,False,True,CoPd,1,2,False,PdCo,125,52,P125,OD2,A2,O3,0.742793792,0.742793792,0.8225
160,319,"('dilemma', 'deadlock')","10,3,11,5","3,23,2,19","3,1,4,2","2,4,1,3",0.3243243243243243,0.3243243243243243,126.0,False,True,320,0.1351351351351351,0.1351351351351351,71.0,False,True,PdDl,1,1,False,DlPd,99,23,P99,DD,A1,D2,0.815964523,0.184035477,0.6888
163,325,"('dilemma', 'compromise')","12,7,39,8","1,15,10,14","3,1,4,2","1,4,2,3",0.1363636363636363,0.1363636363636363,124.0,False,True,326,0.2352941176470588,0.2352941176470588,47.0,False,True,PdCm,1,1,False,CmPd,116,42,P116,DD,A1,D2,0.880266075,0.119733925,0.5286
165,329,"('dilemma', 'deadlock')","19,1,45,11","17,34,2,20","3,1,4,2","2,4,1,3",0.2941176470588235,0.2941176470588235,126.0,False,True,330,0.2972972972972973,0.2972972972972973,71.0,False,True,PdDl,1,1,False,DlPd,99,23,P99,DD,A1,D2,0.815964523,0.184035477,0.6888
166,331,"('compromise', 'peace')","3,8,37,11","41,2,28,24","1,2,4,3","4,1,3,2",0.0588235294117647,0.0588235294117647,46.0,False,True,332,1.0,1.0,112.0,False,True,CmPc,1,1,False,PcCm,31,106,P31,DD,A1,D3,0.911308204,0.0886917959999999,0.4321
168,335,"('safecoord', 'concord')","31,6,2,7","24,17,11,7","4,2,1,3","4,3,2,1",0.8636363636363636,0.8636363636363636,57.0,False,True,336,0.7714285714285715,0.7714285714285715,101.0,False,True,CoNc,1,2,False,NcCo,119,46,P119,OD1,A1,O4,0.858093126,0.858093126,0.5892
171,341,"('dilemma', 'dilemma')","22,1,38,13","3,20,1,2","3,1,4,2","3,4,1,2",0.1351351351351351,0.1351351351351351,131.0,False,True,342,0.3611111111111111,0.3611111111111111,131.0,False,True,PdPd,1,1,True,PdPd,57,57,P57,DD,B1,D2,0.678492239,0.321507761,0.906
172,343,"('hero', 'harmony')","5,8,44,7","36,9,18,2","1,3,4,2","4,2,3,1",0.16,0.16,91.0,False,True,344,0.7857142857142857,0.7857142857142857,80.0,False,True,HrHa,1,2,False,HaHr,95,18,P95,OD1,A1,O1,0.838137472,0.161862528,0.6387
173,345,"('concord', 'concord')","31,4,25,3","37,24,17,1","4,2,3,1","4,3,2,1",0.8333333333333334,0.8333333333333334,105.0,False,True,346,0.9090909090909092,0.9090909090909092,105.0,False,True,NcNc,1,1,True,NcNc,43,43,P43,DD,A1,D1,0.849223947,0.849223947,0.6118
178,355,"('deadlock', 'safecoord')","23,7,29,27","15,1,6,14","2,1,4,3","4,1,2,3",0.2195121951219512,0.2195121951219512,65.0,False,True,356,0.7105263157894737,0.7105263157894737,54.0,False,True,DlCo,1,1,False,CoDl,14,91,P14,OD2,A2,O3,0.924611973,0.075388027,0.3857
179,357,"('hero', 'concord')","1,10,20,8","20,12,4,3","1,3,4,2","4,3,2,1",0.358974359,0.358974359,93.0,False,True,358,0.6585365853658537,0.6585365853658537,104.0,False,True,HrNc,1,2,False,NcHr,127,54,P127,OD1,B1,O1,0.707317073,0.292682927,0.8722
184,367,"('peace', 'compromise')","38,10,2,7","7,22,11,18","4,3,1,2","1,4,2,3",0.7894736842105263,0.7894736842105263,112.0,False,True,368,0.068181818,0.068181818,46.0,False,True,PcCm,1,1,False,CmPc,106,31,P106,DD,A1,D3,0.88248337,0.88248337,0.5222
185,369,"('peace', 'dilemma')","22,14,6,12","15,17,7,13","4,3,1,2","3,4,1,2",0.8837209302325582,0.8837209302325582,119.0,False,True,370,0.2903225806451613,0.2903225806451613,130.0,False,True,PcPd,1,1,False,PdPc,30,105,P30,DD,A1,D3,0.875831486,0.875831486,0.5412
186,371,"('hero', 'dilemma')","17,35,46,27","5,12,3,4","1,3,4,2","3,4,1,2",0.5897435897435898,0.5897435897435898,95.0,False,True,372,0.1818181818181818,0.1818181818181818,128.0,False,True,HrPd,1,2,False,PdHr,122,49,P122,OD2,A2,O2,0.66962306,0.3303769399999999,0.9153
188,375,"('compromise', 'compromise')","1,3,46,37","1,32,5,6","1,2,4,3","1,4,2,3",0.1714285714285714,0.1714285714285714,40.0,False,True,376,0.1666666666666666,0.1666666666666666,40.0,False,True,CmCm,1,1,True,CmCm,36,36,P36,DD,A1,D2,0.898004435,0.1019955649999999,0.4753
190,379,"('deadlock', 'peace')","19,1,28,23","37,11,18,12","2,1,4,3","4,1,3,2",0.1428571428571428,0.1428571428571428,70.0,False,True,380,0.9375,0.9375,114.0,False,True,DlPc,1,1,False,PcDl,9,86,P9,DD,A1,D3,0.880266075,0.119733925,0.5286
191,381,"('harmony', 'compromise')","30,24,3,1","4,38,8,36","4,3,2,1","1,4,2,3",0.9534883720930232,0.9534883720930232,76.0,False,True,382,0.0,0.0,43.0,False,True,HaCm,1,1,False,CmHa,19,96,P19,DD,A1,D3,0.900221729,0.900221729,0.4683
192,383,"('harmony', 'harmony')","25,15,10,2","42,5,24,3","4,3,2,1","4,2,3,1",0.9428571428571428,0.9428571428571428,79.0,False,True,384,0.9090909090909092,0.9090909090909092,79.0,False,True,HaHa,1,1,True,HaHa,3,3,P3,DD,A1,D1,0.935698448,0.935698448,0.3443
196,391,"('peace', 'safecoord')","31,3,1,2","32,6,20,21","4,3,1,2","4,1,2,3",0.9130434782608696,0.9130434782608696,113.0,False,True,392,0.8666666666666667,0.8666666666666667,58.0,False,True,PcCo,1,1,False,CoPc,28,103,P28,OD1,A1,O4,0.902439024,0.902439024,0.4612
199,397,"('dilemma', 'concord')","8,1,14,4","32,26,9,2","3,1,4,2","4,3,2,1",0.2972972972972973,0.2972972972972973,129.0,False,True,398,0.902439024390244,0.902439024390244,107.0,False,True,PdNc,1,1,False,NcPd,121,48,P121,DD,A1,D3,0.747228381,0.252771619,0.8156
200,399,"('concord', 'harmony')","23,12,20,10","17,4,9,1","4,2,3,1","4,2,3,1",0.8181818181818182,0.8181818181818182,103.0,False,True,400,0.9230769230769232,0.9230769230769232,81.0,False,True,NcHa,1,1,False,HaNc,79,1,P79,DD,A1,D1,0.917960089,0.917960089,0.4093
204,407,"('hero', 'concord')","1,10,34,9","21,20,14,3","1,3,4,2","4,3,2,1",0.03125,0.03125,93.0,False,True,408,0.8787878787878788,0.8787878787878788,104.0,False,True,HrNc,1,2,False,NcHr,127,54,P127,OD1,B1,O1,0.707317073,0.292682927,0.8722
212,423,"('deadlock', 'concord')","19,15,35,30","33,20,16,2","2,1,4,3","4,3,2,1",0.3157894736842105,0.3157894736842105,69.0,False,True,424,0.9333333333333332,0.9333333333333332,102.0,False,True,DlNc,1,1,False,NcDl,16,93,P16,DD,A1,D3,0.840354767,0.159645233,0.6335
213,425,"('concord', 'compromise')","24,11,18,1","3,15,11,12","4,2,3,1","1,4,2,3",0.8333333333333334,0.8333333333333334,100.0,False,True,426,0.2564102564102564,0.2564102564102564,45.0,False,True,NcCm,1,1,False,CmNc,111,37,P111,DD,A1,D3,0.840354767,0.840354767,0.6335
215,429,"('dilemma', 'dilemma')","17,5,23,9","7,10,2,3","3,1,4,2","3,4,1,2",0.3428571428571428,0.3428571428571428,131.0,False,True,430,0.303030303030303,0.303030303030303,131.0,False,True,PdPd,1,1,True,PdPd,57,57,P57,DD,B1,D2,0.678492239,0.321507761,0.906
216,431,"('hero', 'concord')","5,13,43,8","17,12,2,1","1,3,4,2","4,3,2,1",0.3939393939393939,0.3939393939393939,93.0,False,True,432,0.8378378378378378,0.8378378378378378,104.0,False,True,HrNc,1,2,False,NcHr,127,54,P127,OD1,B1,O1,0.707317073,0.292682927,0.8722
218,435,"('deadlock', 'harmony')","6,1,32,14","20,8,11,1","2,1,4,3","4,2,3,1",0.1153846153846153,0.1153846153846153,67.0,False,True,436,0.8536585365853658,0.8536585365853658,78.0,False,True,DlHa,1,1,False,HaDl,11,88,P11,DD,A1,D3,0.917960089,0.0820399109999999,0.4093
219,437,"('safecoord', 'dilemma')","33,3,2,4","8,11,1,5","4,2,1,3","3,4,1,2",0.9523809523809524,0.9523809523809524,59.0,False,True,438,0.3,0.3,125.0,False,True,CoPd,1,2,False,PdCo,125,52,P125,OD2,A2,O3,0.742793792,0.742793792,0.8225
220,439,"('hero', 'deadlock')","4,14,38,10","18,29,13,21","1,3,4,2","2,4,1,3",0.3125,0.3125,90.0,False,True,440,0.2,0.2,68.0,False,True,HrDl,1,2,False,DlHr,87,10,P87,OD2,A2,O2,0.594235033,0.405764967,0.9742
222,443,"('deadlock', 'hero')","5,1,37,6","3,31,8,5","2,1,4,3","1,4,3,2",0.1333333333333333,0.1333333333333333,68.0,False,True,444,0.3478260869565217,0.3478260869565217,90.0,False,True,DlHr,1,1,False,HrDl,10,87,P10,OD2,A2,O2,0.909090909,0.090909091,0.4395
223,445,"('peace', 'deadlock')","16,12,1,2","5,13,4,8","4,3,1,2","2,4,1,3",1.0,1.0,114.0,False,True,446,0.073170732,0.073170732,70.0,False,True,PcDl,1,1,False,DlPc,86,9,P86,DD,A1,D3,0.940133038,0.940133038,0.3269
226,451,"('safecoord', 'peace')","35,13,6,17","18,3,8,7","4,2,1,3","4,1,3,2",0.9333333333333332,0.9333333333333332,58.0,False,True,452,0.9,0.9,113.0,False,True,CoPc,1,2,False,PcCo,103,28,P103,OD1,A1,O4,0.838137472,0.838137472,0.6387
231,461,"('dilemma', 'harmony')","11,2,15,7","30,8,12,6","3,1,4,2","4,2,3,1",0.2857142857142857,0.2857142857142857,127.0,False,True,462,0.975,0.975,83.0,False,True,PdHa,1,1,False,HaPd,85,8,P85,DD,A1,D3,0.822616408,0.1773835919999999,0.6743
236,471,"('peace', 'harmony')","29,9,1,4","42,37,38,11","4,3,1,2","4,2,3,1",0.8888888888888888,0.8888888888888888,115.0,False,True,472,0.8888888888888888,0.8888888888888888,82.0,False,True,PcHa,1,1,False,HaPc,82,5,P82,DD,A1,D1,0.933481153,0.933481153,0.3528
240,479,"('compromise', 'deadlock')","3,9,16,13","4,25,2,7","1,2,4,3","2,4,1,3",0.1875,0.1875,42.0,False,True,480,0.09375,0.09375,64.0,False,True,CmDl,1,1,False,DlCm,92,15,P92,DD,A1,D2,0.89135255,0.1086474499999999,0.4958
241,481,"('peace', 'hero')","17,7,1,2","7,28,22,11","4,3,1,2","1,4,3,2",0.9696969696969696,0.9696969696969696,116.0,False,True,482,0.3414634146341463,0.3414634146341463,94.0,False,True,PcHr,1,1,False,HrPc,39,113,P39,OD1,A1,O1,0.884700665,0.884700665,0.5157
244,487,"('safecoord', 'peace')","33,4,3,9","21,2,18,3","4,2,1,3","4,1,3,2",0.8857142857142857,0.8857142857142857,58.0,False,True,488,0.8863636363636364,0.8863636363636364,113.0,False,True,CoPc,1,2,False,PcCo,103,28,P103,OD1,A1,O4,0.838137472,0.838137472,0.6387
246,491,"('concord', 'harmony')","14,7,8,5","31,10,13,9","4,2,3,1","4,2,3,1",0.8863636363636364,0.8863636363636364,103.0,False,True,492,0.9736842105263158,0.9736842105263158,81.0,False,True,NcHa,1,1,False,HaNc,79,1,P79,DD,A1,D1,0.917960089,0.917960089,0.4093
261,521,"('compromise', 'peace')","3,17,25,20","24,1,13,10","1,2,4,3","4,1,3,2",0.1071428571428571,0.1071428571428571,46.0,False,True,522,0.9615384615384616,0.9615384615384616,112.0,False,True,CmPc,1,1,False,PcCm,31,106,P31,DD,A1,D3,0.911308204,0.0886917959999999,0.4321
262,523,"('safecoord', 'concord')","39,17,6,24","29,20,14,10","4,2,1,3","4,3,2,1",0.8333333333333334,0.8333333333333334,57.0,False,True,524,0.8604651162790697,0.8604651162790697,101.0,False,True,CoNc,1,2,False,NcCo,119,46,P119,OD1,A1,O4,0.858093126,0.858093126,0.5892
263,525,"('compromise', 'deadlock')","1,7,27,13","5,41,2,7","1,2,4,3","2,4,1,3",0.1764705882352941,0.1764705882352941,42.0,False,True,526,0.073170732,0.073170732,64.0,False,True,CmDl,1,1,False,DlCm,92,15,P92,DD,A1,D2,0.89135255,0.1086474499999999,0.4958
267,533,"('peace', 'deadlock')","23,12,4,11","9,43,6,17","4,3,1,2","2,4,1,3",0.7906976744186046,0.7906976744186046,114.0,False,True,534,0.0222222222222222,0.0222222222222222,70.0,False,True,PcDl,1,1,False,DlPc,86,9,P86,DD,A1,D3,0.940133038,0.940133038,0.3269
268,535,"('harmony', 'hero')","19,11,7,4","2,37,14,3","4,3,2,1","1,4,3,2",0.896551724,0.896551724,80.0,False,True,536,0.1904761904761904,0.1904761904761904,91.0,False,True,HaHr,1,1,False,HrHa,18,95,P18,OD1,A1,O1,0.902439024,0.902439024,0.4612
270,539,"('concord', 'concord')","28,4,8,1","10,9,8,5","4,2,3,1","4,3,2,1",0.8444444444444444,0.8444444444444444,105.0,False,True,540,0.9090909090909092,0.9090909090909092,105.0,False,True,NcNc,1,1,True,NcNc,43,43,P43,DD,A1,D1,0.849223947,0.849223947,0.6118
272,543,"('compromise', 'hero')","6,8,40,20","4,13,10,8","1,2,4,3","1,4,3,2",0.085714286,0.085714286,44.0,False,True,544,0.5,0.5,88.0,False,True,CmHr,1,1,False,HrCm,32,107,P32,OD2,A2,O2,0.935698448,0.0643015519999999,0.3443
273,545,"('safecoord', 'concord')","30,3,1,20","21,17,9,1","4,2,1,3","4,3,2,1",0.7631578947368421,0.7631578947368421,57.0,False,True,546,1.0,1.0,101.0,False,True,CoNc,1,2,False,NcCo,119,46,P119,OD1,A1,O4,0.858093126,0.858093126,0.5892
278,555,"('peace', 'compromise')","34,9,1,6","10,14,11,13","4,3,1,2","1,4,2,3",0.9428571428571428,0.9428571428571428,112.0,False,True,556,0.2926829268292683,0.2926829268292683,46.0,False,True,PcCm,1,1,False,CmPc,106,31,P106,DD,A1,D3,0.88248337,0.88248337,0.5222
283,565,"('harmony', 'safecoord')","21,17,9,4","21,3,13,18","4,3,2,1","4,1,2,3",0.975609756,0.975609756,77.0,False,True,566,0.9555555555555556,0.9555555555555556,55.0,False,True,HaCo,1,1,False,CoHa,6,83,P6,OD1,A1,O4,0.920177384,0.920177384,0.4016
286,571,"('dilemma', 'dilemma')","22,3,26,16","19,34,6,10","3,1,4,2","3,4,1,2",0.2285714285714285,0.2285714285714285,131.0,False,True,572,0.2571428571428571,0.2571428571428571,131.0,False,True,PdPd,1,1,True,PdPd,57,57,P57,DD,B1,D2,0.678492239,0.321507761,0.906
287,573,"('safecoord', 'dilemma')","39,23,17,27","10,23,1,4","4,2,1,3","3,4,1,2",0.8611111111111112,0.8611111111111112,59.0,False,True,574,0.15,0.15,125.0,False,True,CoPd,1,2,False,PdCo,125,52,P125,OD2,A2,O3,0.742793792,0.742793792,0.8225
290,579,"('concord', 'dilemma')","21,5,10,3","15,36,7,13","4,2,3,1","3,4,1,2",0.8717948717948718,0.8717948717948718,107.0,False,True,580,0.36,0.36,129.0,False,True,NcPd,1,1,False,PdNc,48,121,P48,DD,A1,D3,0.88248337,0.88248337,0.5222
293,585,"('dilemma', 'compromise')","10,2,19,7","3,29,14,16","3,1,4,2","1,4,2,3",0.0434782608695652,0.0434782608695652,124.0,False,True,586,0.35,0.35,47.0,False,True,PdCm,1,1,False,CmPd,116,42,P116,DD,A1,D2,0.880266075,0.119733925,0.5286
300,599,"('deadlock', 'compromise')","10,2,22,11","1,48,13,26","2,1,4,3","1,4,2,3",0.0232558139534883,0.0232558139534883,64.0,False,True,600,0.15625,0.15625,42.0,False,True,DlCm,1,1,False,CmDl,15,92,P15,DD,A1,D2,0.937915743,0.0620842569999999,0.3357
307,613,"('concord', 'hero')","15,12,14,2","10,38,27,13","4,2,3,1","1,4,3,2",0.8596491228070176,0.8596491228070176,104.0,False,True,614,0.3333333333333333,0.3333333333333333,93.0,False,True,NcHr,1,1,False,HrNc,54,127,P54,OD1,B1,O1,0.671840355,0.671840355,0.913
308,615,"('dilemma', 'harmony')","11,1,13,4","14,8,12,4","3,1,4,2","4,2,3,1",0.25,0.25,127.0,False,True,616,0.9361702127659576,0.9361702127659576,83.0,False,True,PdHa,1,1,False,HaPd,85,8,P85,DD,A1,D3,0.822616408,0.1773835919999999,0.6743
313,625,"('safecoord', 'peace')","16,6,1,14","19,2,17,16","4,2,1,3","4,1,3,2",0.7727272727272727,0.7727272727272727,58.0,False,True,626,1.0,1.0,113.0,False,True,CoPc,1,2,False,PcCo,103,28,P103,OD1,A1,O4,0.838137472,0.838137472,0.6387
314,627,"('deadlock', 'hero')","7,3,17,13","5,38,29,11","2,1,4,3","1,4,3,2",0.0277777777777777,0.0277777777777777,68.0,False,True,628,0.5277777777777778,0.5277777777777778,90.0,False,True,DlHr,1,1,False,HrDl,10,87,P10,OD2,A2,O2,0.909090909,0.090909091,0.4395
315,629,"('harmony', 'compromise')","18,12,8,1","5,13,9,10","4,3,2,1","1,4,2,3",0.9736842105263158,0.9736842105263158,76.0,False,True,630,0.1891891891891892,0.1891891891891892,43.0,False,True,HaCm,1,1,False,CmHa,19,96,P19,DD,A1,D3,0.900221729,0.900221729,0.4683
316,631,"('concord', 'hero')","20,9,15,5","5,30,28,8","4,2,3,1","1,4,3,2",0.5952380952380952,0.5952380952380952,104.0,False,True,632,0.391304348,0.391304348,93.0,False,True,NcHr,1,1,False,HrNc,54,127,P54,OD1,B1,O1,0.671840355,0.671840355,0.913
322,643,"('peace', 'deadlock')","19,14,5,13","14,29,12,27","4,3,1,2","2,4,1,3",0.9130434782608696,0.9130434782608696,114.0,False,True,644,0.131578947368421,0.131578947368421,70.0,False,True,PcDl,1,1,False,DlPc,86,9,P86,DD,A1,D3,0.940133038,0.940133038,0.3269
324,647,"('harmony', 'harmony')","40,25,21,6","17,10,13,8","4,3,2,1","4,2,3,1",0.9230769230769232,0.9230769230769232,79.0,False,True,648,0.951219512195122,0.951219512195122,79.0,False,True,HaHa,1,1,True,HaHa,3,3,P3,DD,A1,D1,0.935698448,0.935698448,0.3443
325,649,"('safecoord', 'dilemma')","37,6,4,35","19,31,2,10","4,2,1,3","3,4,1,2",0.71875,0.71875,59.0,False,True,650,0.3076923076923077,0.3076923076923077,125.0,False,True,CoPd,1,2,False,PdCo,125,52,P125,OD2,A2,O3,0.742793792,0.742793792,0.8225
327,653,"('hero', 'deadlock')","1,7,14,5","2,15,1,3","1,3,4,2","2,4,1,3",0.3333333333333333,0.3333333333333333,90.0,False,True,654,0.057142857,0.057142857,68.0,False,True,HrDl,1,2,False,DlHr,87,10,P87,OD2,A2,O2,0.594235033,0.405764967,0.9742
334,667,"('compromise', 'safecoord')","4,10,28,14","39,5,7,25","1,2,4,3","4,1,2,3",0.085714286,0.085714286,41.0,False,True,668,0.675,0.675,52.0,False,True,CmCo,1,1,False,CoCm,35,110,P35,OD2,A2,O3,0.926829268,0.073170732,0.3776
336,671,"('peace', 'hero')","22,17,3,4","7,29,24,21","4,3,1,2","1,4,3,2",0.935483870967742,0.935483870967742,116.0,False,True,672,0.095238095,0.095238095,94.0,False,True,PcHr,1,1,False,HrPc,39,113,P39,OD1,A1,O1,0.884700665,0.884700665,0.5157
338,675,"('safecoord', 'safecoord')","21,3,1,17","39,6,8,9","4,2,1,3","4,1,2,3",0.9583333333333334,0.9583333333333334,53.0,False,True,676,0.8333333333333334,0.8333333333333334,53.0,False,True,CoCo,2,0,True,CoCo,60,60,P60,CO1,A1,C,0.849223947,0.849223947,0.6118
340,679,"('deadlock', 'concord')","10,4,30,20","26,20,8,2","2,1,4,3","4,3,2,1",0.2272727272727272,0.2272727272727272,69.0,False,True,680,0.96875,0.96875,102.0,False,True,DlNc,1,1,False,NcDl,16,93,P16,DD,A1,D3,0.840354767,0.159645233,0.6335
342,683,"('deadlock', 'harmony')","5,3,14,13","32,8,18,3","2,1,4,3","4,2,3,1",0.0294117647058823,0.0294117647058823,67.0,False,True,684,0.8125,0.8125,78.0,False,True,DlHa,1,1,False,HaDl,11,88,P11,DD,A1,D3,0.917960089,0.0820399109999999,0.4093
343,685,"('safecoord', 'harmony')","27,4,2,8","23,11,21,9","4,2,1,3","4,2,3,1",0.9772727272727272,0.9772727272727272,55.0,False,True,686,0.8648648648648649,0.8648648648648649,77.0,False,True,CoHa,1,2,False,HaCo,83,6,P83,OD1,A1,O4,0.871396896,0.871396896,0.5536
344,687,"('concord', 'peace')","35,5,6,1","25,4,13,5","4,2,3,1","4,1,3,2",0.8780487804878049,0.8780487804878049,106.0,False,True,688,0.8484848484848485,0.8484848484848485,117.0,False,True,NcPc,1,1,False,PcNc,100,24,P100,DD,A1,D1,0.88691796,0.88691796,0.5091
346,691,"('concord', 'hero')","18,9,15,1","1,10,6,3","4,2,3,1","1,4,3,2",0.8387096774193549,0.8387096774193549,104.0,False,True,692,0.217391304347826,0.217391304347826,93.0,False,True,NcHr,1,1,False,HrNc,54,127,P54,OD1,B1,O1,0.671840355,0.671840355,0.913
354,707,"('hero', 'compromise')","1,6,13,3","1,29,2,15","1,3,4,2","1,4,2,3",0.4634146341463415,0.4634146341463415,88.0,False,True,708,0.1351351351351351,0.1351351351351351,44.0,False,True,HrCm,1,2,False,CmHr,107,32,P107,OD2,A2,O2,0.682926829,0.317073171,0.9012
356,711,"('compromise', 'concord')","1,2,7,3","40,16,10,3","1,2,4,3","4,3,2,1",0.1282051282051282,0.1282051282051282,45.0,False,True,712,0.8421052631578947,0.8421052631578947,100.0,False,True,CmNc,1,1,False,NcCm,37,111,P37,DD,A1,D3,0.853658537,0.1463414629999999,0.6006
360,719,"('compromise', 'deadlock')","1,10,27,17","10,16,2,14","1,2,4,3","2,4,1,3",0.071428571,0.071428571,42.0,False,True,720,0.1111111111111111,0.1111111111111111,64.0,False,True,CmDl,1,1,False,DlCm,92,15,P92,DD,A1,D2,0.89135255,0.1086474499999999,0.4958
363,725,"('hero', 'concord')","3,17,27,4","38,23,6,1","1,3,4,2","4,3,2,1",0.36,0.36,93.0,False,True,726,0.7391304347826086,0.7391304347826086,104.0,False,True,HrNc,1,2,False,NcHr,127,54,P127,OD1,B1,O1,0.707317073,0.292682927,0.8722
378,755,"('compromise', 'harmony')","2,7,28,13","7,5,6,1","1,2,4,3","4,2,3,1",0.1515151515151515,0.1515151515151515,43.0,False,True,756,0.92,0.92,76.0,False,True,CmHa,1,1,False,HaCm,96,19,P96,DD,A1,D3,0.871396896,0.1286031039999999,0.5536
382,763,"('hero', 'compromise')","6,11,37,9","7,45,21,32","1,3,4,2","1,4,2,3",0.1951219512195122,0.1951219512195122,88.0,False,True,764,0.3265306122448979,0.3265306122448979,44.0,False,True,HrCm,1,2,False,CmHr,107,32,P107,OD2,A2,O2,0.682926829,0.317073171,0.9012
386,771,"('deadlock', 'concord')","5,1,23,16","29,27,16,7","2,1,4,3","4,3,2,1",0.064516129,0.064516129,69.0,False,True,772,0.9142857142857144,0.9142857142857144,102.0,False,True,DlNc,1,1,False,NcDl,16,93,P16,DD,A1,D3,0.840354767,0.159645233,0.6335
388,775,"('hero', 'compromise')","6,14,30,8","1,20,5,16","1,3,4,2","1,4,2,3",0.4722222222222222,0.4722222222222222,88.0,False,True,776,0.075,0.075,44.0,False,True,HrCm,1,2,False,CmHr,107,32,P107,OD2,A2,O2,0.682926829,0.317073171,0.9012
392,783,"('hero', 'hero')","2,10,37,6","1,21,20,13","1,3,4,2","1,4,3,2",0.125,0.125,92.0,False,True,784,0.3846153846153846,0.3846153846153846,92.0,False,True,HrHr,2,0,True,HrHr,62,62,P62,CO2,B4,E,0.818181818,0.181818182,0.684
395,789,"('harmony', 'concord')","32,25,19,5","16,15,4,2","4,3,2,1","4,3,2,1",0.7857142857142857,0.7857142857142857,81.0,False,True,790,0.8478260869565217,0.8478260869565217,103.0,False,True,HaNc,1,1,False,NcHa,1,79,P1,DD,A1,D1,0.942350333,0.942350333,0.318
404,807,"('dilemma', 'safecoord')","9,1,27,4","26,1,7,15","3,1,4,2","4,1,2,3",0.2432432432432432,0.2432432432432432,125.0,False,True,808,0.7435897435897436,0.7435897435897436,59.0,False,True,PdCo,1,1,False,CoPd,52,125,P52,OD2,A2,O3,0.776053215,0.2239467849999999,0.7673
410,819,"('deadlock', 'safecoord')","8,4,32,10","42,3,6,36","2,1,4,3","4,1,2,3",0.1111111111111111,0.1111111111111111,65.0,False,True,820,0.6326530612244898,0.6326530612244898,54.0,False,True,DlCo,1,1,False,CoDl,14,91,P14,OD2,A2,O3,0.924611973,0.075388027,0.3857
412,823,"('hero', 'dilemma')","3,11,25,7","17,27,15,16","1,3,4,2","3,4,1,2",0.2424242424242424,0.2424242424242424,95.0,False,True,824,0.3488372093023256,0.3488372093023256,128.0,False,True,HrPd,1,2,False,PdHr,122,49,P122,OD2,A2,O2,0.66962306,0.3303769399999999,0.9153
422,843,"('deadlock', 'hero')","2,1,21,19","3,19,13,10","2,1,4,3","1,4,3,2",0.086956522,0.086956522,68.0,False,True,844,0.2777777777777778,0.2777777777777778,90.0,False,True,DlHr,1,1,False,HrDl,10,87,P10,OD2,A2,O2,0.909090909,0.090909091,0.4395
425,849,"('hero', 'compromise')","1,23,30,11","4,26,7,9","1,3,4,2","1,4,2,3",0.4634146341463415,0.4634146341463415,88.0,False,True,850,0.1081081081081081,0.1081081081081081,44.0,False,True,HrCm,1,2,False,CmHr,107,32,P107,OD2,A2,O2,0.682926829,0.317073171,0.9012
426,851,"('safecoord', 'peace')","29,13,9,14","35,1,18,8","4,2,1,3","4,1,3,2",0.8048780487804879,0.8048780487804879,58.0,False,True,852,0.9230769230769232,0.9230769230769232,113.0,False,True,CoPc,1,2,False,PcCo,103,28,P103,OD1,A1,O4,0.838137472,0.838137472,0.6387
430,859,"('hero', 'dilemma')","3,20,36,16","19,27,15,17","1,3,4,2","3,4,1,2",0.2777777777777778,0.2777777777777778,95.0,False,True,860,0.1612903225806451,0.1612903225806451,128.0,False,True,HrPd,1,2,False,PdHr,122,49,P122,OD2,A2,O2,0.66962306,0.3303769399999999,0.9153
431,861,"('compromise', 'safecoord')","5,10,17,13","29,5,9,19","1,2,4,3","4,1,2,3",0.1320754716981132,0.1320754716981132,41.0,False,True,862,0.4736842105263157,0.4736842105263157,52.0,False,True,CmCo,1,1,False,CoCm,35,110,P35,OD2,A2,O3,0.926829268,0.073170732,0.3776
432,863,"('dilemma', 'hero')","8,1,15,7","8,18,13,10","3,1,4,2","1,4,3,2",0.1555555555555555,0.1555555555555555,128.0,False,True,864,0.3333333333333333,0.3333333333333333,95.0,False,True,PdHr,1,1,False,HrPd,49,122,P49,OD2,A2,O2,0.924611973,0.075388027,0.3857
437,873,"('hero', 'compromise')","1,9,13,5","5,31,10,12","1,3,4,2","1,4,2,3",0.275,0.275,88.0,False,True,874,0.1428571428571428,0.1428571428571428,44.0,False,True,HrCm,1,2,False,CmHr,107,32,P107,OD2,A2,O2,0.682926829,0.317073171,0.9012
439,877,"('safecoord', 'peace')","8,4,2,6","14,2,13,5","4,2,1,3","4,1,3,2",0.7241379310344828,0.7241379310344828,58.0,False,True,878,0.9375,0.9375,113.0,False,True,CoPc,1,2,False,PcCo,103,28,P103,OD1,A1,O4,0.838137472,0.838137472,0.6387
440,879,"('hero', 'harmony')","1,16,25,2","31,25,26,7","1,3,4,2","4,2,3,1",0.25,0.25,91.0,False,True,880,0.8378378378378378,0.8378378378378378,80.0,False,True,HrHa,1,2,False,HaHr,95,18,P95,OD1,A1,O1,0.838137472,0.161862528,0.6387
444,887,"('hero', 'harmony')","1,14,18,3","24,13,20,3","1,3,4,2","4,2,3,1",0.2258064516129032,0.2258064516129032,91.0,False,True,888,0.8529411764705882,0.8529411764705882,80.0,False,True,HrHa,1,2,False,HaHr,95,18,P95,OD1,A1,O1,0.838137472,0.161862528,0.6387
445,889,"('dilemma', 'safecoord')","10,2,19,4","37,9,10,26","3,1,4,2","4,1,2,3",0.3076923076923077,0.3076923076923077,125.0,False,True,890,0.8275862068965517,0.8275862068965517,59.0,False,True,PdCo,1,1,False,CoPd,52,125,P52,OD2,A2,O3,0.776053215,0.2239467849999999,0.7673
446,891,"('concord', 'safecoord')","26,4,7,1","39,2,11,34","4,2,3,1","4,1,2,3",0.7777777777777778,0.7777777777777778,101.0,False,True,892,0.8974358974358975,0.8974358974358975,57.0,False,True,NcCo,1,1,False,CoNc,46,119,P46,OD1,A1,O4,0.909090909,0.909090909,0.4395
447,893,"('peace', 'safecoord')","37,16,2,15","37,10,12,20","4,3,1,2","4,1,2,3",0.96875,0.96875,113.0,False,True,894,0.8717948717948718,0.8717948717948718,58.0,False,True,PcCo,1,1,False,CoPc,28,103,P28,OD1,A1,O4,0.902439024,0.902439024,0.4612
449,897,"('hero', 'dilemma')","2,7,35,4","10,12,1,4","1,3,4,2","3,4,1,2",0.3333333333333333,0.3333333333333333,95.0,False,True,898,0.1891891891891892,0.1891891891891892,128.0,False,True,HrPd,1,2,False,PdHr,122,49,P122,OD2,A2,O2,0.66962306,0.3303769399999999,0.9153
465,929,"('hero', 'dilemma')","1,11,31,10","16,33,3,5","1,3,4,2","3,4,1,2",0.2564102564102564,0.2564102564102564,95.0,False,True,930,0.093023256,0.093023256,128.0,False,True,HrPd,1,2,False,PdHr,122,49,P122,OD2,A2,O2,0.66962306,0.3303769399999999,0.9153
469,937,"('dilemma', 'hero')","24,15,47,17","2,39,16,4","3,1,4,2","1,4,3,2",0.42,0.42,128.0,False,True,938,0.375,0.375,95.0,False,True,PdHr,1,1,False,HrPd,49,122,P49,OD2,A2,O2,0.924611973,0.075388027,0.3857
470,939,"('peace', 'hero')","16,11,3,7","3,30,9,4","4,3,1,2","1,4,3,2",0.8947368421052632,0.8947368421052632,116.0,False,True,940,0.085714286,0.085714286,94.0,False,True,PcHr,1,1,False,HrPc,39,113,P39,OD1,A1,O1,0.884700665,0.884700665,0.5157
471,941,"('harmony', 'hero')","31,5,3,2","4,21,17,7","4,3,2,1","1,4,3,2",0.8484848484848485,0.8484848484848485,80.0,False,True,942,0.4137931034482758,0.4137931034482758,91.0,False,True,HaHr,1,1,False,HrHa,18,95,P18,OD1,A1,O1,0.902439024,0.902439024,0.4612
474,947,"('compromise', 'hero')","9,15,26,23","2,40,12,7","1,2,4,3","1,4,3,2",0.2105263157894736,0.2105263157894736,44.0,False,True,948,0.2647058823529412,0.2647058823529412,88.0,False,True,CmHr,1,1,False,HrCm,32,107,P32,OD2,A2,O2,0.935698448,0.0643015519999999,0.3443
477,953,"('hero', 'harmony')","9,29,31,24","15,10,12,6","1,3,4,2","4,2,3,1",0.1428571428571428,0.1428571428571428,91.0,False,True,954,0.7631578947368421,0.7631578947368421,80.0,False,True,HrHa,1,2,False,HaHr,95,18,P95,OD1,A1,O1,0.838137472,0.161862528,0.6387
478,955,"('harmony', 'hero')","23,21,7,2","3,32,14,6","4,3,2,1","1,4,3,2",0.8918918918918919,0.8918918918918919,80.0,False,True,956,0.2,0.2,91.0,False,True,HaHr,1,1,False,HrHa,18,95,P18,OD1,A1,O1,0.902439024,0.902439024,0.4612
485,969,"('safecoord', 'safecoord')","22,16,2,20","36,10,15,30","4,2,1,3","4,1,2,3",0.8285714285714286,0.8285714285714286,53.0,False,True,970,0.7714285714285715,0.7714285714285715,53.0,False,True,CoCo,2,0,True,CoCo,60,60,P60,CO1,A1,C,0.849223947,0.849223947,0.6118
487,973,"('concord', 'concord')","42,30,32,15","46,16,5,1","4,2,3,1","4,3,2,1",1.0,1.0,105.0,False,True,974,1.0,1.0,105.0,False,True,NcNc,1,1,True,NcNc,43,43,P43,DD,A1,D1,0.849223947,0.849223947,0.6118
489,977,"('hero', 'concord')","1,13,47,4","42,32,23,3","1,3,4,2","4,3,2,1",0.1818181818181818,0.1818181818181818,93.0,False,True,978,0.9285714285714286,0.9285714285714286,104.0,False,True,HrNc,1,2,False,NcHr,127,54,P127,OD1,B1,O1,0.707317073,0.292682927,0.8722
496,991,"('hero', 'deadlock')","2,4,16,3","9,26,1,15","1,3,4,2","2,4,1,3",0.3658536585365853,0.3658536585365853,90.0,False,True,992,0.09375,0.09375,68.0,False,True,HrDl,1,2,False,DlHr,87,10,P87,OD2,A2,O2,0.594235033,0.405764967,0.9742
500,999,"('compromise', 'hero')","3,10,24,16","10,37,29,26","1,2,4,3","1,4,3,2",0.1111111111111111,0.1111111111111111,44.0,False,True,1000,0.25,0.25,88.0,False,True,CmHr,1,1,False,HrCm,32,107,P32,OD2,A2,O2,0.935698448,0.0643015519999999,0.3443
504,1007,"('deadlock', 'compromise')","2,1,32,12","1,20,6,13","2,1,4,3","1,4,2,3",0.088235294,0.088235294,64.0,False,True,1008,0.2439024390243902,0.2439024390243902,42.0,False,True,DlCm,1,1,False,CmDl,15,92,P15,DD,A1,D2,0.937915743,0.0620842569999999,0.3357
508,1015,"('peace', 'dilemma')","42,36,2,14","6,19,2,3","4,3,1,2","3,4,1,2",0.945945945945946,0.945945945945946,119.0,False,True,1016,0.095238095,0.095238095,130.0,False,True,PcPd,1,1,False,PdPc,30,105,P30,DD,A1,D3,0.875831486,0.875831486,0.5412
509,1017,"('concord', 'dilemma')","28,15,23,6","31,38,2,21","4,2,3,1","3,4,1,2",0.8928571428571429,0.8928571428571429,107.0,False,True,1018,0.3571428571428571,0.3571428571428571,129.0,False,True,NcPd,1,1,False,PdNc,48,121,P48,DD,A1,D3,0.88248337,0.88248337,0.5222
517,1033,"('safecoord', 'deadlock')","17,12,11,16","8,41,1,19","4,2,1,3","2,4,1,3",0.7666666666666667,0.7666666666666667,54.0,False,True,1034,0.071428571,0.071428571,65.0,False,True,CoDl,1,2,False,DlCo,91,14,P91,OD2,A2,O3,0.609756098,0.609756098,0.965
519,1037,"('concord', 'harmony')","45,14,23,2","40,15,26,5","4,2,3,1","4,2,3,1",0.9761904761904762,0.9761904761904762,103.0,False,True,1038,0.9333333333333332,0.9333333333333332,81.0,False,True,NcHa,1,1,False,HaNc,79,1,P79,DD,A1,D1,0.917960089,0.917960089,0.4093
520,1039,"('concord', 'dilemma')","18,10,16,8","8,30,3,6","4,2,3,1","3,4,1,2",0.9487179487179488,0.9487179487179488,107.0,False,True,1040,0.1111111111111111,0.1111111111111111,129.0,False,True,NcPd,1,1,False,PdNc,48,121,P48,DD,A1,D3,0.88248337,0.88248337,0.5222
522,1043,"('deadlock', 'hero')","8,6,29,23","3,18,10,4","2,1,4,3","1,4,3,2",0.1034482758620689,0.1034482758620689,68.0,False,True,1044,0.5116279069767442,0.5116279069767442,90.0,False,True,DlHr,1,1,False,HrDl,10,87,P10,OD2,A2,O2,0.909090909,0.090909091,0.4395
523,1045,"('harmony', 'safecoord')","16,5,3,2","35,3,11,33","4,3,2,1","4,1,2,3",0.9069767441860463,0.9069767441860463,77.0,False,True,1046,0.8947368421052632,0.8947368421052632,55.0,False,True,HaCo,1,1,False,CoHa,6,83,P6,OD1,A1,O4,0.920177384,0.920177384,0.4016
525,1049,"('dilemma', 'safecoord')","18,13,25,14","15,2,3,4","3,1,4,2","4,1,2,3",0.5555555555555556,0.5555555555555556,125.0,False,True,1050,0.8536585365853658,0.8536585365853658,59.0,False,True,PdCo,1,1,False,CoPd,52,125,P52,OD2,A2,O3,0.776053215,0.2239467849999999,0.7673
526,1051,"('concord', 'hero')","25,7,14,2","1,9,5,2","4,2,3,1","1,4,3,2",0.8,0.8,104.0,False,True,1052,0.2978723404255319,0.2978723404255319,93.0,False,True,NcHr,1,1,False,HrNc,54,127,P54,OD1,B1,O1,0.671840355,0.671840355,0.913
532,1063,"('safecoord', 'compromise')","25,5,4,6","10,27,11,15","4,2,1,3","1,4,2,3",0.7804878048780488,0.7804878048780488,52.0,False,True,1064,0.4090909090909091,0.4090909090909091,41.0,False,True,CoCm,1,2,False,CmCo,110,35,P110,OD2,A2,O3,0.636363636,0.636363636,0.9457
548,1095,"('deadlock', 'safecoord')","16,3,38,22","27,7,9,10","2,1,4,3","4,1,2,3",0.25,0.25,65.0,False,True,1096,0.7435897435897436,0.7435897435897436,54.0,False,True,DlCo,1,1,False,CoDl,14,91,P14,OD2,A2,O3,0.924611973,0.075388027,0.3857
549,1097,"('hero', 'concord')","7,23,26,11","32,13,11,2","1,3,4,2","4,3,2,1",0.2702702702702703,0.2702702702702703,93.0,False,True,1098,0.8275862068965517,0.8275862068965517,104.0,False,True,HrNc,1,2,False,NcHr,127,54,P127,OD1,B1,O1,0.707317073,0.292682927,0.8722
553,1105,"('safecoord', 'safecoord')","32,7,1,28","26,2,4,6","4,2,1,3","4,1,2,3",0.8,0.8,53.0,False,True,1106,0.9428571428571428,0.9428571428571428,53.0,False,True,CoCo,2,0,True,CoCo,60,60,P60,CO1,A1,C,0.849223947,0.849223947,0.6118
554,1107,"('peace', 'safecoord')","15,12,3,8","24,5,14,15","4,3,1,2","4,1,2,3",0.8974358974358975,0.8974358974358975,113.0,False,True,1108,0.9166666666666666,0.9166666666666666,58.0,False,True,PcCo,1,1,False,CoPc,28,103,P28,OD1,A1,O4,0.902439024,0.902439024,0.4612
573,1145,"('dilemma', 'safecoord')","17,7,20,10","27,2,4,6","3,1,4,2","4,1,2,3",0.34375,0.34375,125.0,False,True,1146,0.8235294117647058,0.8235294117647058,59.0,False,True,PdCo,1,1,False,CoPd,52,125,P52,OD2,A2,O3,0.776053215,0.2239467849999999,0.7673
579,1157,"('dilemma', 'safecoord')","17,4,30,8","38,7,13,14","3,1,4,2","4,1,2,3",0.2142857142857142,0.2142857142857142,125.0,False,True,1158,0.8888888888888888,0.8888888888888888,59.0,False,True,PdCo,1,1,False,CoPd,52,125,P52,OD2,A2,O3,0.776053215,0.2239467849999999,0.7673
582,1163,"('hero', 'hero')","11,17,18,13","1,14,13,3","1,3,4,2","1,4,3,2",0.4827586206896552,0.4827586206896552,92.0,False,True,1164,0.3684210526315789,0.3684210526315789,92.0,False,True,HrHr,2,0,True,HrHr,62,62,P62,CO2,B4,E,0.818181818,0.181818182,0.684
583,1165,"('safecoord', 'compromise')","41,13,5,19","4,28,6,20","4,2,1,3","1,4,2,3",0.7272727272727273,0.7272727272727273,52.0,False,True,1166,0.065217391,0.065217391,41.0,False,True,CoCm,1,2,False,CmCo,110,35,P110,OD2,A2,O3,0.636363636,0.636363636,0.9457
584,1167,"('safecoord', 'concord')","34,5,2,10","29,26,17,6","4,2,1,3","4,3,2,1",0.926829268,0.926829268,57.0,False,True,1168,0.9523809523809524,0.9523809523809524,101.0,False,True,CoNc,1,2,False,NcCo,119,46,P119,OD1,A1,O4,0.858093126,0.858093126,0.5892
586,1171,"('compromise', 'safecoord')","1,6,23,11","22,2,3,9","1,2,4,3","4,1,2,3",0.1388888888888889,0.1388888888888889,41.0,False,True,1172,0.5116279069767442,0.5116279069767442,52.0,False,True,CmCo,1,1,False,CoCm,35,110,P35,OD2,A2,O3,0.926829268,0.073170732,0.3776
589,1177,"('hero', 'dilemma')","16,21,29,19","17,28,1,10","1,3,4,2","3,4,1,2",0.5666666666666667,0.5666666666666667,95.0,False,True,1178,0.1,0.1,128.0,False,True,HrPd,1,2,False,PdHr,122,49,P122,OD2,A2,O2,0.66962306,0.3303769399999999,0.9153
593,1185,"('hero', 'harmony')","2,7,27,5","36,18,25,1","1,3,4,2","4,2,3,1",0.1363636363636363,0.1363636363636363,91.0,False,True,1186,0.9285714285714286,0.9285714285714286,80.0,False,True,HrHa,1,2,False,HaHr,95,18,P95,OD1,A1,O1,0.838137472,0.161862528,0.6387
598,1195,"('concord', 'hero')","12,9,11,3","7,25,23,17","4,2,3,1","1,4,3,2",0.627906977,0.627906977,104.0,False,True,1196,0.4358974358974359,0.4358974358974359,93.0,False,True,NcHr,1,1,False,HrNc,54,127,P54,OD1,B1,O1,0.671840355,0.671840355,0.913
599,1197,"('hero', 'peace')","2,13,20,3","8,2,5,4","1,3,4,2","4,1,3,2",0.25,0.25,94.0,False,True,1198,0.8108108108108109,0.8108108108108109,116.0,False,True,HrPc,1,2,False,PcHr,113,39,P113,OD1,A1,O1,0.862527716,0.137472284,0.5776
600,1199,"('deadlock', 'safecoord')","3,2,18,11","33,6,7,17","2,1,4,3","4,1,2,3",0.057142857,0.057142857,65.0,False,True,1200,0.5526315789473685,0.5526315789473685,54.0,False,True,DlCo,1,1,False,CoDl,14,91,P14,OD2,A2,O3,0.924611973,0.075388027,0.3857
602,1203,"('safecoord', 'deadlock')","40,22,6,32","8,47,7,16","4,2,1,3","2,4,1,3",0.6756756756756757,0.6756756756756757,54.0,False,True,1204,0.071428571,0.071428571,65.0,False,True,CoDl,1,2,False,DlCo,91,14,P91,OD2,A2,O3,0.609756098,0.609756098,0.965
605,1209,"('deadlock', 'hero')","2,1,26,20","1,19,13,10","2,1,4,3","1,4,3,2",0.03125,0.03125,68.0,False,True,1210,0.2972972972972973,0.2972972972972973,90.0,False,True,DlHr,1,1,False,HrDl,10,87,P10,OD2,A2,O2,0.909090909,0.090909091,0.4395
622,1243,"('hero', 'deadlock')","1,12,32,6","7,17,6,16","1,3,4,2","2,4,1,3",0.4782608695652174,0.4782608695652174,90.0,False,True,1244,0.1351351351351351,0.1351351351351351,68.0,False,True,HrDl,1,2,False,DlHr,87,10,P87,OD2,A2,O2,0.594235033,0.405764967,0.9742
624,1247,"('safecoord', 'compromise')","33,8,3,30","2,28,11,22","4,2,1,3","1,4,2,3",0.4782608695652174,0.4782608695652174,52.0,False,True,1248,0.1071428571428571,0.1071428571428571,41.0,False,True,CoCm,1,2,False,CmCo,110,35,P110,OD2,A2,O3,0.636363636,0.636363636,0.9457
634,1267,"('concord', 'safecoord')","25,19,23,11","37,3,7,13","4,2,3,1","4,1,2,3",0.875,0.875,101.0,False,True,1268,0.8333333333333334,0.8333333333333334,57.0,False,True,NcCo,1,1,False,CoNc,46,119,P46,OD1,A1,O4,0.909090909,0.909090909,0.4395
640,1279,"('safecoord', 'deadlock')","27,9,8,18","23,36,14,24","4,2,1,3","2,4,1,3",0.5172413793103449,0.5172413793103449,54.0,False,True,1280,0.5555555555555556,0.5555555555555556,65.0,False,True,CoDl,1,2,False,DlCo,91,14,P91,OD2,A2,O3,0.609756098,0.609756098,0.965
645,1289,"('deadlock', 'safecoord')","6,5,28,8","19,3,6,15","2,1,4,3","4,1,2,3",0.1891891891891892,0.1891891891891892,65.0,False,True,1290,0.7428571428571429,0.7428571428571429,54.0,False,True,DlCo,1,1,False,CoDl,14,91,P14,OD2,A2,O3,0.924611973,0.075388027,0.3857
649,1297,"('compromise', 'concord')","1,3,13,4","32,20,14,3","1,2,4,3","4,3,2,1",0.2444444444444444,0.2444444444444444,45.0,False,True,1298,0.8666666666666667,0.8666666666666667,100.0,False,True,CmNc,1,1,False,NcCm,37,111,P37,DD,A1,D3,0.853658537,0.1463414629999999,0.6006
651,1301,"('harmony', 'hero')","22,19,11,8","1,17,3,2","4,3,2,1","1,4,3,2",0.9393939393939394,0.9393939393939394,80.0,False,True,1302,0.1842105263157894,0.1842105263157894,91.0,False,True,HaHr,1,1,False,HrHa,18,95,P18,OD1,A1,O1,0.902439024,0.902439024,0.4612
654,1307,"('peace', 'hero')","43,30,4,15","3,28,21,14","4,3,1,2","1,4,3,2",0.8918918918918919,0.8918918918918919,116.0,False,True,1308,0.1142857142857142,0.1142857142857142,94.0,False,True,PcHr,1,1,False,HrPc,39,113,P39,OD1,A1,O1,0.884700665,0.884700665,0.5157
657,1313,"('peace', 'safecoord')","25,23,3,11","9,1,3,8","4,3,1,2","4,1,2,3",0.8913043478260869,0.8913043478260869,113.0,False,True,1314,0.9,0.9,58.0,False,True,PcCo,1,1,False,CoPc,28,103,P28,OD1,A1,O4,0.902439024,0.902439024,0.4612
658,1315,"('dilemma', 'hero')","10,1,33,6","5,23,15,7","3,1,4,2","1,4,3,2",0.1666666666666666,0.1666666666666666,128.0,False,True,1316,0.5483870967741935,0.5483870967741935,95.0,False,True,PdHr,1,1,False,HrPd,49,122,P49,OD2,A2,O2,0.924611973,0.075388027,0.3857
660,1319,"('hero', 'harmony')","5,32,47,10","27,18,22,7","1,3,4,2","4,2,3,1",0.055555556,0.055555556,91.0,False,True,1320,0.8936170212765957,0.8936170212765957,80.0,False,True,HrHa,1,2,False,HaHr,95,18,P95,OD1,A1,O1,0.838137472,0.161862528,0.6387
661,1321,"('safecoord', 'deadlock')","22,9,6,19","7,10,1,8","4,2,1,3","2,4,1,3",0.7857142857142857,0.7857142857142857,54.0,False,True,1322,0.095238095,0.095238095,65.0,False,True,CoDl,1,2,False,DlCo,91,14,P91,OD2,A2,O3,0.609756098,0.609756098,0.965
666,1331,"('safecoord', 'deadlock')","31,2,1,13","5,34,4,6","4,2,1,3","2,4,1,3",0.6521739130434783,0.6521739130434783,54.0,False,True,1332,0.1428571428571428,0.1428571428571428,65.0,False,True,CoDl,1,2,False,DlCo,91,14,P91,OD2,A2,O3,0.609756098,0.609756098,0.965
669,1337,"('concord', 'safecoord')","30,9,28,4","38,10,21,36","4,2,3,1","4,1,2,3",0.935483870967742,0.935483870967742,101.0,False,True,1338,0.95,0.95,57.0,False,True,NcCo,1,1,False,CoNc,46,119,P46,OD1,A1,O4,0.909090909,0.909090909,0.4395
673,1345,"('harmony', 'hero')","12,5,4,3","1,23,7,4","4,3,2,1","1,4,3,2",0.7948717948717948,0.7948717948717948,80.0,False,True,1346,0.1463414634146341,0.1463414634146341,91.0,False,True,HaHr,1,1,False,HrHa,18,95,P18,OD1,A1,O1,0.902439024,0.902439024,0.4612
677,1353,"('peace', 'safecoord')","34,33,16,23","15,1,4,12","4,3,1,2","4,1,2,3",0.94,0.94,113.0,False,True,1354,0.8536585365853658,0.8536585365853658,58.0,False,True,PcCo,1,1,False,CoPc,28,103,P28,OD1,A1,O4,0.902439024,0.902439024,0.4612
678,1355,"('safecoord', 'safecoord')","19,14,6,15","45,2,7,9","4,2,1,3","4,1,2,3",0.8918918918918919,0.8918918918918919,53.0,False,True,1356,0.8529411764705882,0.8529411764705882,53.0,False,True,CoCo,2,0,True,CoCo,60,60,P60,CO1,A1,C,0.849223947,0.849223947,0.6118
681,1361,"('safecoord', 'concord')","28,8,6,15","18,13,4,1","4,2,1,3","4,3,2,1",0.9019607843137256,0.9019607843137256,57.0,False,True,1362,0.8809523809523809,0.8809523809523809,101.0,False,True,CoNc,1,2,False,NcCo,119,46,P119,OD1,A1,O4,0.858093126,0.858093126,0.5892
683,1365,"('safecoord', 'concord')","28,15,6,17","26,14,6,3","4,2,1,3","4,3,2,1",0.8431372549019608,0.8431372549019608,57.0,False,True,1366,0.9210526315789472,0.9210526315789472,101.0,False,True,CoNc,1,2,False,NcCo,119,46,P119,OD1,A1,O4,0.858093126,0.858093126,0.5892
686,1371,"('compromise', 'concord')","2,6,13,7","17,12,8,7","1,2,4,3","4,3,2,1",0.1739130434782608,0.1739130434782608,45.0,False,True,1372,0.8571428571428571,0.8571428571428571,100.0,False,True,CmNc,1,1,False,NcCm,37,111,P37,DD,A1,D3,0.853658537,0.1463414629999999,0.6006
692,1383,"('hero', 'deadlock')","4,17,28,9","12,36,7,15","1,3,4,2","2,4,1,3",0.5909090909090909,0.5909090909090909,90.0,False,True,1384,0.048780488,0.048780488,68.0,False,True,HrDl,1,2,False,DlHr,87,10,P87,OD2,A2,O2,0.594235033,0.405764967,0.9742
694,1387,"('hero', 'peace')","12,32,44,15","14,2,12,3","1,3,4,2","4,1,3,2",0.1818181818181818,0.1818181818181818,94.0,False,True,1388,0.9629629629629628,0.9629629629629628,116.0,False,True,HrPc,1,2,False,PcHr,113,39,P113,OD1,A1,O1,0.862527716,0.137472284,0.5776
695,1389,"('concord', 'safecoord')","33,9,21,7","24,1,14,19","4,2,3,1","4,1,2,3",0.7446808510638298,0.7446808510638298,101.0,False,True,1390,0.8918918918918919,0.8918918918918919,57.0,False,True,NcCo,1,1,False,CoNc,46,119,P46,OD1,A1,O4,0.909090909,0.909090909,0.4395
697,1393,"('safecoord', 'harmony')","22,9,4,15","22,3,10,2","4,2,1,3","4,2,3,1",0.9310344827586208,0.9310344827586208,55.0,False,True,1394,0.9090909090909092,0.9090909090909092,77.0,False,True,CoHa,1,2,False,HaCo,83,6,P83,OD1,A1,O4,0.871396896,0.871396896,0.5536
708,1415,"('deadlock', 'safecoord')","2,1,12,7","32,5,23,24","2,1,4,3","4,1,2,3",0.069767442,0.069767442,65.0,False,True,1416,0.8571428571428571,0.8571428571428571,54.0,False,True,DlCo,1,1,False,CoDl,14,91,P14,OD2,A2,O3,0.924611973,0.075388027,0.3857
717,1433,"('hero', 'compromise')","3,22,29,7","3,35,9,15","1,3,4,2","1,4,2,3",0.5,0.5,88.0,False,True,1434,0.090909091,0.090909091,44.0,False,True,HrCm,1,2,False,CmHr,107,32,P107,OD2,A2,O2,0.682926829,0.317073171,0.9012
719,1437,"('hero', 'harmony')","2,11,41,7","22,4,6,3","1,3,4,2","4,2,3,1",0.1142857142857142,0.1142857142857142,91.0,False,True,1438,0.903846153846154,0.903846153846154,80.0,False,True,HrHa,1,2,False,HaHr,95,18,P95,OD1,A1,O1,0.838137472,0.161862528,0.6387
723,1445,"('safecoord', 'concord')","32,4,1,15","34,19,15,12","4,2,1,3","4,3,2,1",0.96875,0.96875,57.0,False,True,1446,0.8095238095238095,0.8095238095238095,101.0,False,True,CoNc,1,2,False,NcCo,119,46,P119,OD1,A1,O4,0.858093126,0.858093126,0.5892
725,1449,"('hero', 'peace')","2,8,34,4","42,1,11,3","1,3,4,2","4,1,3,2",0.1052631578947368,0.1052631578947368,94.0,False,True,1450,0.9428571428571428,0.9428571428571428,116.0,False,True,HrPc,1,2,False,PcHr,113,39,P113,OD1,A1,O1,0.862527716,0.137472284,0.5776
730,1459,"('peace', 'compromise')","32,29,9,12","4,36,6,18","4,3,1,2","1,4,2,3",0.9375,0.9375,112.0,False,True,1460,0.0344827586206896,0.0344827586206896,46.0,False,True,PcCm,1,1,False,CmPc,106,31,P106,DD,A1,D3,0.88248337,0.88248337,0.5222
731,1461,"('safecoord', 'compromise')","25,13,4,23","8,20,10,12","4,2,1,3","1,4,2,3",0.6923076923076923,0.6923076923076923,52.0,False,True,1462,0.1212121212121212,0.1212121212121212,41.0,False,True,CoCm,1,2,False,CmCo,110,35,P110,OD2,A2,O3,0.636363636,0.636363636,0.9457
742,1483,"('safecoord', 'deadlock')","8,4,1,5","6,26,2,23","4,2,1,3","2,4,1,3",0.775,0.775,54.0,False,True,1484,0.074074074,0.074074074,65.0,False,True,CoDl,1,2,False,DlCo,91,14,P91,OD2,A2,O3,0.609756098,0.609756098,0.965
744,1487,"('safecoord', 'deadlock')","42,13,1,18","7,45,4,8","4,2,1,3","2,4,1,3",0.8611111111111112,0.8611111111111112,54.0,False,True,1488,0.1935483870967742,0.1935483870967742,65.0,False,True,CoDl,1,2,False,DlCo,91,14,P91,OD2,A2,O3,0.609756098,0.609756098,0.965
755,1509,"('safecoord', 'harmony')","20,6,5,7","18,4,5,2","4,2,1,3","4,2,3,1",0.972972973,0.972972973,55.0,False,True,1510,0.9583333333333334,0.9583333333333334,77.0,False,True,CoHa,1,2,False,HaCo,83,6,P83,OD1,A1,O4,0.871396896,0.871396896,0.5536
760,1519,"('hero', 'hero')","1,21,29,14","3,39,19,15","1,3,4,2","1,4,3,2",0.4444444444444444,0.4444444444444444,92.0,False,True,1520,0.1034482758620689,0.1034482758620689,92.0,False,True,HrHr,2,0,True,HrHr,62,62,P62,CO2,B4,E,0.818181818,0.181818182,0.684
762,1523,"('safecoord', 'compromise')","8,4,1,6","5,15,7,10","4,2,1,3","1,4,2,3",0.7714285714285715,0.7714285714285715,52.0,False,True,1524,0.1351351351351351,0.1351351351351351,41.0,False,True,CoCm,1,2,False,CmCo,110,35,P110,OD2,A2,O3,0.636363636,0.636363636,0.9457
772,1543,"('safecoord', 'harmony')","13,6,2,10","22,8,17,2","4,2,1,3","4,2,3,1",0.9090909090909092,0.9090909090909092,55.0,False,True,1544,1.0,1.0,77.0,False,True,CoHa,1,2,False,HaCo,83,6,P83,OD1,A1,O4,0.871396896,0.871396896,0.5536
778,1555,"('hero', 'peace')","4,21,23,9","43,1,13,2","1,3,4,2","4,1,3,2",0.1111111111111111,0.1111111111111111,94.0,False,True,1556,0.8936170212765957,0.8936170212765957,116.0,False,True,HrPc,1,2,False,PcHr,113,39,P113,OD1,A1,O1,0.862527716,0.137472284,0.5776
783,1565,"('safecoord', 'harmony')","20,9,7,16","25,8,18,5","4,2,1,3","4,2,3,1",0.90625,0.90625,55.0,False,True,1566,0.9487179487179488,0.9487179487179488,77.0,False,True,CoHa,1,2,False,HaCo,83,6,P83,OD1,A1,O4,0.871396896,0.871396896,0.5536
789,1577,"('harmony', 'safecoord')","25,9,3,2","13,1,3,8","4,3,2,1","4,1,2,3",0.9361702127659576,0.9361702127659576,77.0,False,True,1578,0.9210526315789472,0.9210526315789472,55.0,False,True,HaCo,1,1,False,CoHa,6,83,P6,OD1,A1,O4,0.920177384,0.920177384,0.4016
795,1589,"('safecoord', 'compromise')","13,3,2,7","9,43,18,31","4,2,1,3","1,4,2,3",0.723404255,0.723404255,52.0,False,True,1590,0.1621621621621621,0.1621621621621621,41.0,False,True,CoCm,1,2,False,CmCo,110,35,P110,OD2,A2,O3,0.636363636,0.636363636,0.9457
804,1607,"('safecoord', 'dilemma')","15,12,5,14","16,32,1,2","4,2,1,3","3,4,1,2",0.8695652173913043,0.8695652173913043,59.0,False,True,1608,0.2368421052631578,0.2368421052631578,125.0,False,True,CoPd,1,2,False,PdCo,125,52,P125,OD2,A2,O3,0.742793792,0.742793792,0.8225
810,1619,"('safecoord', 'compromise')","24,5,1,9","2,23,3,19","4,2,1,3","1,4,2,3",0.7735849056603774,0.7735849056603774,52.0,False,True,1620,0.068181818,0.068181818,41.0,False,True,CoCm,1,2,False,CmCo,110,35,P110,OD2,A2,O3,0.636363636,0.636363636,0.9457
814,1627,"('hero', 'hero')","1,4,6,3","2,32,22,16","1,3,4,2","1,4,3,2",0.3243243243243243,0.3243243243243243,92.0,False,True,1628,0.1470588235294117,0.1470588235294117,92.0,False,True,HrHr,2,0,True,HrHr,62,62,P62,CO2,B4,E,0.818181818,0.181818182,0.684
824,1647,"('concord', 'safecoord')","25,2,12,1","44,6,7,8","4,2,3,1","4,1,2,3",0.8611111111111112,0.8611111111111112,101.0,False,True,1648,0.9090909090909092,0.9090909090909092,57.0,False,True,NcCo,1,1,False,CoNc,46,119,P46,OD1,A1,O4,0.909090909,0.909090909,0.4395
832,1663,"('safecoord', 'deadlock')","26,4,3,8","4,30,2,19","4,2,1,3","2,4,1,3",0.8378378378378378,0.8378378378378378,54.0,False,True,1664,0.119047619047619,0.119047619047619,65.0,False,True,CoDl,1,2,False,DlCo,91,14,P91,OD2,A2,O3,0.609756098,0.609756098,0.965
834,1667,"('concord', 'hero')","31,2,12,1","2,5,4,3","4,2,3,1","1,4,3,2",0.8648648648648649,0.8648648648648649,104.0,False,True,1668,0.4,0.4,93.0,False,True,NcHr,1,1,False,HrNc,54,127,P54,OD1,B1,O1,0.671840355,0.671840355,0.913
836,1671,"('hero', 'hero')","2,21,29,7","14,35,24,17","1,3,4,2","1,4,3,2",0.2926829268292683,0.2926829268292683,92.0,False,True,1672,0.3478260869565217,0.3478260869565217,92.0,False,True,HrHr,2,0,True,HrHr,62,62,P62,CO2,B4,E,0.818181818,0.181818182,0.684
839,1677,"('dilemma', 'hero')","16,1,19,2","5,37,11,9","3,1,4,2","1,4,3,2",0.1956521739130435,0.1956521739130435,128.0,False,True,1678,0.4444444444444444,0.4444444444444444,95.0,False,True,PdHr,1,1,False,HrPd,49,122,P49,OD2,A2,O2,0.924611973,0.075388027,0.3857
840,1679,"('safecoord', 'safecoord')","38,3,2,6","28,4,6,14","4,2,1,3","4,1,2,3",0.9047619047619048,0.9047619047619048,53.0,False,True,1680,0.9743589743589745,0.9743589743589745,53.0,False,True,CoCo,2,0,True,CoCo,60,60,P60,CO1,A1,C,0.849223947,0.849223947,0.6118
844,1687,"('hero', 'peace')","2,6,23,4","35,1,11,5","1,3,4,2","4,1,3,2",0.054054054,0.054054054,94.0,False,True,1688,0.8936170212765957,0.8936170212765957,116.0,False,True,HrPc,1,2,False,PcHr,113,39,P113,OD1,A1,O1,0.862527716,0.137472284,0.5776
876,1751,"('concord', 'hero')","23,7,9,3","3,44,10,8","4,2,3,1","1,4,3,2",0.8108108108108109,0.8108108108108109,104.0,False,True,1752,0.3142857142857143,0.3142857142857143,93.0,False,True,NcHr,1,1,False,HrNc,54,127,P54,OD1,B1,O1,0.671840355,0.671840355,0.913
888,1775,"('concord', 'safecoord')","43,7,19,6","37,3,21,22","4,2,3,1","4,1,2,3",0.8974358974358975,0.8974358974358975,101.0,False,True,1776,0.9428571428571428,0.9428571428571428,57.0,False,True,NcCo,1,1,False,CoNc,46,119,P46,OD1,A1,O4,0.909090909,0.909090909,0.4395
895,1789,"('safecoord', 'safecoord')","37,7,1,13","6,1,2,4","4,2,1,3","4,1,2,3",0.8823529411764706,0.8823529411764706,53.0,False,True,1790,0.8928571428571429,0.8928571428571429,53.0,False,True,CoCo,2,0,True,CoCo,60,60,P60,CO1,A1,C,0.849223947,0.849223947,0.6118
896,1791,"('concord', 'hero')","37,5,21,3","2,29,6,4","4,2,3,1","1,4,3,2",0.8055555555555556,0.8055555555555556,104.0,False,True,1792,0.1702127659574468,0.1702127659574468,93.0,False,True,NcHr,1,1,False,HrNc,54,127,P54,OD1,B1,O1,0.671840355,0.671840355,0.913
904,1807,"('hero', 'hero')","9,24,28,14","1,27,6,4","1,3,4,2","1,4,3,2",0.6,0.6,92.0,False,True,1808,0.085106383,0.085106383,92.0,False,True,HrHr,2,0,True,HrHr,62,62,P62,CO2,B4,E,0.818181818,0.181818182,0.684
909,1817,"('harmony', 'safecoord')","26,15,6,1","21,1,12,13","4,3,2,1","4,1,2,3",0.95,0.95,77.0,False,True,1818,0.8461538461538461,0.8461538461538461,55.0,False,True,HaCo,1,1,False,CoHa,6,83,P6,OD1,A1,O4,0.920177384,0.920177384,0.4016
927,1853,"('concord', 'safecoord')","25,4,14,2","19,1,7,11","4,2,3,1","4,1,2,3",0.9285714285714286,0.9285714285714286,101.0,False,True,1854,0.8787878787878788,0.8787878787878788,57.0,False,True,NcCo,1,1,False,CoNc,46,119,P46,OD1,A1,O4,0.909090909,0.909090909,0.4395
932,1863,"('hero', 'hero')","9,14,40,11","5,13,10,6","1,3,4,2","1,4,3,2",0.2888888888888888,0.2888888888888888,92.0,False,True,1864,0.4042553191489361,0.4042553191489361,92.0,False,True,HrHr,2,0,True,HrHr,62,62,P62,CO2,B4,E,0.818181818,0.181818182,0.684
950,1899,"('safecoord', 'safecoord')","22,4,1,21","39,5,7,19","4,2,1,3","4,1,2,3",0.8780487804878049,0.8780487804878049,53.0,False,True,1900,0.6818181818181818,0.6818181818181818,53.0,False,True,CoCo,2,0,True,CoCo,60,60,P60,CO1,A1,C,0.849223947,0.849223947,0.6118
955,1909,"('hero', 'hero')","1,11,42,2","7,21,12,9","1,3,4,2","1,4,3,2",0.2352941176470588,0.2352941176470588,92.0,False,True,1910,0.3488372093023256,0.3488372093023256,92.0,False,True,HrHr,2,0,True,HrHr,62,62,P62,CO2,B4,E,0.818181818,0.181818182,0.684
968,1935,"('harmony', 'safecoord')","18,8,6,2","48,1,4,5","4,3,2,1","4,1,2,3",0.95,0.95,77.0,False,True,1936,0.8717948717948718,0.8717948717948718,55.0,False,True,HaCo,1,1,False,CoHa,6,83,P6,OD1,A1,O4,0.920177384,0.920177384,0.4016
971,1941,"('hero', 'hero')","1,8,32,3","5,21,9,6","1,3,4,2","1,4,3,2",0.2285714285714285,0.2285714285714285,92.0,False,True,1942,0.48,0.48,92.0,False,True,HrHr,2,0,True,HrHr,62,62,P62,CO2,B4,E,0.818181818,0.181818182,0.684
975,1949,"('hero', 'hero')","2,10,11,3","2,40,37,8","1,3,4,2","1,4,3,2",0.5454545454545454,0.5454545454545454,92.0,False,True,1950,0.375,0.375,92.0,False,True,HrHr,2,0,True,HrHr,62,62,P62,CO2,B4,E,0.818181818,0.181818182,0.684
985,1969,"('hero', 'hero')","3,16,22,15","2,13,10,7","1,3,4,2","1,4,3,2",0.2916666666666667,0.2916666666666667,92.0,False,True,1970,0.3076923076923077,0.3076923076923077,92.0,False,True,HrHr,2,0,True,HrHr,62,62,P62,CO2,B4,E,0.818181818,0.181818182,0.684
989,1977,"('hero', 'hero')","3,22,32,12","1,11,8,3","1,3,4,2","1,4,3,2",0.3,0.3,92.0,False,True,1978,0.3571428571428571,0.3571428571428571,92.0,False,True,HrHr,2,0,True,HrHr,62,62,P62,CO2,B4,E,0.818181818,0.181818182,0.684
1007,2013,"('hero', 'hero')","1,25,37,10","4,25,11,5","1,3,4,2","1,4,3,2",0.4285714285714285,0.4285714285714285,92.0,False,True,2014,0.2608695652173913,0.2608695652173913,92.0,False,True,HrHr,2,0,True,HrHr,62,62,P62,CO2,B4,E,0.818181818,0.181818182,0.684
1019,2037,"('hero', 'hero')","5,26,38,6","2,21,7,6","1,3,4,2","1,4,3,2",0.5384615384615384,0.5384615384615384,92.0,False,True,2038,0.1794871794871795,0.1794871794871795,92.0,False,True,HrHr,2,0,True,HrHr,62,62,P62,CO2,B4,E,0.818181818,0.181818182,0.684
1024,2047,"('safecoord', 'safecoord')","16,4,1,12","36,2,12,15","4,2,1,3","4,1,2,3",0.8,0.8,53.0,False,True,2048,0.9090909090909092,0.9090909090909092,53.0,False,True,CoCo,2,0,True,CoCo,60,60,P60,CO1,A1,C,0.849223947,0.849223947,0.6118
1032,2063,"('safecoord', 'safecoord')","47,5,3,11","10,1,2,6","4,2,1,3","4,1,2,3",0.7878787878787878,0.7878787878787878,53.0,False,True,2064,0.8108108108108109,0.8108108108108109,53.0,False,True,CoCo,2,0,True,CoCo,60,60,P60,CO1,A1,C,0.849223947,0.849223947,0.6118
1049,2097,"('safecoord', 'safecoord')","44,4,3,13","45,2,6,13","4,2,1,3","4,1,2,3",0.8936170212765957,0.8936170212765957,53.0,False,True,2098,0.918918919,0.918918919,53.0,False,True,CoCo,2,0,True,CoCo,60,60,P60,CO1,A1,C,0.849223947,0.849223947,0.6118
1051,2101,"('safecoord', 'safecoord')","25,12,7,13","16,4,5,7","4,2,1,3","4,1,2,3",0.8571428571428571,0.8571428571428571,53.0,False,True,2102,0.8064516129032258,0.8064516129032258,53.0,False,True,CoCo,2,0,True,CoCo,60,60,P60,CO1,A1,C,0.849223947,0.849223947,0.6118
1053,2105,"('safecoord', 'safecoord')","23,10,2,11","18,4,7,14","4,2,1,3","4,1,2,3",0.9666666666666668,0.9666666666666668,53.0,False,True,2106,0.8571428571428571,0.8571428571428571,53.0,False,True,CoCo,2,0,True,CoCo,60,60,P60,CO1,A1,C,0.849223947,0.849223947,0.6118
1056,2111,"('safecoord', 'safecoord')","22,5,2,11","26,9,12,15","4,2,1,3","4,1,2,3",0.9230769230769232,0.9230769230769232,53.0,False,True,2112,0.9565217391304348,0.9565217391304348,53.0,False,True,CoCo,2,0,True,CoCo,60,60,P60,CO1,A1,C,0.849223947,0.849223947,0.6118
1058,2115,"('safecoord', 'safecoord')","35,4,1,13","34,5,20,27","4,2,1,3","4,1,2,3",0.85,0.85,53.0,False,True,2116,0.8518518518518519,0.8518518518518519,53.0,False,True,CoCo,2,0,True,CoCo,60,60,P60,CO1,A1,C,0.849223947,0.849223947,0.6118
1069,2137,"('hero', 'hero')","1,5,27,3","1,22,14,2","1,3,4,2","1,4,3,2",0.238095238095238,0.238095238095238,92.0,False,True,2138,0.6170212765957447,0.6170212765957447,92.0,False,True,HrHr,2,0,True,HrHr,62,62,P62,CO2,B4,E,0.818181818,0.181818182,0.684
1071,2141,"('hero', 'hero')","2,22,26,6","1,12,11,6","1,3,4,2","1,4,3,2",0.4827586206896552,0.4827586206896552,92.0,False,True,2142,0.425,0.425,92.0,False,True,HrHr,2,0,True,HrHr,62,62,P62,CO2,B4,E,0.818181818,0.181818182,0.684
1083,2165,"('hero', 'hero')","1,23,29,16","2,43,23,8","1,3,4,2","1,4,3,2",0.3333333333333333,0.3333333333333333,92.0,False,True,2166,0.3023255813953488,0.3023255813953488,92.0,False,True,HrHr,2,0,True,HrHr,62,62,P62,CO2,B4,E,0.818181818,0.181818182,0.684
1088,2175,"('safecoord', 'safecoord')","38,9,2,11","43,19,25,31","4,2,1,3","4,1,2,3",0.972972973,0.972972973,53.0,False,True,2176,0.8913043478260869,0.8913043478260869,53.0,False,True,CoCo,2,0,True,CoCo,60,60,P60,CO1,A1,C,0.849223947,0.849223947,0.6118
1100,2199,"('safecoord', 'safecoord')","34,8,1,16","36,11,14,26","4,2,1,3","4,1,2,3",0.8333333333333334,0.8333333333333334,53.0,False,True,2200,0.775,0.775,53.0,False,True,CoCo,2,0,True,CoCo,60,60,P60,CO1,A1,C,0.849223947,0.849223947,0.6118
1102,2203,"('hero', 'hero')","2,9,11,3","3,40,19,8","1,3,4,2","1,4,3,2",0.5,0.5,92.0,False,True,2204,0.3225806451612903,0.3225806451612903,92.0,False,True,HrHr,2,0,True,HrHr,62,62,P62,CO2,B4,E,0.818181818,0.181818182,0.684
1105,2209,"('safecoord', 'safecoord')","38,14,1,29","37,8,14,17","4,2,1,3","4,1,2,3",0.8636363636363636,0.8636363636363636,53.0,False,True,2210,0.8478260869565217,0.8478260869565217,53.0,False,True,CoCo,2,0,True,CoCo,60,60,P60,CO1,A1,C,0.849223947,0.849223947,0.6118
1118,2235,"('safecoord', 'safecoord')","29,17,1,23","28,1,15,27","4,2,1,3","4,1,2,3",0.7837837837837838,0.7837837837837838,53.0,False,True,2236,0.782608696,0.782608696,53.0,False,True,CoCo,2,0,True,CoCo,60,60,P60,CO1,A1,C,0.849223947,0.849223947,0.6118
1119,2237,"('hero', 'hero')","3,17,32,4","5,13,11,7","1,3,4,2","1,4,3,2",0.3095238095238095,0.3095238095238095,92.0,False,True,2238,0.4634146341463415,0.4634146341463415,92.0,False,True,HrHr,2,0,True,HrHr,62,62,P62,CO2,B4,E,0.818181818,0.181818182,0.684
1145,2289,"('safecoord', 'safecoord')","17,11,8,14","46,6,23,29","4,2,1,3","4,1,2,3",0.8095238095238095,0.8095238095238095,53.0,False,True,2290,0.8378378378378378,0.8378378378378378,53.0,False,True,CoCo,2,0,True,CoCo,60,60,P60,CO1,A1,C,0.849223947,0.849223947,0.6118
