canonical_id,bruns_name,bruns_long_name,canonical_p1,canonical_p2,canonical_8vec,nash_count,dominance_level,is_symmetric,canon_l1_p1,canon_l1_p2,nagel_p_id,nagel_p_paired,nagel_perspective,nagel_matrix_code,nagel_lk_type,nagel_lk_type_description,nagel_emp_class,nagel_emp_class_description,nagel_rgg_class,nagel_rgg_class_description,nagel_swap_sr,nagel_swap_sc,nagel_role_relative_to_canonical,nagel_frac_choose_A,nagel_frac_choose_act0_canonical,nagel_entropy_binary,nagel_entropy_4outcome,nagel_utility_efficiency,nagel_quality_level,nagel_n_pure_NE,nagel_p1_has_dominant,nagel_p2_has_dominant,clean_grif_n_games,clean_grif_p1_mean,clean_grif_p2_mean,clean_grif_p1_std,clean_grif_p2_std,clean_grif_game_ids
1,AsAs,Assurace,"1,4,3,2","2,4,3,1","1,4,3,2,2,4,3,1",2,0,True,-1,-1,76,76,P76,14322431,CO1,Coordination type 1 — two pure NE; L1(α) selects one equilibrium (1 outcome),B2,"Breakaway: 3 CO1 games (Stag Hunt-like); one NE is Lk(α), other is NES; frequencies near 50-50",C,Coordination: no dominant strategies; two pure NE; coordination problem (9 perspectives),False,False,P1,0.454545455,0.454545455,0.994,1.9881,0.4545,0.4545,2,False,False,0,,,,,
2,AsBa,TragicCycle,"1,4,3,2","4,2,1,3","1,4,3,2,4,2,1,3",0,0,False,-1,-1,78,144,P78,14324213,MP,Matching pennies — no pure NE; Lk(α) cycles through all 4 outcomes,A4,Level-k(α) class: 8 MP games; L1(α) breaks ties; frequencies cluster around L1(α) prediction,H,Hero / anti-coordination: no dominant strategies; no pure NE; pure conflict (18 perspectives),False,False,P1,0.356984479,0.356984479,0.9402,1.7759,0.357,0.2661,0,False,False,0,,,,,
3,AsCh,InferiorCycle,"1,4,3,2","4,3,1,2","1,4,3,2,4,3,1,2",0,0,False,-1,-1,143,75,P143,14324312,MP,Matching pennies — no pure NE; Lk(α) cycles through all 4 outcomes,A4,Level-k(α) class: 8 MP games; L1(α) breaks ties; frequencies cluster around L1(α) prediction,H,Hero / anti-coordination: no dominant strategies; no pure NE; pure conflict (18 perspectives),False,False,P1,0.390243902,0.390243902,0.965,1.7628,0.3902,0.2417,0,False,False,0,,,,,
4,AsCm,2ndBest,"1,4,3,2","4,1,3,2","1,4,3,2,4,1,3,2",1,2,False,-1,0,114,40,P114,14324132,OD1,One-sided dominance type 1 — one player has a dominated action; L1(α) converges to NE (1 outcome),A1,Level-k(α) class: 36 games (DD+OD1+CO1); Lk(α)→NE at k=1; NE is near-equal split; ≥67% play L1(α),O3,One-sided dominance: one player has a dominant strategy (class 3 of 4); 18 perspectives,False,False,P1,0.195121951,0.195121951,0.7121,1.1661,0.1951,0.9047,1,False,True,0,,,,,
5,AsCo,,"1,4,3,2","1,4,3,2","1,4,3,2,1,4,3,2",2,0,False,-1,1,131,59,P131,14321432,CO2,"Coordination type 2 — two pure NE; Lk(α) cycles through all 4 outcomes, never reaching NE",A2,"Level-k(α) class: 22 games (OD2+CO2+MP); L1(α) concentrates one player, other splits; needs k=2",C,Coordination: no dominant strategies; two pure NE; coordination problem (9 perspectives),False,False,P1,0.487804878,0.487804878,0.9996,1.5532,0.4878,0.8714,2,False,False,0,,,,,
6,AsDl,AssuranceLock,"1,4,3,2","4,2,3,1","1,4,3,2,4,2,3,1",1,2,False,-1,0,97,20,P97,14324231,OD1,One-sided dominance type 1 — one player has a dominated action; L1(α) converges to NE (1 outcome),A1,Level-k(α) class: 36 games (DD+OD1+CO1); Lk(α)→NE at k=1; NE is near-equal split; ≥67% play L1(α),O3,One-sided dominance: one player has a dominant strategy (class 3 of 4); 18 perspectives,False,False,P1,0.310421286,0.310421286,0.8937,1.4411,0.3104,0.8736,1,False,True,0,,,,,
7,AsHa,,"1,4,3,2","2,4,1,3","1,4,3,2,2,4,1,3",1,2,False,-1,1,81,4,P81,14322413,OD2,One-sided dominance type 2 — one player has a dominated action; needs L2(α) to reach NE (2 outcomes),A2,"Level-k(α) class: 22 games (OD2+CO2+MP); L1(α) concentrates one player, other splits; needs k=2",O4,One-sided dominance: one player has a dominant strategy (class 4 of 4); 18 perspectives,False,False,P1,0.549889135,0.549889135,0.9928,1.3197,0.5499,0.9401,1,False,True,0,,,,,
8,AsHr,ZeroSumCycle,"1,4,3,2","4,1,2,3","1,4,3,2,4,1,2,3",0,0,False,-1,0,137,67,P137,14324123,MP,Matching pennies — no pure NE; Lk(α) cycles through all 4 outcomes,A4,Level-k(α) class: 8 MP games; L1(α) breaks ties; frequencies cluster around L1(α) prediction,H,Hero / anti-coordination: no dominant strategies; no pure NE; pure conflict (18 perspectives),False,False,P1,0.257206208,0.257206208,0.8225,1.5777,0.2572,0.7827,0,False,False,0,,,,,
9,AsNc,,"1,4,3,2","3,4,1,2","1,4,3,2,3,4,1,2",1,2,False,-1,1,118,45,P118,14323412,OD2,One-sided dominance type 2 — one player has a dominated action; needs L2(α) to reach NE (2 outcomes),A2,"Level-k(α) class: 22 games (OD2+CO2+MP); L1(α) concentrates one player, other splits; needs k=2",O4,One-sided dominance: one player has a dominant strategy (class 4 of 4); 18 perspectives,False,False,P1,0.494456763,0.494456763,0.9999,1.3936,0.4945,0.9224,1,False,True,0,,,,,
10,AsPc,,"1,4,3,2","1,4,2,3","1,4,3,2,1,4,2,3",1,2,False,-1,1,102,26,P102,14321423,OD2,One-sided dominance type 2 — one player has a dominated action; needs L2(α) to reach NE (2 outcomes),A2,"Level-k(α) class: 22 games (OD2+CO2+MP); L1(α) concentrates one player, other splits; needs k=2",O4,One-sided dominance: one player has a dominant strategy (class 4 of 4); 18 perspectives,False,False,P1,0.505543237,0.505543237,0.9999,1.4394,0.5055,0.9091,1,False,True,0,,,,,
11,AsPd,Alibi,"1,4,3,2","4,3,2,1","1,4,3,2,4,3,2,1",1,2,False,-1,0,128,55,P128,14324321,OD1,One-sided dominance type 1 — one player has a dominated action; L1(α) converges to NE (1 outcome),B1,Breakaway: 4 games (DD+OD1) incl. Prisoner's Dilemma; NE ≠ NES; ~30% cooperate (off-equilibrium),O3,One-sided dominance: one player has a dominant strategy (class 3 of 4); 18 perspectives,False,False,P1,0.388026608,0.388026608,0.9635,1.9018,0.388,0.6452,1,False,True,0,,,,,
12,AsSh,AsymAssurance,"1,4,3,2","3,4,2,1","1,4,3,2,3,4,2,1",2,0,False,-1,-1,139,70,P139,14323421,CO1,Coordination type 1 — two pure NE; L1(α) selects one equilibrium (1 outcome),B2,"Breakaway: 3 CO1 games (Stag Hunt-like); one NE is Lk(α), other is NES; frequencies near 50-50",C,Coordination: no dominant strategies; two pure NE; coordination problem (9 perspectives),False,False,P1,0.516629712,0.516629712,0.9992,1.9984,0.5166,0.5166,2,False,False,0,,,,,
13,BaAs,,"3,2,1,4","2,4,3,1","3,2,1,4,2,4,3,1",0,0,False,-1,-1,144,78,P144,14323124,MP,Matching pennies — no pure NE; Lk(α) cycles through all 4 outcomes,A4,Level-k(α) class: 8 MP games; L1(α) breaks ties; frequencies cluster around L1(α) prediction,H,Hero / anti-coordination: no dominant strategies; no pure NE; pure conflict (18 perspectives),True,False,P1,0.266075388,0.733924612,0.8358,1.7759,0.2661,0.357,0,False,False,0,,,,,
14,BaBa,Battle,"3,2,1,4","4,2,1,3","3,2,1,4,4,2,1,3",2,0,True,-1,-1,77,77,P77,41233124,CO2,"Coordination type 2 — two pure NE; Lk(α) cycles through all 4 outcomes, never reaching NE",A3,Level-k(α) class: 2 OD2 games; L1(α) is neither NE nor NES; two salient near-equal splits exist,E,Exploitation / discoordination: no dominant strategies; related to matching pennies (9 perspectives),True,True,P1,0.388026608,0.611973392,0.9635,1.927,0.388,0.388,2,False,False,0,,,,,
15,BaCh,Battle-Chicken,"3,2,1,4","4,3,1,2","3,2,1,4,4,3,1,2",2,0,False,-1,-1,141,72,P141,41232134,CO2,"Coordination type 2 — two pure NE; Lk(α) cycles through all 4 outcomes, never reaching NE",A3,Level-k(α) class: 2 OD2 games; L1(α) is neither NE nor NES; two salient near-equal splits exist,E,Exploitation / discoordination: no dominant strategies; related to matching pennies (9 perspectives),True,True,P1,0.294900222,0.705099778,0.875,1.8664,0.2949,0.4457,2,False,False,0,,,,,
16,BaCm,,"3,2,1,4","4,1,3,2","3,2,1,4,4,1,3,2",1,2,False,-1,0,108,33,P108,41232314,OD1,One-sided dominance type 1 — one player has a dominated action; L1(α) converges to NE (1 outcome),A1,Level-k(α) class: 36 games (DD+OD1+CO1); Lk(α)→NE at k=1; NE is near-equal split; ≥67% play L1(α),O2,One-sided dominance: one player has a dominant strategy (class 2 of 4); 18 perspectives,True,True,P1,0.279379157,0.7206208430000001,0.8546,1.3571,0.2794,0.8891,1,False,True,0,,,,,
17,BaCo,,"3,2,1,4","1,4,3,2","3,2,1,4,1,4,3,2",0,0,False,-1,1,134,64,P134,14323214,MP,Matching pennies — no pure NE; Lk(α) cycles through all 4 outcomes,A4,Level-k(α) class: 8 MP games; L1(α) breaks ties; frequencies cluster around L1(α) prediction,H,Hero / anti-coordination: no dominant strategies; no pure NE; pure conflict (18 perspectives),True,False,P1,0.33924612,0.66075388,0.9241,1.5247,0.3392,0.8537,0,False,False,0,,,,,
18,BaDl,,"3,2,1,4","4,2,3,1","3,2,1,4,4,2,3,1",1,2,False,-1,0,89,12,P89,41231324,OD1,One-sided dominance type 1 — one player has a dominated action; L1(α) converges to NE (1 outcome),A1,Level-k(α) class: 36 games (DD+OD1+CO1); Lk(α)→NE at k=1; NE is near-equal split; ≥67% play L1(α),O2,One-sided dominance: one player has a dominant strategy (class 2 of 4); 18 perspectives,True,True,P1,0.22616408,0.77383592,0.7713,1.2934,0.2262,0.8825,1,False,True,0,,,,,
19,BaHa,,"3,2,1,4","2,4,1,3","3,2,1,4,2,4,1,3",1,2,False,-1,1,90,13,P90,14321324,OD2,One-sided dominance type 2 — one player has a dominated action; needs L2(α) to reach NE (2 outcomes),A2,"Level-k(α) class: 22 games (OD2+CO2+MP); L1(α) concentrates one player, other splits; needs k=2",O1,One-sided dominance: one player has a dominant strategy (class 1 of 4); 18 perspectives,True,False,P1,0.496674058,0.503325942,1.0,1.4395,0.4967,0.9091,1,False,True,0,,,,,
20,BaHr,,"3,2,1,4","4,1,2,3","3,2,1,4,4,1,2,3",2,0,False,-1,0,133,63,P133,41233214,CO1,Coordination type 1 — two pure NE; L1(α) selects one equilibrium (1 outcome),B3,Breakaway: 2 CO1 games (Battle of Sexes-like); Lk(α)→NE favoring one player; other NE favors other,E,Exploitation / discoordination: no dominant strategies; related to matching pennies (9 perspectives),True,True,P1,0.396895787,0.603104213,0.9691,1.8113,0.3969,0.7295,2,False,False,0,,,,,
21,BaNc,,"3,2,1,4","3,4,1,2","3,2,1,4,3,4,1,2",1,2,False,-1,1,124,51,P124,14321234,OD2,One-sided dominance type 2 — one player has a dominated action; needs L2(α) to reach NE (2 outcomes),A2,"Level-k(α) class: 22 games (OD2+CO2+MP); L1(α) concentrates one player, other splits; needs k=2",O1,One-sided dominance: one player has a dominant strategy (class 1 of 4); 18 perspectives,True,False,P1,0.323725055,0.6762749450000001,0.9084,1.8046,0.3237,0.6874,1,False,True,0,,,,,
22,BaPc,,"3,2,1,4","1,4,2,3","3,2,1,4,1,4,2,3",1,2,False,-1,1,109,34,P109,14322314,OD2,One-sided dominance type 2 — one player has a dominated action; needs L2(α) to reach NE (2 outcomes),A2,"Level-k(α) class: 22 games (OD2+CO2+MP); L1(α) concentrates one player, other splits; needs k=2",O1,One-sided dominance: one player has a dominant strategy (class 1 of 4); 18 perspectives,True,False,P1,0.505543237,0.4944567629999999,0.9999,1.4169,0.5055,0.9157,1,False,True,0,,,,,
23,BaPd,,"3,2,1,4","4,3,2,1","3,2,1,4,4,3,2,1",1,2,False,-1,0,123,50,P123,41231234,OD1,One-sided dominance type 1 — one player has a dominated action; L1(α) converges to NE (1 outcome),A1,Level-k(α) class: 36 games (DD+OD1+CO1); Lk(α)→NE at k=1; NE is near-equal split; ≥67% play L1(α),O2,One-sided dominance: one player has a dominant strategy (class 2 of 4); 18 perspectives,True,True,P1,0.22616408,0.77383592,0.7713,1.3994,0.2262,0.8426,1,False,True,0,,,,,
24,BaSh,,"3,2,1,4","3,4,2,1","3,2,1,4,3,4,2,1",0,0,False,-1,-1,142,73,P142,14322134,MP,Matching pennies — no pure NE; Lk(α) cycles through all 4 outcomes,A4,Level-k(α) class: 8 MP games; L1(α) breaks ties; frequencies cluster around L1(α) prediction,H,Hero / anti-coordination: no dominant strategies; no pure NE; pure conflict (18 perspectives),True,False,P1,0.232815965,0.767184035,0.7829,1.6375,0.2328,0.2794,0,False,False,0,,,,,
25,ChAs,,"2,3,1,4","2,4,3,1","2,3,1,4,2,4,3,1",0,0,False,-1,-1,75,143,P75,41321342,MP,Matching pennies — no pure NE; Lk(α) cycles through all 4 outcomes,A4,Level-k(α) class: 8 MP games; L1(α) breaks ties; frequencies cluster around L1(α) prediction,H,Hero / anti-coordination: no dominant strategies; no pure NE; pure conflict (18 perspectives),True,True,P1,0.241685144,0.758314856,0.7978,1.7628,0.2417,0.3902,0,False,False,0,,,,,
26,ChBa,,"2,3,1,4","4,2,1,3","2,3,1,4,4,2,1,3",2,0,False,-1,-1,72,141,P72,41323124,CO2,"Coordination type 2 — two pure NE; Lk(α) cycles through all 4 outcomes, never reaching NE",A3,Level-k(α) class: 2 OD2 games; L1(α) is neither NE nor NES; two salient near-equal splits exist,E,Exploitation / discoordination: no dominant strategies; related to matching pennies (9 perspectives),True,True,P1,0.445676275,0.5543237249999999,0.9915,1.8664,0.4457,0.2949,2,False,False,0,,,,,
27,ChCh,Chicken,"2,3,1,4","4,3,1,2","2,3,1,4,4,3,1,2",2,0,True,-1,-1,74,74,P74,41322134,CO2,"Coordination type 2 — two pure NE; Lk(α) cycles through all 4 outcomes, never reaching NE",A2,"Level-k(α) class: 22 games (OD2+CO2+MP); L1(α) concentrates one player, other splits; needs k=2",E,Exploitation / discoordination: no dominant strategies; related to matching pennies (9 perspectives),True,True,P1,0.310421286,0.689578714,0.8937,1.7873,0.3104,0.3104,2,False,False,0,,,,,
28,ChCm,,"2,3,1,4","4,1,3,2","2,3,1,4,4,1,3,2",1,2,False,-1,0,112,38,P112,14233241,OD1,One-sided dominance type 1 — one player has a dominated action; L1(α) converges to NE (1 outcome),A1,Level-k(α) class: 36 games (DD+OD1+CO1); Lk(α)→NE at k=1; NE is near-equal split; ≥67% play L1(α),O2,One-sided dominance: one player has a dominant strategy (class 2 of 4); 18 perspectives,True,False,P1,0.310421286,0.689578714,0.8937,1.5872,0.3104,0.8137,1,False,True,0,,,,,
29,ChCo,,"2,3,1,4","1,4,3,2","2,3,1,4,1,4,3,2",0,0,False,-1,1,132,61,P132,41322341,MP,Matching pennies — no pure NE; Lk(α) cycles through all 4 outcomes,A4,Level-k(α) class: 8 MP games; L1(α) breaks ties; frequencies cluster around L1(α) prediction,H,Hero / anti-coordination: no dominant strategies; no pure NE; pure conflict (18 perspectives),True,True,P1,0.294900222,0.705099778,0.875,1.5444,0.2949,0.8248,0,False,False,0,,,,,
30,ChDl,,"2,3,1,4","4,2,3,1","2,3,1,4,4,2,3,1",1,2,False,-1,0,94,17,P94,41321324,OD1,One-sided dominance type 1 — one player has a dominated action; L1(α) converges to NE (1 outcome),A1,Level-k(α) class: 36 games (DD+OD1+CO1); Lk(α)→NE at k=1; NE is near-equal split; ≥67% play L1(α),O2,One-sided dominance: one player has a dominant strategy (class 2 of 4); 18 perspectives,True,True,P1,0.241685144,0.758314856,0.7978,1.4096,0.2417,0.8492,1,False,True,0,,,,,
31,ChHa,,"2,3,1,4","2,4,1,3","2,3,1,4,2,4,1,3",1,2,False,-1,1,84,7,P84,41323142,OD2,One-sided dominance type 2 — one player has a dominated action; needs L2(α) to reach NE (2 outcomes),A2,"Level-k(α) class: 22 games (OD2+CO2+MP); L1(α) concentrates one player, other splits; needs k=2",O1,One-sided dominance: one player has a dominant strategy (class 1 of 4); 18 perspectives,True,True,P1,0.383592018,0.616407982,0.9605,1.5611,0.3836,0.8537,1,False,True,0,,,,,
32,ChHr,,"2,3,1,4","4,1,2,3","2,3,1,4,4,1,2,3",2,0,False,-1,0,136,66,P136,14232341,CO1,Coordination type 1 — two pure NE; L1(α) selects one equilibrium (1 outcome),B3,Breakaway: 2 CO1 games (Battle of Sexes-like); Lk(α)→NE favoring one player; other NE favors other,E,Exploitation / discoordination: no dominant strategies; related to matching pennies (9 perspectives),True,False,P1,0.474501109,0.525498891,0.9981,1.9325,0.4745,0.6497,2,False,False,0,,,,,
33,ChNc,,"2,3,1,4","3,4,1,2","2,3,1,4,3,4,1,2",1,2,False,-1,1,120,47,P120,41322143,OD2,One-sided dominance type 2 — one player has a dominated action; needs L2(α) to reach NE (2 outcomes),A2,"Level-k(α) class: 22 games (OD2+CO2+MP); L1(α) concentrates one player, other splits; needs k=2",O1,One-sided dominance: one player has a dominant strategy (class 1 of 4); 18 perspectives,True,True,P1,0.321507761,0.678492239,0.906,1.6402,0.3215,0.7938,1,False,True,0,,,,,
34,ChPc,,"2,3,1,4","1,4,2,3","2,3,1,4,1,4,2,3",1,2,False,-1,1,104,29,P104,41323241,OD2,One-sided dominance type 2 — one player has a dominated action; needs L2(α) to reach NE (2 outcomes),A2,"Level-k(α) class: 22 games (OD2+CO2+MP); L1(α) concentrates one player, other splits; needs k=2",O1,One-sided dominance: one player has a dominant strategy (class 1 of 4); 18 perspectives,True,True,P1,0.463414634,0.536585366,0.9961,1.4282,0.4634,0.9113,1,False,True,0,,,,,
35,ChPd,,"2,3,1,4","4,3,2,1","2,3,1,4,4,3,2,1",1,2,False,-1,0,126,53,P126,41321234,OD1,One-sided dominance type 1 — one player has a dominated action; L1(α) converges to NE (1 outcome),A1,Level-k(α) class: 36 games (DD+OD1+CO1); Lk(α)→NE at k=1; NE is near-equal split; ≥67% play L1(α),O2,One-sided dominance: one player has a dominant strategy (class 2 of 4); 18 perspectives,True,True,P1,0.210643016,0.789356984,0.7427,1.5912,0.2106,0.7251,1,False,True,0,,,,,
36,ChSh,,"2,3,1,4","3,4,2,1","2,3,1,4,3,4,2,1",0,0,False,-1,-1,140,71,P140,41321243,MP,Matching pennies — no pure NE; Lk(α) cycles through all 4 outcomes,A4,Level-k(α) class: 8 MP games; L1(α) breaks ties; frequencies cluster around L1(α) prediction,H,Hero / anti-coordination: no dominant strategies; no pure NE; pure conflict (18 perspectives),True,True,P1,0.241685144,0.758314856,0.7978,1.7733,0.2417,0.408,0,False,False,0,,,,,
37,CmAs,,"2,1,3,4","2,4,3,1","2,1,3,4,2,4,3,1",1,1,False,1,-1,40,114,P40,43121342,OD1,One-sided dominance type 1 — one player has a dominated action; L1(α) converges to NE (1 outcome),A1,Level-k(α) class: 36 games (DD+OD1+CO1); Lk(α)→NE at k=1; NE is near-equal split; ≥67% play L1(α),O3,One-sided dominance: one player has a dominant strategy (class 3 of 4); 18 perspectives,True,True,P1,0.904656319,0.095343681,0.4541,1.1661,0.9047,0.1951,1,True,False,0,,,,,
38,CmBa,Protector,"2,1,3,4","4,2,1,3","2,1,3,4,4,2,1,3",1,1,False,1,-1,33,108,P33,34211342,OD1,One-sided dominance type 1 — one player has a dominated action; L1(α) converges to NE (1 outcome),A1,Level-k(α) class: 36 games (DD+OD1+CO1); Lk(α)→NE at k=1; NE is near-equal split; ≥67% play L1(α),O2,One-sided dominance: one player has a dominant strategy (class 2 of 4); 18 perspectives,True,False,P1,0.889135255,0.1108647449999999,0.5025,1.3571,0.8891,0.2794,1,True,False,0,,,,,
39,CmCh,UnfairType,"2,1,3,4","4,3,1,2","2,1,3,4,4,3,1,2",1,1,False,1,-1,38,112,P38,34211243,OD1,One-sided dominance type 1 — one player has a dominated action; L1(α) converges to NE (1 outcome),A1,Level-k(α) class: 36 games (DD+OD1+CO1); Lk(α)→NE at k=1; NE is near-equal split; ≥67% play L1(α),O2,One-sided dominance: one player has a dominant strategy (class 2 of 4); 18 perspectives,True,False,P1,0.813747228,0.186252772,0.6936,1.5872,0.8137,0.3104,1,True,False,0,,,,,
40,CmCm,Compromise,"2,1,3,4","4,1,3,2","2,1,3,4,4,1,3,2",1,1,True,1,0,36,36,P36,43122314,DD,Double dominance — both players have a strictly dominated action; unique pure NE at L1(α),A1,Level-k(α) class: 36 games (DD+OD1+CO1); Lk(α)→NE at k=1; NE is near-equal split; ≥67% play L1(α),D2,Dominant strategy: both players have dominant strategies; different conflict structure from D1 (9 perspectives),True,True,P1,0.898004435,0.1019955649999999,0.4753,0.9506,0.898,0.898,1,True,True,2,0.2069264069264069,0.1930894308943089,0.050201520395928054,0.0373674315261184,6;188
41,CmCo,,"2,1,3,4","1,4,3,2","2,1,3,4,1,4,3,2",1,1,False,1,1,35,110,P35,43122341,OD2,One-sided dominance type 2 — one player has a dominated action; needs L2(α) to reach NE (2 outcomes),A2,"Level-k(α) class: 22 games (OD2+CO2+MP); L1(α) concentrates one player, other splits; needs k=2",O3,One-sided dominance: one player has a dominant strategy (class 3 of 4); 18 perspectives,True,True,P1,0.926829268,0.073170732,0.3776,1.3233,0.9268,0.6364,1,True,False,6,0.07593389643116702,0.6398818494136732,0.054717967777827684,0.11777766037205607,40;72;142;334;431;586
42,CmDl,,"2,1,3,4","4,2,3,1","2,1,3,4,4,2,3,1",1,1,False,1,0,92,15,P92,43121324,DD,Double dominance — both players have a strictly dominated action; unique pure NE at L1(α),A1,Level-k(α) class: 36 games (DD+OD1+CO1); Lk(α)→NE at k=1; NE is near-equal split; ≥67% play L1(α),D2,Dominant strategy: both players have dominant strategies; different conflict structure from D1 (9 perspectives),True,True,P1,0.89135255,0.1086474499999999,0.4958,0.8315,0.8914,0.9379,1,True,True,3,0.14513305307843136,0.09267728103703704,0.06406773751121711,0.01899292332037999,240;263;360
43,CmHa,,"2,1,3,4","2,4,1,3","2,1,3,4,2,4,1,3",1,1,False,1,1,96,19,P96,34211324,DD,Double dominance — both players have a strictly dominated action; unique pure NE at L1(α),A1,Level-k(α) class: 36 games (DD+OD1+CO1); Lk(α)→NE at k=1; NE is near-equal split; ≥67% play L1(α),D3,Dominant strategy: both players have dominant strategies; highest internal conflict of D-class (18 perspectives),True,False,P1,0.871396896,0.1286031039999999,0.5536,1.0219,0.8714,0.9002,1,True,True,1,0.1515151515151515,0.92,0.0,0.0,378
44,CmHr,Compromise-Hero,"2,1,3,4","4,1,2,3","2,1,3,4,4,1,2,3",1,1,False,1,0,32,107,P32,34212341,OD2,One-sided dominance type 2 — one player has a dominated action; needs L2(α) to reach NE (2 outcomes),A2,"Level-k(α) class: 22 games (OD2+CO2+MP); L1(α) concentrates one player, other splits; needs k=2",O2,One-sided dominance: one player has a dominant strategy (class 2 of 4); 18 perspectives,True,False,P1,0.935698448,0.0643015519999999,0.3443,1.2455,0.9357,0.6829,1,True,False,7,0.15508901461839558,0.4239959497312439,0.08397639587495716,0.11720808857419233,42;105;123;134;272;474;500
45,CmNc,,"2,1,3,4","3,4,1,2","2,1,3,4,3,4,1,2",1,1,False,1,1,37,111,P37,34211234,DD,Double dominance — both players have a strictly dominated action; unique pure NE at L1(α),A1,Level-k(α) class: 36 games (DD+OD1+CO1); Lk(α)→NE at k=1; NE is near-equal split; ≥67% play L1(α),D3,Dominant strategy: both players have dominant strategies; highest internal conflict of D-class (18 perspectives),True,False,P1,0.853658537,0.1463414629999999,0.6006,1.2341,0.8537,0.8404,1,True,True,3,0.1821875387092778,0.8553049289891396,0.058559756774102405,0.012383421195447174,356;649;686
46,CmPc,,"2,1,3,4","1,4,2,3","2,1,3,4,1,4,2,3",1,1,False,1,1,31,106,P31,34212314,DD,Double dominance — both players have a strictly dominated action; unique pure NE at L1(α),A1,Level-k(α) class: 36 games (DD+OD1+CO1); Lk(α)→NE at k=1; NE is near-equal split; ≥67% play L1(α),D3,Dominant strategy: both players have dominant strategies; highest internal conflict of D-class (18 perspectives),True,False,P1,0.911308204,0.0886917959999999,0.4321,0.9543,0.9113,0.8825,1,True,True,2,0.0829831932773109,0.9807692307692308,0.03416692430103063,0.02719641466102108,166;261
47,CmPd,,"2,1,3,4","4,3,2,1","2,1,3,4,4,3,2,1",1,1,False,1,0,42,116,P42,43121234,DD,Double dominance — both players have a strictly dominated action; unique pure NE at L1(α),A1,Level-k(α) class: 36 games (DD+OD1+CO1); Lk(α)→NE at k=1; NE is near-equal split; ≥67% play L1(α),D2,Dominant strategy: both players have dominant strategies; different conflict structure from D1 (9 perspectives),True,True,P1,0.840354767,0.159645233,0.6335,1.1621,0.8404,0.8803,1,True,True,2,0.1875,0.1024027460217391,0.08838834764831845,0.07038705941727995,85;117
48,CmSh,,"2,1,3,4","3,4,2,1","2,1,3,4,3,4,2,1",1,1,False,1,-1,41,115,P41,43121243,OD1,One-sided dominance type 1 — one player has a dominated action; L1(α) converges to NE (1 outcome),A1,Level-k(α) class: 36 games (DD+OD1+CO1); Lk(α)→NE at k=1; NE is near-equal split; ≥67% play L1(α),O3,One-sided dominance: one player has a dominant strategy (class 3 of 4); 18 perspectives,True,True,P1,0.824833703,0.1751662969999999,0.6694,1.4745,0.8248,0.2461,1,True,False,0,,,,,
49,CoAs,PureAssurance,"2,4,3,1","2,4,3,1","2,4,3,1,2,4,3,1",2,0,False,0,-1,59,131,P59,24312431,CO2,"Coordination type 2 — two pure NE; Lk(α) cycles through all 4 outcomes, never reaching NE",A2,"Level-k(α) class: 22 games (OD2+CO2+MP); L1(α) concentrates one player, other splits; needs k=2",C,Coordination: no dominant strategies; two pure NE; coordination problem (9 perspectives),False,False,P1,0.871396896,0.871396896,0.5536,1.5532,0.8714,0.4878,2,False,False,0,,,,,
50,CoBa,QuasiCycle,"2,4,3,1","4,2,1,3","2,4,3,1,4,2,1,3",0,0,False,0,-1,64,134,P64,24314213,MP,Matching pennies — no pure NE; Lk(α) cycles through all 4 outcomes,A4,Level-k(α) class: 8 MP games; L1(α) breaks ties; frequencies cluster around L1(α) prediction,H,Hero / anti-coordination: no dominant strategies; no pure NE; pure conflict (18 perspectives),False,False,P1,0.853658537,0.853658537,0.6006,1.5247,0.8537,0.3392,0,False,False,0,,,,,
51,CoCh,BiasedCycle,"2,4,3,1","4,3,1,2","2,4,3,1,4,3,1,2",0,0,False,0,-1,61,132,P61,24314312,MP,Matching pennies — no pure NE; Lk(α) cycles through all 4 outcomes,A4,Level-k(α) class: 8 MP games; L1(α) breaks ties; frequencies cluster around L1(α) prediction,H,Hero / anti-coordination: no dominant strategies; no pure NE; pure conflict (18 perspectives),False,False,P1,0.824833703,0.824833703,0.6694,1.5444,0.8248,0.2949,0,False,False,0,,,,,
52,CoCm,Coordination-Compromise,"2,4,3,1","4,1,3,2","2,4,3,1,4,1,3,2",1,2,False,0,0,110,35,P110,24314132,OD2,One-sided dominance type 2 — one player has a dominated action; needs L2(α) to reach NE (2 outcomes),A2,"Level-k(α) class: 22 games (OD2+CO2+MP); L1(α) concentrates one player, other splits; needs k=2",O3,One-sided dominance: one player has a dominant strategy (class 3 of 4); 18 perspectives,False,False,P1,0.636363636,0.636363636,0.9457,1.3233,0.6364,0.9268,1,False,True,8,0.7191498048769825,0.15325464132316122,0.1041374544499106,0.10955908338931292,146;532;583;624;731;762;795;810
53,CoCo,Coordination,"2,4,3,1","1,4,3,2","2,4,3,1,1,4,3,2",2,0,True,0,1,60,60,P60,24311432,CO1,Coordination type 1 — two pure NE; L1(α) selects one equilibrium (1 outcome),A1,Level-k(α) class: 36 games (DD+OD1+CO1); Lk(α)→NE at k=1; NE is near-equal split; ≥67% play L1(α),C,Coordination: no dominant strategies; two pure NE; coordination problem (9 perspectives),False,False,P1,0.849223947,0.849223947,0.6118,1.2236,0.8492,0.8492,2,False,False,20,0.8687240844215423,0.8597480095837235,0.05833474397375212,0.0782604643328978,92;338;485;553;678;840;895;950;1024;1032;1049;1051;1053;1056;1058;1088;1100;1105;1118;1145
54,CoDl,Coordination-Lock,"2,4,3,1","4,2,3,1","2,4,3,1,4,2,3,1",1,2,False,0,0,91,14,P91,24314231,OD2,One-sided dominance type 2 — one player has a dominated action; needs L2(α) to reach NE (2 outcomes),A2,"Level-k(α) class: 22 games (OD2+CO2+MP); L1(α) concentrates one player, other splits; needs k=2",O3,One-sided dominance: one player has a dominant strategy (class 3 of 4); 18 perspectives,False,False,P1,0.609756098,0.609756098,0.965,1.3507,0.6098,0.9246,1,False,True,8,0.733927608669925,0.16539725194463645,0.11303823792134483,0.16326787340542454,517;602;640;661;666;742;744;832
55,CoHa,,"2,4,3,1","2,4,1,3","2,4,3,1,2,4,1,3",1,2,False,0,1,83,6,P83,24312413,OD1,One-sided dominance type 1 — one player has a dominated action; L1(α) converges to NE (1 outcome),A1,Level-k(α) class: 36 games (DD+OD1+CO1); Lk(α)→NE at k=1; NE is near-equal split; ≥67% play L1(α),O4,One-sided dominance: one player has a dominant strategy (class 4 of 4); 18 perspectives,False,False,P1,0.871396896,0.871396896,0.5536,0.9551,0.8714,0.9202,1,False,True,5,0.9393242184244514,0.9362014112014112,0.03409180489262959,0.051333779787917234,343;697;755;772;783
56,CoHr,PursuitCycle,"2,4,3,1","4,1,2,3","2,4,3,1,4,1,2,3",0,0,False,0,0,135,65,P135,24314123,MP,Matching pennies — no pure NE; Lk(α) cycles through all 4 outcomes,A2,"Level-k(α) class: 22 games (OD2+CO2+MP); L1(α) concentrates one player, other splits; needs k=2",H,Hero / anti-coordination: no dominant strategies; no pure NE; pure conflict (18 perspectives),False,False,P1,0.753880266,0.753880266,0.8051,1.3943,0.7539,0.8581,0,False,False,0,,,,,
57,CoNc,,"2,4,3,1","3,4,1,2","2,4,3,1,3,4,1,2",1,2,False,0,1,119,46,P119,24313412,OD1,One-sided dominance type 1 — one player has a dominated action; L1(α) converges to NE (1 outcome),A1,Level-k(α) class: 36 games (DD+OD1+CO1); Lk(α)→NE at k=1; NE is near-equal split; ≥67% play L1(α),O4,One-sided dominance: one player has a dominant strategy (class 4 of 4); 18 perspectives,False,False,P1,0.858093126,0.858093126,0.5892,1.0287,0.8581,0.9091,1,False,True,8,0.8768863266509925,0.887378658574418,0.06448283859256757,0.07422491816012561,25;168;262;273;584;681;683;723
58,CoPc,,"2,4,3,1","1,4,2,3","2,4,3,1,1,4,2,3",1,2,False,0,1,103,28,P103,24311423,OD1,One-sided dominance type 1 — one player has a dominated action; L1(α) converges to NE (1 outcome),A1,Level-k(α) class: 36 games (DD+OD1+CO1); Lk(α)→NE at k=1; NE is near-equal split; ≥67% play L1(α),O4,One-sided dominance: one player has a dominant strategy (class 4 of 4); 18 perspectives,False,False,P1,0.838137472,0.838137472,0.6387,1.1,0.8381,0.9024,1,False,True,7,0.8225572697157463,0.9194055418511144,0.06944692927384306,0.044059226064699836,23;132;226;244;313;426;439
59,CoPd,Revelation,"2,4,3,1","4,3,2,1","2,4,3,1,4,3,2,1",1,2,False,0,0,125,52,P125,24314321,OD2,One-sided dominance type 2 — one player has a dominated action; needs L2(α) to reach NE (2 outcomes),A2,"Level-k(α) class: 22 games (OD2+CO2+MP); L1(α) concentrates one player, other splits; needs k=2",O3,One-sided dominance: one player has a dominant strategy (class 3 of 4); 18 perspectives,False,False,P1,0.742793792,0.742793792,0.8225,1.5898,0.7428,0.7761,1,False,True,7,0.8459497929606625,0.25952764340922235,0.08222960006219018,0.05479692335834939,65;153;159;219;287;325;804
60,CoSh,Asym.Coordination,"2,4,3,1","3,4,2,1","2,4,3,1,3,4,2,1",2,0,False,0,-1,58,130,P58,24313421,CO2,"Coordination type 2 — two pure NE; Lk(α) cycles through all 4 outcomes, never reaching NE",A2,"Level-k(α) class: 22 games (OD2+CO2+MP); L1(α) concentrates one player, other splits; needs k=2",C,Coordination: no dominant strategies; two pure NE; coordination problem (9 perspectives),False,False,P1,0.824833703,0.824833703,0.6694,1.6694,0.8248,0.5011,2,False,False,0,,,,,
61,DlAs,,"1,2,3,4","2,4,3,1","1,2,3,4,2,4,3,1",1,1,False,1,-1,20,97,P20,34123124,OD1,One-sided dominance type 1 — one player has a dominated action; L1(α) converges to NE (1 outcome),A1,Level-k(α) class: 36 games (DD+OD1+CO1); Lk(α)→NE at k=1; NE is near-equal split; ≥67% play L1(α),O3,One-sided dominance: one player has a dominant strategy (class 3 of 4); 18 perspectives,True,False,P1,0.873614191,0.1263858089999999,0.5474,1.4411,0.8736,0.3104,1,True,False,0,,,,,
62,DlBa,Deadlock-Battle,"1,2,3,4","4,2,1,3","1,2,3,4,4,2,1,3",1,1,False,1,-1,12,89,P12,34121342,OD1,One-sided dominance type 1 — one player has a dominated action; L1(α) converges to NE (1 outcome),A1,Level-k(α) class: 36 games (DD+OD1+CO1); Lk(α)→NE at k=1; NE is near-equal split; ≥67% play L1(α),O2,One-sided dominance: one player has a dominant strategy (class 2 of 4); 18 perspectives,True,False,P1,0.88248337,0.11751663,0.5222,1.2934,0.8825,0.2262,1,True,False,0,,,,,
63,DlCh,Bully,"1,2,3,4","4,3,1,2","1,2,3,4,4,3,1,2",1,1,False,1,-1,17,94,P17,34121243,OD1,One-sided dominance type 1 — one player has a dominated action; L1(α) converges to NE (1 outcome),A1,Level-k(α) class: 36 games (DD+OD1+CO1); Lk(α)→NE at k=1; NE is near-equal split; ≥67% play L1(α),O2,One-sided dominance: one player has a dominant strategy (class 2 of 4); 18 perspectives,True,False,P1,0.849223947,0.1507760529999999,0.6118,1.4096,0.8492,0.2417,1,True,False,0,,,,,
64,DlCm,AsymLock,"1,2,3,4","4,1,3,2","1,2,3,4,4,1,3,2",1,1,False,1,0,15,92,P15,34123241,DD,Double dominance — both players have a strictly dominated action; unique pure NE at L1(α),A1,Level-k(α) class: 36 games (DD+OD1+CO1); Lk(α)→NE at k=1; NE is near-equal split; ≥67% play L1(α),D2,Dominant strategy: both players have dominant strategies; different conflict structure from D1 (9 perspectives),True,False,P1,0.937915743,0.0620842569999999,0.3357,0.8315,0.9379,0.8914,1,True,True,2,0.055745553976744154,0.20007621951219512,0.04594743097886438,0.06197963402168668,300;504
65,DlCo,,"1,2,3,4","1,4,3,2","1,2,3,4,1,4,3,2",1,1,False,1,1,14,91,P14,34123214,OD2,One-sided dominance type 2 — one player has a dominated action; needs L2(α) to reach NE (2 outcomes),A2,"Level-k(α) class: 22 games (OD2+CO2+MP); L1(α) concentrates one player, other splits; needs k=2",O3,One-sided dominance: one player has a dominant strategy (class 3 of 4); 18 perspectives,True,False,P1,0.924611973,0.075388027,0.3857,1.3507,0.9246,0.6098,1,True,False,8,0.1463620751289748,0.7066492253749189,0.06972737512725011,0.09249458915239181,19;116;178;410;548;600;645;708
66,DlDl,Deadlock,"1,2,3,4","4,2,3,1","1,2,3,4,4,2,3,1",1,1,True,1,0,21,21,P21,34123142,DD,Double dominance — both players have a strictly dominated action; unique pure NE at L1(α),A1,Level-k(α) class: 36 games (DD+OD1+CO1); Lk(α)→NE at k=1; NE is near-equal split; ≥67% play L1(α),D2,Dominant strategy: both players have dominant strategies; different conflict structure from D1 (9 perspectives),True,False,P1,0.862527716,0.137472284,0.5776,1.1552,0.8625,0.8625,1,True,True,3,0.13746249992939877,0.10668004728205127,0.06548647530302039,0.04203584046507041,3;93;149
67,DlHa,,"1,2,3,4","2,4,1,3","1,2,3,4,2,4,1,3",1,1,False,1,1,11,88,P11,34121324,DD,Double dominance — both players have a strictly dominated action; unique pure NE at L1(α),A1,Level-k(α) class: 36 games (DD+OD1+CO1); Lk(α)→NE at k=1; NE is near-equal split; ≥67% play L1(α),D3,Dominant strategy: both players have dominant strategies; highest internal conflict of D-class (18 perspectives),True,False,P1,0.917960089,0.0820399109999999,0.4093,0.7788,0.918,0.929,1,True,True,2,0.07239819004524879,0.8330792682926829,0.06079198571287058,0.029103480323226752,218;342
68,DlHr,Deadlock-Hero,"1,2,3,4","4,1,2,3","1,2,3,4,4,1,2,3",1,1,False,1,0,10,87,P10,34122341,OD2,One-sided dominance type 2 — one player has a dominated action; needs L2(α) to reach NE (2 outcomes),A2,"Level-k(α) class: 22 games (OD2+CO2+MP); L1(α) concentrates one player, other splits; needs k=2",O2,One-sided dominance: one player has a dominant strategy (class 2 of 4); 18 perspectives,True,False,P1,0.909090909,0.090909091,0.4395,1.4137,0.9091,0.5942,1,True,False,6,0.07466388332886331,0.39371780779768645,0.041458564759505996,0.10654519081242608,104;222;314;422;522;605
69,DlNc,,"1,2,3,4","3,4,1,2","1,2,3,4,3,4,1,2",1,1,False,1,1,16,93,P16,34121234,DD,Double dominance — both players have a strictly dominated action; unique pure NE at L1(α),A1,Level-k(α) class: 36 games (DD+OD1+CO1); Lk(α)→NE at k=1; NE is near-equal split; ≥67% play L1(α),D3,Dominant strategy: both players have dominant strategies; highest internal conflict of D-class (18 perspectives),True,False,P1,0.840354767,0.159645233,0.6335,1.1426,0.8404,0.8869,1,True,True,3,0.2025261099856459,0.9387896825396825,0.1274514407041461,0.027639074054462393,212;340;386
70,DlPc,,"1,2,3,4","1,4,2,3","1,2,3,4,1,4,2,3",1,1,False,1,1,9,86,P9,34122314,DD,Double dominance — both players have a strictly dominated action; unique pure NE at L1(α),A1,Level-k(α) class: 36 games (DD+OD1+CO1); Lk(α)→NE at k=1; NE is near-equal split; ≥67% play L1(α),D3,Dominant strategy: both players have dominant strategies; highest internal conflict of D-class (18 perspectives),True,False,P1,0.880266075,0.119733925,0.5286,0.8555,0.8803,0.9401,1,True,True,2,0.185064935064935,0.9046474358974359,0.05969083217808517,0.04646054171257763,52;190
71,DlPd,,"1,2,3,4","4,3,2,1","1,2,3,4,4,3,2,1",1,1,False,1,0,23,99,P23,34122143,DD,Double dominance — both players have a strictly dominated action; unique pure NE at L1(α),A1,Level-k(α) class: 36 games (DD+OD1+CO1); Lk(α)→NE at k=1; NE is near-equal split; ≥67% play L1(α),D2,Dominant strategy: both players have dominant strategies; different conflict structure from D1 (9 perspectives),True,False,P1,0.858093126,0.141906874,0.5892,1.278,0.8581,0.816,1,True,True,0,,,,,
72,DlSh,,"1,2,3,4","3,4,2,1","1,2,3,4,3,4,2,1",1,1,False,1,-1,22,98,P22,34122134,OD1,One-sided dominance type 1 — one player has a dominated action; L1(α) converges to NE (1 outcome),A1,Level-k(α) class: 36 games (DD+OD1+CO1); Lk(α)→NE at k=1; NE is near-equal split; ≥67% play L1(α),O3,One-sided dominance: one player has a dominant strategy (class 3 of 4); 18 perspectives,True,False,P1,0.840354767,0.159645233,0.6335,1.5442,0.8404,0.3259,1,True,False,0,,,,,
73,HaAs,Harmony-Assurance,"3,4,1,2","2,4,3,1","3,4,1,2,2,4,3,1",1,1,False,0,-1,4,81,P4,34122431,OD2,One-sided dominance type 2 — one player has a dominated action; needs L2(α) to reach NE (2 outcomes),A2,"Level-k(α) class: 22 games (OD2+CO2+MP); L1(α) concentrates one player, other splits; needs k=2",O4,One-sided dominance: one player has a dominant strategy (class 4 of 4); 18 perspectives,False,False,P1,0.940133038,0.940133038,0.3269,1.3197,0.9401,0.5499,1,True,False,0,,,,,
74,HaBa,Harmony-Battle,"3,4,1,2","4,2,1,3","3,4,1,2,4,2,1,3",1,1,False,0,-1,13,90,P13,34124213,OD2,One-sided dominance type 2 — one player has a dominated action; needs L2(α) to reach NE (2 outcomes),A2,"Level-k(α) class: 22 games (OD2+CO2+MP); L1(α) concentrates one player, other splits; needs k=2",O1,One-sided dominance: one player has a dominant strategy (class 1 of 4); 18 perspectives,False,False,P1,0.909090909,0.909090909,0.4395,1.4395,0.9091,0.4967,1,True,False,0,,,,,
75,HaCh,Samaritan'sD,"3,4,1,2","4,3,1,2","3,4,1,2,4,3,1,2",1,1,False,0,-1,7,84,P7,34124312,OD2,One-sided dominance type 2 — one player has a dominated action; needs L2(α) to reach NE (2 outcomes),A2,"Level-k(α) class: 22 games (OD2+CO2+MP); L1(α) concentrates one player, other splits; needs k=2",O1,One-sided dominance: one player has a dominant strategy (class 1 of 4); 18 perspectives,False,False,P1,0.853658537,0.853658537,0.6006,1.5611,0.8537,0.3836,1,True,False,0,,,,,
76,HaCm,Harmony-Compromise,"3,4,1,2","4,1,3,2","3,4,1,2,4,1,3,2",1,1,False,0,0,19,96,P19,34124132,DD,Double dominance — both players have a strictly dominated action; unique pure NE at L1(α),A1,Level-k(α) class: 36 games (DD+OD1+CO1); Lk(α)→NE at k=1; NE is near-equal split; ≥67% play L1(α),D3,Dominant strategy: both players have dominant strategies; highest internal conflict of D-class (18 perspectives),False,False,P1,0.900221729,0.900221729,0.4683,1.0219,0.9002,0.8714,1,True,True,3,0.9568562696781444,0.11184355086794111,0.015422306766119677,0.099200387116559,13;191;315
77,HaCo,Harmony-Coordination,"3,4,1,2","1,4,3,2","3,4,1,2,1,4,3,2",1,1,False,0,1,6,83,P6,34121432,OD1,One-sided dominance type 1 — one player has a dominated action; L1(α) converges to NE (1 outcome),A1,Level-k(α) class: 36 games (DD+OD1+CO1); Lk(α)→NE at k=1; NE is near-equal split; ≥67% play L1(α),O4,One-sided dominance: one player has a dominant strategy (class 4 of 4); 18 perspectives,False,False,P1,0.920177384,0.920177384,0.4016,0.9551,0.9202,0.8714,1,True,False,5,0.9437513425904008,0.8978587494376967,0.02501446861837472,0.04251278234763285,283;523;789;909;968
78,HaDl,BenevolentType,"3,4,1,2","4,2,3,1","3,4,1,2,4,2,3,1",1,1,False,0,0,88,11,P88,34124231,DD,Double dominance — both players have a strictly dominated action; unique pure NE at L1(α),A1,Level-k(α) class: 36 games (DD+OD1+CO1); Lk(α)→NE at k=1; NE is near-equal split; ≥67% play L1(α),D3,Dominant strategy: both players have dominant strategies; highest internal conflict of D-class (18 perspectives),False,False,P1,0.929046563,0.929046563,0.3695,0.7788,0.929,0.918,1,True,True,2,0.894162210338681,0.15977443609022549,0.011028849082677938,0.07709058892635288,50;141
79,HaHa,Harmony,"3,4,1,2","2,4,1,3","3,4,1,2,2,4,1,3",1,1,True,0,1,3,3,P3,34122413,DD,Double dominance — both players have a strictly dominated action; unique pure NE at L1(α),A1,Level-k(α) class: 36 games (DD+OD1+CO1); Lk(α)→NE at k=1; NE is near-equal split; ≥67% play L1(α),D1,Dominant strategy: both players have dominant strategies; stable equilibrium (9 perspectives),False,False,P1,0.935698448,0.935698448,0.3443,0.6886,0.9357,0.9357,1,True,True,2,0.932967032967033,0.9301552106430155,0.01398672753995352,0.02978942093690558,192;324
80,HaHr,Harmony-Hero,"3,4,1,2","4,1,2,3","3,4,1,2,4,1,2,3",1,1,False,0,0,18,95,P18,34124123,OD1,One-sided dominance type 1 — one player has a dominated action; L1(α) converges to NE (1 outcome),A1,Level-k(α) class: 36 games (DD+OD1+CO1); Lk(α)→NE at k=1; NE is near-equal split; ≥67% play L1(α),O1,One-sided dominance: one player has a dominant strategy (class 1 of 4); 18 perspectives,False,False,P1,0.902439024,0.902439024,0.4612,1.1,0.9024,0.8381,1,True,False,5,0.874238839728495,0.22696425673097792,0.05481121678514917,0.10640886282674948,268;471;478;651;673
81,HaNc,,"3,4,1,2","3,4,1,2","3,4,1,2,3,4,1,2",1,1,False,0,1,1,79,P1,43214321,DD,Double dominance — both players have a strictly dominated action; unique pure NE at L1(α),A1,Level-k(α) class: 36 games (DD+OD1+CO1); Lk(α)→NE at k=1; NE is near-equal split; ≥67% play L1(α),D1,Dominant strategy: both players have dominant strategies; stable equilibrium (9 perspectives),False,True,P1,0.942350333,0.942350333,0.318,0.7274,0.9424,0.918,1,True,True,1,0.7857142857142857,0.8478260869565217,0.0,0.0,395
82,HaPc,AsymHarmony,"3,4,1,2","1,4,2,3","3,4,1,2,1,4,2,3",1,1,False,0,1,5,82,P5,34121423,DD,Double dominance — both players have a strictly dominated action; unique pure NE at L1(α),A1,Level-k(α) class: 36 games (DD+OD1+CO1); Lk(α)→NE at k=1; NE is near-equal split; ≥67% play L1(α),D1,Dominant strategy: both players have dominant strategies; stable equilibrium (9 perspectives),False,False,P1,0.904656319,0.904656319,0.4541,0.8069,0.9047,0.9335,1,True,True,2,0.9277777777777778,0.9422764227642276,0.0235702260395515,0.012647438362686331,17;137
83,HaPd,AltruistType,"3,4,1,2","4,3,2,1","3,4,1,2,4,3,2,1",1,1,False,0,0,8,85,P8,34124321,DD,Double dominance — both players have a strictly dominated action; unique pure NE at L1(α),A1,Level-k(α) class: 36 games (DD+OD1+CO1); Lk(α)→NE at k=1; NE is near-equal split; ≥67% play L1(α),D3,Dominant strategy: both players have dominant strategies; highest internal conflict of D-class (18 perspectives),False,False,P1,0.920177384,0.920177384,0.4016,1.0759,0.9202,0.8226,1,True,True,2,0.8946648426812585,0.24022556405263157,0.017411658086672756,0.21851194496163187,95;124
84,HaSh,Harmony-Hunt,"3,4,1,2","3,4,2,1","3,4,1,2,3,4,2,1",1,1,False,0,-1,2,80,P2,34123421,OD2,One-sided dominance type 2 — one player has a dominated action; needs L2(α) to reach NE (2 outcomes),A2,"Level-k(α) class: 22 games (OD2+CO2+MP); L1(α) concentrates one player, other splits; needs k=2",O4,One-sided dominance: one player has a dominant strategy (class 4 of 4); 18 perspectives,False,False,P1,0.929046563,0.929046563,0.3695,1.3665,0.929,0.5322,1,True,False,0,,,,,
85,HrAs,,"3,1,2,4","2,4,3,1","3,1,2,4,2,4,3,1",0,0,False,1,-1,67,137,P67,24313124,MP,Matching pennies — no pure NE; Lk(α) cycles through all 4 outcomes,A4,Level-k(α) class: 8 MP games; L1(α) breaks ties; frequencies cluster around L1(α) prediction,H,Hero / anti-coordination: no dominant strategies; no pure NE; pure conflict (18 perspectives),True,False,P1,0.7827051,0.2172948999999999,0.7552,1.5777,0.7827,0.2572,0,False,False,0,,,,,
86,HrBa,QuasiBattle,"3,1,2,4","4,2,1,3","3,1,2,4,4,2,1,3",2,0,False,1,-1,63,133,P63,24311342,CO1,Coordination type 1 — two pure NE; L1(α) selects one equilibrium (1 outcome),B3,Breakaway: 2 CO1 games (Battle of Sexes-like); Lk(α)→NE favoring one player; other NE favors other,E,Exploitation / discoordination: no dominant strategies; related to matching pennies (9 perspectives),True,False,P1,0.729490022,0.270509978,0.8422,1.8113,0.7295,0.3969,2,False,False,0,,,,,
87,HrCh,Hero-Chicken,"3,1,2,4","4,3,1,2","3,1,2,4,4,3,1,2",2,0,False,1,-1,66,136,P66,42132134,CO1,Coordination type 1 — two pure NE; L1(α) selects one equilibrium (1 outcome),B3,Breakaway: 2 CO1 games (Battle of Sexes-like); Lk(α)→NE favoring one player; other NE favors other,E,Exploitation / discoordination: no dominant strategies; related to matching pennies (9 perspectives),True,True,P1,0.649667406,0.350332594,0.9344,1.9325,0.6497,0.4745,2,False,False,0,,,,,
88,HrCm,,"3,1,2,4","4,1,3,2","3,1,2,4,4,1,3,2",1,2,False,1,0,107,32,P107,24313241,OD2,One-sided dominance type 2 — one player has a dominated action; needs L2(α) to reach NE (2 outcomes),A2,"Level-k(α) class: 22 games (OD2+CO2+MP); L1(α) concentrates one player, other splits; needs k=2",O2,One-sided dominance: one player has a dominant strategy (class 2 of 4); 18 perspectives,True,False,P1,0.682926829,0.317073171,0.9012,1.2455,0.6829,0.9357,1,False,True,6,0.3948622402890696,0.14642334822421396,0.1270437062223557,0.0919020709019653,354;382;388;425;437;717
89,HrCo,,"3,1,2,4","1,4,3,2","3,1,2,4,1,4,3,2",0,0,False,1,1,65,135,P65,24313214,MP,Matching pennies — no pure NE; Lk(α) cycles through all 4 outcomes,A2,"Level-k(α) class: 22 games (OD2+CO2+MP); L1(α) concentrates one player, other splits; needs k=2",H,Hero / anti-coordination: no dominant strategies; no pure NE; pure conflict (18 perspectives),True,False,P1,0.858093126,0.141906874,0.5892,1.3943,0.8581,0.7539,0,False,False,0,,,,,
90,HrDl,,"3,1,2,4","4,2,3,1","3,1,2,4,4,2,3,1",1,2,False,1,0,87,10,P87,24313142,OD2,One-sided dominance type 2 — one player has a dominated action; needs L2(α) to reach NE (2 outcomes),A2,"Level-k(α) class: 22 games (OD2+CO2+MP); L1(α) concentrates one player, other splits; needs k=2",O2,One-sided dominance: one player has a dominant strategy (class 2 of 4); 18 perspectives,True,False,P1,0.594235033,0.405764967,0.9742,1.4137,0.5942,0.9091,1,False,True,6,0.40236504761292674,0.10818236573680821,0.1097712125466382,0.05574242247149383,148;220;327;496;622;692
91,HrHa,,"3,1,2,4","2,4,1,3","3,1,2,4,2,4,1,3",1,2,False,1,1,95,18,P95,24311324,OD1,One-sided dominance type 1 — one player has a dominated action; L1(α) converges to NE (1 outcome),A1,Level-k(α) class: 36 games (DD+OD1+CO1); Lk(α)→NE at k=1; NE is near-equal split; ≥67% play L1(α),O1,One-sided dominance: one player has a dominant strategy (class 1 of 4); 18 perspectives,True,False,P1,0.838137472,0.161862528,0.6387,1.1,0.8381,0.9024,1,False,True,7,0.1549812144456281,0.8522408283505332,0.06596105499030379,0.06160485106737091,172;440;444;477;593;660;719
92,HrHr,Hero,"3,1,2,4","4,1,2,3","3,1,2,4,4,1,2,3",2,0,True,1,0,62,62,P62,24312341,CO2,"Coordination type 2 — two pure NE; Lk(α) cycles through all 4 outcomes, never reaching NE",B4,Breakaway: 1 CO2 game (Battle of Sexes-like); each NE is NES for different player; L1(α) fails to coordinate,E,Exploitation / discoordination: no dominant strategies; related to matching pennies (9 perspectives),True,False,P1,0.818181818,0.181818182,0.684,1.3681,0.8182,0.8182,2,False,False,20,0.3578248299428975,0.3390051290942344,0.13533538333351927,0.13492859052033593,43;392;582;760;814;836;904;932;955;971;975;985;989;1007;1019;1069;1071;1083;1102;1119
93,HrNc,,"3,1,2,4","3,4,1,2","3,1,2,4,3,4,1,2",1,2,False,1,1,127,54,P127,24311234,OD1,One-sided dominance type 1 — one player has a dominated action; L1(α) converges to NE (1 outcome),B1,Breakaway: 4 games (DD+OD1) incl. Prisoner's Dilemma; NE ≠ NES; ~30% cooperate (off-equilibrium),O1,One-sided dominance: one player has a dominant strategy (class 1 of 4); 18 perspectives,True,False,P1,0.707317073,0.292682927,0.8722,1.7852,0.7073,0.6718,1,False,True,7,0.2496810509347139,0.8157786246060228,0.13373089895760135,0.08991207701645303,11;179;204;216;363;489;549
94,HrPc,,"3,1,2,4","1,4,2,3","3,1,2,4,1,4,2,3",1,2,False,1,1,113,39,P113,24312314,OD1,One-sided dominance type 1 — one player has a dominated action; L1(α) converges to NE (1 outcome),A1,Level-k(α) class: 36 games (DD+OD1+CO1); Lk(α)→NE at k=1; NE is near-equal split; ≥67% play L1(α),O1,One-sided dominance: one player has a dominant strategy (class 1 of 4); 18 perspectives,True,False,P1,0.862527716,0.137472284,0.5776,1.0933,0.8625,0.8847,1,False,True,5,0.14044930096480596,0.9007729918368217,0.07628183386021391,0.05880960406269931,599;694;725;778;844
95,HrPd,,"3,1,2,4","4,3,2,1","3,1,2,4,4,3,2,1",1,2,False,1,0,122,49,P122,42131234,OD2,One-sided dominance type 2 — one player has a dominated action; needs L2(α) to reach NE (2 outcomes),A2,"Level-k(α) class: 22 games (OD2+CO2+MP); L1(α) concentrates one player, other splits; needs k=2",O2,One-sided dominance: one player has a dominant strategy (class 2 of 4); 18 perspectives,True,True,P1,0.66962306,0.3303769399999999,0.9153,1.301,0.6696,0.9246,1,False,True,6,0.37772597772597766,0.17902635981505696,0.15851464607796,0.09263160195397187,186;412;430;449;465;589
96,HrSh,,"3,1,2,4","3,4,2,1","3,1,2,4,3,4,2,1",0,0,False,1,-1,68,138,P68,24312134,MP,Matching pennies — no pure NE; Lk(α) cycles through all 4 outcomes,A4,Level-k(α) class: 8 MP games; L1(α) breaks ties; frequencies cluster around L1(α) prediction,H,Hero / anti-coordination: no dominant strategies; no pure NE; pure conflict (18 perspectives),True,False,P1,0.705099778,0.294900222,0.875,1.6004,0.7051,0.2018,0,False,False,0,,,,,
97,NcAs,Mutualism,"2,4,1,3","2,4,3,1","2,4,1,3,2,4,3,1",1,1,False,0,-1,45,118,P45,24132431,OD2,One-sided dominance type 2 — one player has a dominated action; needs L2(α) to reach NE (2 outcomes),A2,"Level-k(α) class: 22 games (OD2+CO2+MP); L1(α) concentrates one player, other splits; needs k=2",O4,One-sided dominance: one player has a dominant strategy (class 4 of 4); 18 perspectives,False,False,P1,0.922394678,0.922394678,0.3937,1.3936,0.9224,0.4945,1,True,False,0,,,,,
98,NcBa,Samson,"2,4,1,3","4,2,1,3","2,4,1,3,4,2,1,3",1,1,False,0,-1,51,124,P51,24134213,OD2,One-sided dominance type 2 — one player has a dominated action; needs L2(α) to reach NE (2 outcomes),A2,"Level-k(α) class: 22 games (OD2+CO2+MP); L1(α) concentrates one player, other splits; needs k=2",O1,One-sided dominance: one player has a dominant strategy (class 1 of 4); 18 perspectives,False,False,P1,0.687361419,0.687361419,0.8962,1.8046,0.6874,0.3237,1,True,False,0,,,,,
99,NcCh,Hegemony,"2,4,1,3","4,3,1,2","2,4,1,3,4,3,1,2",1,1,False,0,-1,47,120,P47,24134312,OD2,One-sided dominance type 2 — one player has a dominated action; needs L2(α) to reach NE (2 outcomes),A2,"Level-k(α) class: 22 games (OD2+CO2+MP); L1(α) concentrates one player, other splits; needs k=2",O1,One-sided dominance: one player has a dominant strategy (class 1 of 4); 18 perspectives,False,False,P1,0.793791574,0.793791574,0.7342,1.6402,0.7938,0.3215,1,True,False,0,,,,,
100,NcCm,Hostage,"2,4,1,3","4,1,3,2","2,4,1,3,4,1,3,2",1,1,False,0,0,111,37,P111,24134132,DD,Double dominance — both players have a strictly dominated action; unique pure NE at L1(α),A1,Level-k(α) class: 36 games (DD+OD1+CO1); Lk(α)→NE at k=1; NE is near-equal split; ≥67% play L1(α),D3,Dominant strategy: both players have dominant strategies; highest internal conflict of D-class (18 perspectives),False,False,P1,0.840354767,0.840354767,0.6335,1.2341,0.8404,0.8537,1,True,True,2,0.7587719298245614,0.29925775978407554,0.10544574807167816,0.060595520385081994,41;213
101,NcCo,Concord-Coordination,"2,4,1,3","1,4,3,2","2,4,1,3,1,4,3,2",1,1,False,0,1,46,119,P46,24131432,OD1,One-sided dominance type 1 — one player has a dominated action; L1(α) converges to NE (1 outcome),A1,Level-k(α) class: 36 games (DD+OD1+CO1); Lk(α)→NE at k=1; NE is near-equal split; ≥67% play L1(α),O4,One-sided dominance: one player has a dominant strategy (class 4 of 4); 18 perspectives,False,False,P1,0.909090909,0.909090909,0.4395,1.0287,0.9091,0.8581,1,True,False,8,0.8584858779855385,0.8994111181611182,0.0678405695634461,0.03674052074893865,55;446;634;669;695;824;888;927
102,NcDl,BlackmailType,"2,4,1,3","4,2,3,1","2,4,1,3,4,2,3,1",1,1,False,0,0,93,16,P93,24134231,DD,Double dominance — both players have a strictly dominated action; unique pure NE at L1(α),A1,Level-k(α) class: 36 games (DD+OD1+CO1); Lk(α)→NE at k=1; NE is near-equal split; ≥67% play L1(α),D3,Dominant strategy: both players have dominant strategies; highest internal conflict of D-class (18 perspectives),False,False,P1,0.88691796,0.88691796,0.5091,1.1426,0.8869,0.8404,1,True,True,2,0.8685152055384616,0.24710424710424705,0.07716192092926238,0.14742766866437673,38;78
103,NcHa,PureHarmony,"2,4,1,3","2,4,1,3","2,4,1,3,2,4,1,3",1,1,False,0,1,79,1,P79,24132413,DD,Double dominance — both players have a strictly dominated action; unique pure NE at L1(α),A1,Level-k(α) class: 36 games (DD+OD1+CO1); Lk(α)→NE at k=1; NE is near-equal split; ≥67% play L1(α),D1,Dominant strategy: both players have dominant strategies; stable equilibrium (9 perspectives),False,False,P1,0.917960089,0.917960089,0.4093,0.7274,0.918,0.9424,1,True,True,3,0.8935786435786436,0.9433648223121908,0.07925103310530854,0.02675345704943694,200;246;519
104,NcHr,Delilah,"2,4,1,3","4,1,2,3","2,4,1,3,4,1,2,3",1,1,False,0,0,54,127,P54,24134123,OD1,One-sided dominance type 1 — one player has a dominated action; L1(α) converges to NE (1 outcome),B1,Breakaway: 4 games (DD+OD1) incl. Prisoner's Dilemma; NE ≠ NES; ~30% cooperate (off-equilibrium),O1,One-sided dominance: one player has a dominant strategy (class 1 of 4); 18 perspectives,False,False,P1,0.671840355,0.671840355,0.913,1.7852,0.6718,0.7073,1,True,False,8,0.7753418879619624,0.32003715528091103,0.10425991682341022,0.0914809415826918,307;316;346;526;598;834;876;896
105,NcNc,Concord,"2,4,1,3","3,4,1,2","2,4,1,3,3,4,1,2",1,1,True,0,1,43,43,P43,24133412,DD,Double dominance — both players have a strictly dominated action; unique pure NE at L1(α),A1,Level-k(α) class: 36 games (DD+OD1+CO1); Lk(α)→NE at k=1; NE is near-equal split; ≥67% play L1(α),D1,Dominant strategy: both players have dominant strategies; stable equilibrium (9 perspectives),False,False,P1,0.849223947,0.849223947,0.6118,1.2236,0.8492,0.8492,1,True,True,3,0.8925925925925927,0.9393939393939394,0.09318330092895646,0.05248638810814775,173;270;487
106,NcPc,Concord-Peace,"2,4,1,3","1,4,2,3","2,4,1,3,1,4,2,3",1,1,False,0,1,100,24,P100,24131423,DD,Double dominance — both players have a strictly dominated action; unique pure NE at L1(α),A1,Level-k(α) class: 36 games (DD+OD1+CO1); Lk(α)→NE at k=1; NE is near-equal split; ≥67% play L1(α),D1,Dominant strategy: both players have dominant strategies; stable equilibrium (9 perspectives),False,False,P1,0.88691796,0.88691796,0.5091,0.8534,0.8869,0.9357,1,True,True,2,0.9045416316232129,0.8544749823819591,0.03746654938162541,0.008471328597724597,112;344
107,NcPd,HegemonType,"2,4,1,3","4,3,2,1","2,4,1,3,4,3,2,1",1,1,False,0,0,48,121,P48,24134321,DD,Double dominance — both players have a strictly dominated action; unique pure NE at L1(α),A1,Level-k(α) class: 36 games (DD+OD1+CO1); Lk(α)→NE at k=1; NE is near-equal split; ≥67% play L1(α),D3,Dominant strategy: both players have dominant strategies; highest internal conflict of D-class (18 perspectives),False,False,P1,0.88248337,0.88248337,0.5222,1.3378,0.8825,0.7472,1,True,True,3,0.9044566544566545,0.2760846560846561,0.03975174767024477,0.1428784228712657,290;509;520
108,NcSh,Anticipation,"2,4,1,3","3,4,2,1","2,4,1,3,3,4,2,1",1,1,False,0,-1,44,117,P44,24133421,OD2,One-sided dominance type 2 — one player has a dominated action; needs L2(α) to reach NE (2 outcomes),A2,"Level-k(α) class: 22 games (OD2+CO2+MP); L1(α) concentrates one player, other splits; needs k=2",O4,One-sided dominance: one player has a dominant strategy (class 4 of 4); 18 perspectives,False,False,P1,0.889135255,0.889135255,0.5025,1.4947,0.8891,0.5521,1,True,False,0,,,,,
109,PcAs,Privileged,"3,4,2,1","2,4,3,1","3,4,2,1,2,4,3,1",1,1,False,0,-1,26,102,P26,34212431,OD2,One-sided dominance type 2 — one player has a dominated action; needs L2(α) to reach NE (2 outcomes),A2,"Level-k(α) class: 22 games (OD2+CO2+MP); L1(α) concentrates one player, other splits; needs k=2",O4,One-sided dominance: one player has a dominant strategy (class 4 of 4); 18 perspectives,False,False,P1,0.909090909,0.909090909,0.4395,1.4394,0.9091,0.5055,1,True,False,0,,,,,
110,PcBa,Generous,"3,4,2,1","4,2,1,3","3,4,2,1,4,2,1,3",1,1,False,0,-1,34,109,P34,43122431,OD2,One-sided dominance type 2 — one player has a dominated action; needs L2(α) to reach NE (2 outcomes),A2,"Level-k(α) class: 22 games (OD2+CO2+MP); L1(α) concentrates one player, other splits; needs k=2",O1,One-sided dominance: one player has a dominant strategy (class 1 of 4); 18 perspectives,False,True,P1,0.915742794,0.915742794,0.417,1.4169,0.9157,0.5055,1,True,False,0,,,,,
111,PcCh,SamaritanType,"3,4,2,1","4,3,1,2","3,4,2,1,4,3,1,2",1,1,False,0,-1,29,104,P29,43123421,OD2,One-sided dominance type 2 — one player has a dominated action; needs L2(α) to reach NE (2 outcomes),A2,"Level-k(α) class: 22 games (OD2+CO2+MP); L1(α) concentrates one player, other splits; needs k=2",O1,One-sided dominance: one player has a dominant strategy (class 1 of 4); 18 perspectives,False,True,P1,0.911308204,0.911308204,0.4321,1.4282,0.9113,0.4634,1,True,False,0,,,,,
112,PcCm,Benevolent,"3,4,2,1","4,1,3,2","3,4,2,1,4,1,3,2",1,1,False,0,0,106,31,P106,43121423,DD,Double dominance — both players have a strictly dominated action; unique pure NE at L1(α),A1,Level-k(α) class: 36 games (DD+OD1+CO1); Lk(α)→NE at k=1; NE is near-equal split; ≥67% play L1(α),D3,Dominant strategy: both players have dominant strategies; highest internal conflict of D-class (18 perspectives),False,True,P1,0.88248337,0.88248337,0.5222,0.9543,0.8825,0.9113,1,True,True,3,0.8899436090225564,0.13178250114998596,0.08705072710034757,0.14035888603360053,184;278;730
113,PcCo,Peace-Coordination,"3,4,2,1","1,4,3,2","3,4,2,1,1,4,3,2",1,1,False,0,1,28,103,P28,34211432,OD1,One-sided dominance type 1 — one player has a dominated action; L1(α) converges to NE (1 outcome),A1,Level-k(α) class: 36 games (DD+OD1+CO1); Lk(α)→NE at k=1; NE is near-equal split; ≥67% play L1(α),O4,One-sided dominance: one player has a dominant strategy (class 4 of 4); 18 perspectives,False,False,P1,0.902439024,0.902439024,0.4612,1.1,0.9024,0.8381,1,True,False,5,0.9221067447045709,0.8817573483427141,0.03215331634009681,0.025826235110450756,196;447;554;657;677
114,PcDl,Peace-Lock,"3,4,2,1","4,2,3,1","3,4,2,1,4,2,3,1",1,1,False,0,0,86,9,P86,43122413,DD,Double dominance — both players have a strictly dominated action; unique pure NE at L1(α),A1,Level-k(α) class: 36 games (DD+OD1+CO1); Lk(α)→NE at k=1; NE is near-equal split; ≥67% play L1(α),D3,Dominant strategy: both players have dominant strategies; highest internal conflict of D-class (18 perspectives),False,True,P1,0.940133038,0.940133038,0.3269,0.8555,0.9401,0.8803,1,True,True,3,0.9012470508931582,0.0756573005302144,0.10514862170958963,0.05472075110017137,223;267;322
115,PcHa,,"3,4,2,1","2,4,1,3","3,4,2,1,2,4,1,3",1,1,False,0,1,82,5,P82,34212413,DD,Double dominance — both players have a strictly dominated action; unique pure NE at L1(α),A1,Level-k(α) class: 36 games (DD+OD1+CO1); Lk(α)→NE at k=1; NE is near-equal split; ≥67% play L1(α),D1,Dominant strategy: both players have dominant strategies; stable equilibrium (9 perspectives),False,False,P1,0.933481153,0.933481153,0.3528,0.8069,0.9335,0.9047,1,True,True,1,0.8888888888888888,0.8888888888888888,0.0,0.0,236
116,PcHr,Peace-Hero,"3,4,2,1","4,1,2,3","3,4,2,1,4,1,2,3",1,1,False,0,0,39,113,P39,43121432,OD1,One-sided dominance type 1 — one player has a dominated action; L1(α) converges to NE (1 outcome),A1,Level-k(α) class: 36 games (DD+OD1+CO1); Lk(α)→NE at k=1; NE is near-equal split; ≥67% play L1(α),O1,One-sided dominance: one player has a dominant strategy (class 1 of 4); 18 perspectives,False,True,P1,0.884700665,0.884700665,0.5157,1.0933,0.8847,0.8625,1,True,False,5,0.9244084265602803,0.1398403019839721,0.032192258649521396,0.11424252852187215,15;241;336;470;654
117,PcNc,,"3,4,2,1","3,4,1,2","3,4,2,1,3,4,1,2",1,1,False,0,1,24,100,P24,34213412,DD,Double dominance — both players have a strictly dominated action; unique pure NE at L1(α),A1,Level-k(α) class: 36 games (DD+OD1+CO1); Lk(α)→NE at k=1; NE is near-equal split; ≥67% play L1(α),D1,Dominant strategy: both players have dominant strategies; stable equilibrium (9 perspectives),False,False,P1,0.935698448,0.935698448,0.3443,0.8534,0.9357,0.8869,1,True,True,3,0.9073464913508772,0.8690854119425548,0.039485104160573374,0.06161850760692037,30;64;98
118,PcPc,Peace,"3,4,2,1","1,4,2,3","3,4,2,1,1,4,2,3",1,1,True,0,1,27,27,P27,34211423,DD,Double dominance — both players have a strictly dominated action; unique pure NE at L1(α),A1,Level-k(α) class: 36 games (DD+OD1+CO1); Lk(α)→NE at k=1; NE is near-equal split; ≥67% play L1(α),D1,Dominant strategy: both players have dominant strategies; stable equilibrium (9 perspectives),False,False,P1,0.904656319,0.904656319,0.4541,0.9081,0.9047,0.9047,1,True,True,1,0.8918918918918919,0.902439024390244,0.0,0.0,12
119,PcPd,ImpureAltruist,"3,4,2,1","4,3,2,1","3,4,2,1,4,3,2,1",1,1,False,0,0,30,105,P30,43123412,DD,Double dominance — both players have a strictly dominated action; unique pure NE at L1(α),A1,Level-k(α) class: 36 games (DD+OD1+CO1); Lk(α)→NE at k=1; NE is near-equal split; ≥67% play L1(α),D3,Dominant strategy: both players have dominant strategies; highest internal conflict of D-class (18 perspectives),False,True,P1,0.875831486,0.875831486,0.5412,1.1362,0.8758,0.8559,1,True,True,3,0.9061852550224643,0.25352022521505374,0.03453058580740942,0.1434659921243018,151;185;508
120,PcSh,PureAligned,"3,4,2,1","3,4,2,1","3,4,2,1,3,4,2,1",1,1,False,0,-1,25,101,P25,34213421,OD2,One-sided dominance type 2 — one player has a dominated action; needs L2(α) to reach NE (2 outcomes),A2,"Level-k(α) class: 22 games (OD2+CO2+MP); L1(α) concentrates one player, other splits; needs k=2",O4,One-sided dominance: one player has a dominant strategy (class 4 of 4); 18 perspectives,False,False,P1,0.922394678,0.922394678,0.3937,1.3937,0.9224,0.4989,1,True,False,0,,,,,
121,PdAs,,"1,3,2,4","2,4,3,1","1,3,2,4,2,4,3,1",1,1,False,1,-1,55,128,P55,42311342,OD1,One-sided dominance type 1 — one player has a dominated action; L1(α) converges to NE (1 outcome),B1,Breakaway: 4 games (DD+OD1) incl. Prisoner's Dilemma; NE ≠ NES; ~30% cooperate (off-equilibrium),O3,One-sided dominance: one player has a dominant strategy (class 3 of 4); 18 perspectives,True,True,P1,0.645232816,0.3547671839999999,0.9383,1.9018,0.6452,0.388,1,True,False,0,,,,,
122,PdBa,Patron,"1,3,2,4","4,2,1,3","1,3,2,4,4,2,1,3",1,1,False,1,-1,50,123,P50,24131342,OD1,One-sided dominance type 1 — one player has a dominated action; L1(α) converges to NE (1 outcome),A1,Level-k(α) class: 36 games (DD+OD1+CO1); Lk(α)→NE at k=1; NE is near-equal split; ≥67% play L1(α),O2,One-sided dominance: one player has a dominant strategy (class 2 of 4); 18 perspectives,True,False,P1,0.842572062,0.157427938,0.6281,1.3994,0.8426,0.2262,1,True,False,0,,,,,
123,PdCh,CalledBluff,"1,3,2,4","4,3,1,2","1,3,2,4,4,3,1,2",1,1,False,1,-1,53,126,P53,42312134,OD1,One-sided dominance type 1 — one player has a dominated action; L1(α) converges to NE (1 outcome),A1,Level-k(α) class: 36 games (DD+OD1+CO1); Lk(α)→NE at k=1; NE is near-equal split; ≥67% play L1(α),O2,One-sided dominance: one player has a dominant strategy (class 2 of 4); 18 perspectives,True,True,P1,0.725055432,0.274944568,0.8485,1.5912,0.7251,0.2106,1,True,False,0,,,,,
124,PdCm,Misery,"1,3,2,4","4,1,3,2","1,3,2,4,4,1,3,2",1,1,False,1,0,116,42,P116,24133241,DD,Double dominance — both players have a strictly dominated action; unique pure NE at L1(α),A1,Level-k(α) class: 36 games (DD+OD1+CO1); Lk(α)→NE at k=1; NE is near-equal split; ≥67% play L1(α),D2,Dominant strategy: both players have dominant strategies; different conflict structure from D1 (9 perspectives),True,False,P1,0.880266075,0.119733925,0.5286,1.1621,0.8803,0.8404,1,True,True,3,0.08626308841106717,0.3179050567595459,0.04687283935306591,0.07213362073817688,111;163;293
125,PdCo,,"1,3,2,4","1,4,3,2","1,3,2,4,1,4,3,2",1,1,False,1,1,52,125,P52,24133214,OD2,One-sided dominance type 2 — one player has a dominated action; needs L2(α) to reach NE (2 outcomes),A2,"Level-k(α) class: 22 games (OD2+CO2+MP); L1(α) concentrates one player, other splits; needs k=2",O3,One-sided dominance: one player has a dominant strategy (class 3 of 4); 18 perspectives,True,False,P1,0.776053215,0.2239467849999999,0.7673,1.5898,0.7761,0.7428,1,True,False,7,0.27580558385228715,0.8113082213757169,0.15044096585515637,0.052014962982371606,94;114;404;445;525;573;579
126,PdDl,TotalConflict,"1,3,2,4","4,2,3,1","1,3,2,4,4,2,3,1",1,1,False,1,0,99,23,P99,24133142,DD,Double dominance — both players have a strictly dominated action; unique pure NE at L1(α),A1,Level-k(α) class: 36 games (DD+OD1+CO1); Lk(α)→NE at k=1; NE is near-equal split; ≥67% play L1(α),D2,Dominant strategy: both players have dominant strategies; different conflict structure from D1 (9 perspectives),True,False,P1,0.815964523,0.184035477,0.6888,1.278,0.816,0.8581,1,True,True,3,0.2869554046024634,0.2774774774774775,0.041417135844512426,0.1335401366752273,45;160;165
127,PdHa,,"1,3,2,4","2,4,1,3","1,3,2,4,2,4,1,3",1,1,False,1,1,85,8,P85,24131324,DD,Double dominance — both players have a strictly dominated action; unique pure NE at L1(α),A1,Level-k(α) class: 36 games (DD+OD1+CO1); Lk(α)→NE at k=1; NE is near-equal split; ≥67% play L1(α),D3,Dominant strategy: both players have dominant strategies; highest internal conflict of D-class (18 perspectives),True,False,P1,0.822616408,0.1773835919999999,0.6743,1.0759,0.8226,0.9202,1,True,True,3,0.22907647907647907,0.9440742814483016,0.06950321719767417,0.027828678843786467,82;231;308
128,PdHr,DilemmaHero,"1,3,2,4","4,1,2,3","1,3,2,4,4,1,2,3",1,1,False,1,0,49,122,P49,24132341,OD2,One-sided dominance type 2 — one player has a dominated action; needs L2(α) to reach NE (2 outcomes),A2,"Level-k(α) class: 22 games (OD2+CO2+MP); L1(α) concentrates one player, other splits; needs k=2",O2,One-sided dominance: one player has a dominant strategy (class 2 of 4); 18 perspectives,True,False,P1,0.924611973,0.075388027,0.3857,1.301,0.9246,0.6696,1,True,False,6,0.23543562843901045,0.4071902946675194,0.10507401599482026,0.10151794107699212,1;101;432;469;658;839
129,PdNc,,"1,3,2,4","3,4,1,2","1,3,2,4,3,4,1,2",1,1,False,1,1,121,48,P121,42312143,DD,Double dominance — both players have a strictly dominated action; unique pure NE at L1(α),A1,Level-k(α) class: 36 games (DD+OD1+CO1); Lk(α)→NE at k=1; NE is near-equal split; ≥67% play L1(α),D3,Dominant strategy: both players have dominant strategies; highest internal conflict of D-class (18 perspectives),True,True,P1,0.747228381,0.252771619,0.8156,1.3378,0.7472,0.8825,1,True,True,3,0.27642220225340425,0.8946568519739252,0.06276236033889046,0.02676337652681872,138;154;199
130,PdPc,,"1,3,2,4","1,4,2,3","1,3,2,4,1,4,2,3",1,1,False,1,1,105,30,P105,24132314,DD,Double dominance — both players have a strictly dominated action; unique pure NE at L1(α),A1,Level-k(α) class: 36 games (DD+OD1+CO1); Lk(α)→NE at k=1; NE is near-equal split; ≥67% play L1(α),D3,Dominant strategy: both players have dominant strategies; highest internal conflict of D-class (18 perspectives),True,False,P1,0.855875831,0.144124169,0.5949,1.1362,0.8559,0.8758,1,True,True,2,0.2749999999999999,0.9036004645760745,0.13637059351454844,0.0016425244626864688,18;77
131,PdPd,PrisonerDilemma,"1,3,2,4","4,3,2,1","1,3,2,4,4,3,2,1",1,1,True,1,0,57,57,P57,42311234,DD,Double dominance — both players have a strictly dominated action; unique pure NE at L1(α),B1,Breakaway: 4 games (DD+OD1) incl. Prisoner's Dilemma; NE ≠ NES; ~30% cooperate (off-equilibrium),D2,Dominant strategy: both players have dominant strategies; different conflict structure from D1 (9 perspectives),True,True,P1,0.678492239,0.321507761,0.906,1.812,0.6785,0.6785,1,True,True,3,0.23552123552123547,0.3070947570947571,0.10403524876451802,0.052103160157838654,171;215;286
132,PdSh,,"1,3,2,4","3,4,2,1","1,3,2,4,3,4,2,1",1,1,False,1,-1,56,129,P56,42311243,OD1,One-sided dominance type 1 — one player has a dominated action; L1(α) converges to NE (1 outcome),B1,Breakaway: 4 games (DD+OD1) incl. Prisoner's Dilemma; NE ≠ NES; ~30% cooperate (off-equilibrium),O3,One-sided dominance: one player has a dominant strategy (class 3 of 4); 18 perspectives,True,True,P1,0.671840355,0.328159645,0.913,1.886,0.6718,0.4035,1,True,False,0,,,,,
133,ShAs,,"1,4,2,3","2,4,3,1","1,4,2,3,2,4,3,1",2,0,False,-1,-1,70,139,P70,14232431,CO1,Coordination type 1 — two pure NE; L1(α) selects one equilibrium (1 outcome),B2,"Breakaway: 3 CO1 games (Stag Hunt-like); one NE is Lk(α), other is NES; frequencies near 50-50",C,Coordination: no dominant strategies; two pure NE; coordination problem (9 perspectives),False,False,P1,0.516629712,0.516629712,0.9992,1.9984,0.5166,0.5166,2,False,False,0,,,,,
134,ShBa,InspectorCycle,"1,4,2,3","4,2,1,3","1,4,2,3,4,2,1,3",0,0,False,-1,-1,73,142,P73,14234213,MP,Matching pennies — no pure NE; Lk(α) cycles through all 4 outcomes,A4,Level-k(α) class: 8 MP games; L1(α) breaks ties; frequencies cluster around L1(α) prediction,H,Hero / anti-coordination: no dominant strategies; no pure NE; pure conflict (18 perspectives),False,False,P1,0.279379157,0.279379157,0.8546,1.6375,0.2794,0.2328,0,False,False,0,,,,,
135,ShCh,EndlessCycle,"1,4,2,3","4,3,1,2","1,4,2,3,4,3,1,2",0,0,False,-1,-1,71,140,P71,14234312,MP,Matching pennies — no pure NE; Lk(α) cycles through all 4 outcomes,A4,Level-k(α) class: 8 MP games; L1(α) breaks ties; frequencies cluster around L1(α) prediction,H,Hero / anti-coordination: no dominant strategies; no pure NE; pure conflict (18 perspectives),False,False,P1,0.407982262,0.407982262,0.9754,1.7733,0.408,0.2417,0,False,False,0,,,,,
136,ShCm,BigBully,"1,4,2,3","4,1,3,2","1,4,2,3,4,1,3,2",1,2,False,-1,0,115,41,P115,41321423,OD1,One-sided dominance type 1 — one player has a dominated action; L1(α) converges to NE (1 outcome),A1,Level-k(α) class: 36 games (DD+OD1+CO1); Lk(α)→NE at k=1; NE is near-equal split; ≥67% play L1(α),O3,One-sided dominance: one player has a dominant strategy (class 3 of 4); 18 perspectives,False,True,P1,0.246119734,0.246119734,0.8051,1.4745,0.2461,0.8248,1,False,True,0,,,,,
137,ShCo,,"1,4,2,3","1,4,3,2","1,4,2,3,1,4,3,2",2,0,False,-1,1,130,58,P130,14231432,CO2,"Coordination type 2 — two pure NE; Lk(α) cycles through all 4 outcomes, never reaching NE",A2,"Level-k(α) class: 22 games (OD2+CO2+MP); L1(α) concentrates one player, other splits; needs k=2",C,Coordination: no dominant strategies; two pure NE; coordination problem (9 perspectives),False,False,P1,0.501108647,0.501108647,1.0,1.6694,0.5011,0.8248,2,False,False,0,,,,,
138,ShDl,Hamlet,"1,4,2,3","4,2,3,1","1,4,2,3,4,2,3,1",1,2,False,-1,0,98,22,P98,14234231,OD1,One-sided dominance type 1 — one player has a dominated action; L1(α) converges to NE (1 outcome),A1,Level-k(α) class: 36 games (DD+OD1+CO1); Lk(α)→NE at k=1; NE is near-equal split; ≥67% play L1(α),O3,One-sided dominance: one player has a dominant strategy (class 3 of 4); 18 perspectives,False,False,P1,0.32594235,0.32594235,0.9107,1.5442,0.3259,0.8404,1,False,True,0,,,,,
139,ShHa,,"1,4,2,3","2,4,1,3","1,4,2,3,2,4,1,3",1,2,False,-1,1,80,2,P80,14232413,OD2,One-sided dominance type 2 — one player has a dominated action; needs L2(α) to reach NE (2 outcomes),A2,"Level-k(α) class: 22 games (OD2+CO2+MP); L1(α) concentrates one player, other splits; needs k=2",O4,One-sided dominance: one player has a dominant strategy (class 4 of 4); 18 perspectives,False,False,P1,0.532150776,0.532150776,0.997,1.3665,0.5322,0.929,1,False,True,0,,,,,
140,ShHr,CrisisCycle,"1,4,2,3","4,1,2,3","1,4,2,3,4,1,2,3",0,0,False,-1,0,138,68,P138,41321432,MP,Matching pennies — no pure NE; Lk(α) cycles through all 4 outcomes,A4,Level-k(α) class: 8 MP games; L1(α) breaks ties; frequencies cluster around L1(α) prediction,H,Hero / anti-coordination: no dominant strategies; no pure NE; pure conflict (18 perspectives),False,True,P1,0.201773836,0.201773836,0.7255,1.6004,0.2018,0.7051,0,False,False,0,,,,,
141,ShNc,,"1,4,2,3","3,4,1,2","1,4,2,3,3,4,1,2",1,2,False,-1,1,117,44,P117,14233412,OD2,One-sided dominance type 2 — one player has a dominated action; needs L2(α) to reach NE (2 outcomes),A2,"Level-k(α) class: 22 games (OD2+CO2+MP); L1(α) concentrates one player, other splits; needs k=2",O4,One-sided dominance: one player has a dominant strategy (class 4 of 4); 18 perspectives,False,False,P1,0.55210643,0.55210643,0.9922,1.4947,0.5521,0.8891,1,False,True,0,,,,,
142,ShPc,,"1,4,2,3","1,4,2,3","1,4,2,3,1,4,2,3",1,2,False,-1,1,101,25,P101,14231423,OD2,One-sided dominance type 2 — one player has a dominated action; needs L2(α) to reach NE (2 outcomes),A2,"Level-k(α) class: 22 games (OD2+CO2+MP); L1(α) concentrates one player, other splits; needs k=2",O4,One-sided dominance: one player has a dominant strategy (class 4 of 4); 18 perspectives,False,False,P1,0.498891353,0.498891353,1.0,1.3937,0.4989,0.9224,1,False,True,0,,,,,
143,ShPd,AsymDilemma,"1,4,2,3","4,3,2,1","1,4,2,3,4,3,2,1",1,2,False,-1,0,129,56,P129,14234321,OD1,One-sided dominance type 1 — one player has a dominated action; L1(α) converges to NE (1 outcome),B1,Breakaway: 4 games (DD+OD1) incl. Prisoner's Dilemma; NE ≠ NES; ~30% cooperate (off-equilibrium),O3,One-sided dominance: one player has a dominant strategy (class 3 of 4); 18 perspectives,False,False,P1,0.403547672,0.403547672,0.973,1.886,0.4035,0.6718,1,False,True,0,,,,,
144,ShSh,StagHunt,"1,4,2,3","3,4,2,1","1,4,2,3,3,4,2,1",2,0,True,-1,-1,69,69,P69,14233421,CO1,Coordination type 1 — two pure NE; L1(α) selects one equilibrium (1 outcome),B2,"Breakaway: 3 CO1 games (Stag Hunt-like); one NE is Lk(α), other is NES; frequencies near 50-50",C,Coordination: no dominant strategies; two pure NE; coordination problem (9 perspectives),False,False,P1,0.474501109,0.474501109,0.9981,1.9962,0.4745,0.4745,2,False,False,0,,,,,
