game_id,p_id_x,p_id_y,is_symmetric,canonical_x,canonical_y,bruns_name_x,bruns_name_y,bruns_long_name_x,bruns_long_name_y,canonical_p1_x,canonical_p2_x,canonical_p1_y,canonical_p2_y,nash_count,dominance_level,canon_l1_p1,canon_l1_p2,nagel_perspective_x,nagel_perspective_y,lk_type_x,lk_type_y,emp_class_x,emp_class_y,rgg_class_x,rgg_class_y,frac_choose_A_x,frac_choose_A_y,nagel_p1,nagel_p2,entropy_binary_x,entropy_binary_y,clean_grif_n,clean_grif_p1_mean,clean_grif_p2_mean,clean_grif_p1_std,clean_grif_p2_std,clean_grif_game_ids,nagel_grif_gap,game_code_x,canonical_action_p1_x,complexity_score_x,num_pure_ne_x,iesds_depth_x,dominance_profile_x,nagel_pcanon_x,nagel_pcanon_y,grif_rank_clean,payoff_scale_llm,payoff_scale_mgn,payoff_scale_griffiths
1,1,79,False,81,103,HaNc,NcHa,,PureHarmony,"3,4,1,2","3,4,1,2","2,4,1,3","2,4,1,3",1,1,0,1,P1,P79,DD,DD,A1,A1,D1,D1,0.942350333,0.917960089,0.942350333,0.917960089,0.318,0.4093,4,0.9039521881627144,0.8821405044231131,0.0817960139521841,0.0686328998479416,395;200;246;519,0.0525115241276228,HaNc,0,-0.7698003589195012,1,1,0,0.942350333,0.917960089,True,rank_1to4_pm1,rank_1to4,cardinal
2,2,80,False,84,139,HaSh,ShHa,Harmony-Hunt,,"3,4,1,2","3,4,2,1","1,4,2,3","2,4,1,3",1,1,0,-1,P2,P80,OD2,OD2,A2,A2,O4,O4,0.929046563,0.532150776,0.929046563,0.532150776,0.3695,0.997,0,,,,,,,HaSh,0,-0.6543303050815759,1,1,1,0.929046563,0.532150776,False,rank_1to4_pm1,rank_1to4,cardinal
3,3,3,True,79,79,HaHa,HaHa,Harmony,Harmony,"3,4,1,2","2,4,1,3","3,4,1,2","2,4,1,3",1,1,0,1,P3,P3,DD,DD,A1,A1,D1,D1,0.935698448,0.935698448,0.935698448,0.935698448,0.3443,0.3443,2,0.932967032967033,0.9301552106430157,0.0139867275399535,0.0297894209369055,192;324,0.006179652779743,HaHa,0,-0.6543303050815759,1,1,0,0.935698448,0.935698448,True,rank_1to4_pm1,rank_1to4,cardinal
4,4,81,False,73,7,HaAs,AsHa,Harmony-Assurance,,"3,4,1,2","2,4,3,1","1,4,3,2","2,4,1,3",1,1,0,-1,P4,P81,OD2,OD2,A2,A2,O4,O4,0.940133038,0.549889135,0.940133038,0.549889135,0.3269,0.9928,0,,,,,,,HaAs,0,-0.4233901974057255,1,1,1,0.940133038,0.549889135,False,rank_1to4_pm1,rank_1to4,cardinal
5,5,82,False,82,115,HaPc,PcHa,AsymHarmony,,"3,4,1,2","1,4,2,3","3,4,2,1","2,4,1,3",1,1,0,1,P5,P82,DD,DD,A1,A1,D1,D1,0.904656319,0.933481153,0.904656319,0.933481153,0.4541,0.3528,3,0.9148148148148147,0.9244805781391148,0.027962349760262,0.0320944715851882,17;137;236,0.0135722284480483,HaPc,0,-0.4233901974057255,1,1,0,0.904656319,0.933481153,True,rank_1to4_pm1,rank_1to4,cardinal
6,6,83,False,77,55,HaCo,CoHa,Harmony-Coordination,,"3,4,1,2","1,4,3,2","2,4,3,1","2,4,1,3",1,1,0,1,P6,P83,OD1,OD1,A1,A1,O4,O4,0.920177384,0.871396896,0.920177384,0.871396896,0.4016,0.5536,10,0.939976376895906,0.918591483931074,0.0382768076142463,0.0423960350489236,283;523;789;909;968;343;697;755;772;783,0.0511793830529052,HaCo,0,-0.3079201435678004,1,1,1,0.920177384,0.871396896,True,rank_1to4_pm1,rank_1to4,cardinal
7,7,84,False,75,31,HaCh,ChHa,Samaritan'sD,,"3,4,1,2","4,3,1,2","2,3,1,4","2,4,1,3",1,1,0,-1,P7,P84,OD2,OD2,A2,A2,O1,O1,0.853658537,0.383592018,0.853658537,0.616407982,0.6006,0.9605,0,,,,,,,HaCh,0,-0.6543303050815759,1,1,1,0.853658537,0.383592018,False,rank_1to4_pm1,rank_1to4,cardinal
8,8,85,False,83,127,HaPd,PdHa,AltruistType,,"3,4,1,2","4,3,2,1","1,3,2,4","2,4,1,3",1,1,0,0,P8,P85,DD,DD,A1,A1,D3,D3,0.920177384,0.822616408,0.920177384,0.1773835919999999,0.4016,0.6743,5,0.9243105059414845,0.23353611306694,0.0345745127833981,0.1199562701649396,95;124;82;231;308,0.0563044253958455,HaPd,0,-0.5388602512436508,1,1,0,0.920177384,0.8226164080000001,True,rank_1to4_pm1,rank_1to4,cardinal
9,9,86,False,70,114,DlPc,PcDl,,Peace-Lock,"1,2,3,4","1,4,2,3","3,4,2,1","4,2,3,1",1,1,1,1,P9,P86,DD,DD,A1,A1,D3,D3,0.880266075,0.940133038,0.119733925,0.940133038,0.5286,0.3269,5,0.1194203543441026,0.9026072048948692,0.077323594784234,0.0779181018327764,52;190;223;267;322,0.0375271432004939,DlPc,1,-0.4233901974057255,1,1,0,0.880266075,0.940133038,True,rank_1to4_pm1,rank_1to4,cardinal
10,10,87,False,68,90,DlHr,HrDl,Deadlock-Hero,,"1,2,3,4","4,1,2,3","3,1,2,4","4,2,3,1",1,1,1,0,P10,P87,OD2,OD2,A2,A2,O2,O2,0.909090909,0.594235033,0.090909091,0.405764967,0.4395,0.9742,12,0.0914231245328357,0.3980414277053066,0.0500005611453406,0.1032350839832626,104;222;314;422;522;605;148;220;327;496;622;692,0.0077406259249205,DlHr,1,-0.0769800358919501,1,1,1,0.909090909,0.405764967,True,rank_1to4_pm1,rank_1to4,cardinal
11,11,88,False,67,78,DlHa,HaDl,,BenevolentType,"1,2,3,4","2,4,1,3","3,4,1,2","4,2,3,1",1,1,1,1,P11,P88,DD,DD,A1,A1,D3,D3,0.917960089,0.929046563,0.0820399109999999,0.929046563,0.4093,0.3695,4,0.1160863130677371,0.8636207393156818,0.0758798014424525,0.0395801881754314,218;342;50;141,0.0737542941023064,DlHa,1,-0.1924500897298753,1,1,0,0.9179600890000001,0.929046563,True,rank_1to4_pm1,rank_1to4,cardinal
12,12,89,False,62,18,DlBa,BaDl,Deadlock-Battle,,"1,2,3,4","4,2,1,3","3,2,1,4","4,2,3,1",1,1,1,-1,P12,P89,OD1,OD1,A1,A1,O2,O2,0.88248337,0.22616408,0.11751663,0.77383592,0.5222,0.7713,0,,,,,,,DlBa,1,0.0384900179459749,1,1,1,0.88248337,0.77383592,False,rank_1to4_pm1,rank_1to4,cardinal
13,13,90,False,74,19,HaBa,BaHa,Harmony-Battle,,"3,4,1,2","4,2,1,3","3,2,1,4","2,4,1,3",1,1,0,-1,P13,P90,OD2,OD2,A2,A2,O1,O1,0.909090909,0.496674058,0.909090909,0.503325942,0.4395,1.0,0,,,,,,,HaBa,0,-0.4233901974057255,1,1,1,0.909090909,0.496674058,False,rank_1to4_pm1,rank_1to4,cardinal
14,14,91,False,65,54,DlCo,CoDl,,Coordination-Lock,"1,2,3,4","1,4,3,2","2,4,3,1","4,2,3,1",1,1,1,1,P14,P91,OD2,OD2,A2,A2,O3,O3,0.924611973,0.609756098,0.075388027,0.609756098,0.3857,0.965,16,0.1558796635368056,0.720288417022422,0.1216764806429673,0.1007659620323527,19;116;178;410;548;600;645;708;517;602;640;661;666;742;744;832,0.1367344035012684,DlCo,1,-0.3079201435678004,1,1,1,0.924611973,0.39024390200000003,True,rank_1to4_pm1,rank_1to4,cardinal
15,15,92,False,64,42,DlCm,CmDl,AsymLock,,"1,2,3,4","4,1,3,2","2,1,3,4","4,2,3,1",1,1,1,0,P15,P92,DD,DD,A1,A1,D2,D2,0.937915743,0.89135255,0.0620842569999999,0.1086474499999999,0.3357,0.4958,5,0.0779045902129198,0.1671103196519368,0.0334266796229162,0.0625965790966179,300;504;240;263;360,0.0605655848721631,DlCm,1,0.0384900179459749,1,1,0,0.9379157430000001,0.8913525500000001,True,rank_1to4_pm1,rank_1to4,cardinal
16,16,93,False,69,102,DlNc,NcDl,,BlackmailType,"1,2,3,4","3,4,1,2","2,4,1,3","4,2,3,1",1,1,1,1,P16,P93,DD,DD,A1,A1,D3,D3,0.840354767,0.88691796,0.159645233,0.88691796,0.6335,0.5091,5,0.2203573648330863,0.9106798917391942,0.1189614531410237,0.0578964623531179,212;340;386;38;78,0.0651965670238562,DlNc,1,0.1539600717839002,1,1,0,0.840354767,0.88691796,True,rank_1to4_pm1,rank_1to4,cardinal
17,17,94,False,63,30,DlCh,ChDl,Bully,,"1,2,3,4","4,3,1,2","2,3,1,4","4,2,3,1",1,1,1,-1,P17,P94,OD1,OD1,A1,A1,O2,O2,0.849223947,0.241685144,0.1507760529999999,0.758314856,0.6118,0.7978,0,,,,,,,DlCh,1,0.2694301256218253,1,1,1,0.849223947,0.758314856,False,rank_1to4_pm1,rank_1to4,cardinal
18,18,95,False,80,91,HaHr,HrHa,Harmony-Hero,,"3,4,1,2","4,1,2,3","3,1,2,4","2,4,1,3",1,1,0,0,P18,P95,OD1,OD1,A1,A1,O1,O1,0.902439024,0.838137472,0.902439024,0.161862528,0.4612,0.6387,12,0.8614066664246839,0.1849741487311905,0.0573659983739007,0.0886819791079372,268;471;478;651;673;172;440;444;477;593;660;719,0.0470935386333517,HaHr,0,-0.0769800358919501,1,1,1,0.902439024,0.838137472,True,rank_1to4_pm1,rank_1to4,cardinal
19,19,96,False,76,43,HaCm,CmHa,Harmony-Compromise,,"3,4,1,2","4,1,3,2","2,1,3,4","2,4,1,3",1,1,0,0,P19,P96,DD,DD,A1,A1,D3,D3,0.900221729,0.871396896,0.900221729,0.1286031039999999,0.4683,0.5536,4,0.9476422022586084,0.1217614510297437,0.0223195247329752,0.0833902682803058,13;191;315;378,0.0479114756549597,HaCm,0,0.0384900179459749,1,1,0,0.900221729,0.871396896,True,rank_1to4_pm1,rank_1to4,cardinal
20,20,97,False,61,6,DlAs,AsDl,,AssuranceLock,"1,2,3,4","2,4,3,1","1,4,3,2","4,2,3,1",1,1,1,-1,P20,P97,OD1,OD1,A1,A1,O3,O3,0.873614191,0.310421286,0.1263858089999999,0.310421286,0.5474,0.8937,0,,,,,,,DlAs,1,0.0384900179459749,1,1,1,0.8736141910000002,0.689578714,False,rank_1to4_pm1,rank_1to4,cardinal
21,21,21,True,66,66,DlDl,DlDl,Deadlock,Deadlock,"1,2,3,4","4,2,3,1","1,2,3,4","4,2,3,1",1,1,1,0,P21,P21,DD,DD,A1,A1,D2,D2,0.862527716,0.862527716,0.137472284,0.137472284,0.5776,0.5776,3,0.1374624999293987,0.1066800472820512,0.0654864753030203,0.0420358404650704,3;93;149,0.030792238272367,DlDl,1,0.2694301256218253,1,1,0,0.862527716,0.862527716,True,rank_1to4_pm1,rank_1to4,cardinal
22,22,98,False,72,138,DlSh,ShDl,,Hamlet,"1,2,3,4","3,4,2,1","1,4,2,3","4,2,3,1",1,1,1,-1,P22,P98,OD1,OD1,A1,A1,O3,O3,0.840354767,0.32594235,0.159645233,0.32594235,0.6335,0.9107,0,,,,,,,DlSh,1,0.2694301256218253,1,1,1,0.840354767,0.67405765,False,rank_1to4_pm1,rank_1to4,cardinal
23,23,99,False,71,126,DlPd,PdDl,,TotalConflict,"1,2,3,4","4,3,2,1","1,3,2,4","4,2,3,1",1,1,1,0,P23,P99,DD,DD,A1,A1,D2,D2,0.858093126,0.815964523,0.141906874,0.184035477,0.5892,0.6888,3,0.2774774774774775,0.2869554046024634,0.1335401366752273,0.0414171358445124,45;160;165,0.1702113392960167,DlPd,1,0.3849001794597504,1,1,0,0.858093126,0.815964523,True,rank_1to4_pm1,rank_1to4,cardinal
24,24,100,False,117,106,PcNc,NcPc,,Concord-Peace,"3,4,2,1","3,4,1,2","2,4,1,3","1,4,2,3",1,1,0,1,P24,P100,DD,DD,A1,A1,D1,D1,0.935698448,0.88691796,0.935698448,0.88691796,0.3443,0.5091,5,0.8861978877633099,0.883267899814818,0.0404486899112126,0.0512493792616692,30;64;98;112;344,0.0496349514264055,PcNc,0,-0.6543303050815759,1,1,0,0.935698448,0.88691796,True,rank_1to4_pm1,rank_1to4,cardinal
25,25,101,False,120,142,PcSh,ShPc,PureAligned,,"3,4,2,1","3,4,2,1","1,4,2,3","1,4,2,3",1,1,0,-1,P25,P101,OD2,OD2,A2,A2,O4,O4,0.922394678,0.498891353,0.922394678,0.498891353,0.3937,1.0,0,,,,,,,PcSh,0,-0.7698003589195012,1,1,1,0.922394678,0.498891353,False,rank_1to4_pm1,rank_1to4,cardinal
26,26,102,False,109,10,PcAs,AsPc,Privileged,,"3,4,2,1","2,4,3,1","1,4,3,2","1,4,2,3",1,1,0,-1,P26,P102,OD2,OD2,A2,A2,O4,O4,0.909090909,0.505543237,0.909090909,0.505543237,0.4395,0.9999,0,,,,,,,PcAs,0,-0.6543303050815759,1,1,1,0.909090909,0.505543237,False,rank_1to4_pm1,rank_1to4,cardinal
27,27,27,True,118,118,PcPc,PcPc,Peace,Peace,"3,4,2,1","1,4,2,3","3,4,2,1","1,4,2,3",1,1,0,1,P27,P27,DD,DD,A1,A1,D1,D1,0.904656319,0.904656319,0.904656319,0.904656319,0.4541,0.4541,1,0.8918918918918919,0.902439024390244,0.0,0.0,12,0.0129555777480071,PcPc,0,-0.3079201435678004,1,1,0,0.904656319,0.904656319,True,rank_1to4_pm1,rank_1to4,cardinal
28,28,103,False,113,58,PcCo,CoPc,Peace-Coordination,,"3,4,2,1","1,4,3,2","2,4,3,1","1,4,2,3",1,1,0,1,P28,P103,OD1,OD1,A1,A1,O4,O4,0.902439024,0.838137472,0.902439024,0.838137472,0.4612,0.6387,12,0.9205310430400546,0.8472239691436495,0.0379040857288609,0.0616641397281314,196;447;554;657;677;23;132;226;244;313;426;439,0.0202456312148386,PcCo,0,-0.4233901974057255,1,1,1,0.902439024,0.838137472,True,rank_1to4_pm1,rank_1to4,cardinal
29,29,104,False,111,34,PcCh,ChPc,SamaritanType,,"3,4,2,1","4,3,1,2","2,3,1,4","1,4,2,3",1,1,0,-1,P29,P104,OD2,OD2,A2,A2,O1,O1,0.911308204,0.463414634,0.911308204,0.536585366,0.4321,0.9961,0,,,,,,,PcCh,0,-0.5388602512436508,1,1,1,0.911308204,0.46341463400000005,False,rank_1to4_pm1,rank_1to4,cardinal
30,30,105,False,119,130,PcPd,PdPc,ImpureAltruist,,"3,4,2,1","4,3,2,1","1,3,2,4","1,4,2,3",1,1,0,0,P30,P105,DD,DD,A1,A1,D3,D3,0.875831486,0.855875831,0.875831486,0.144124169,0.5412,0.5949,5,0.9051513388439084,0.2621121351290322,0.0244716058371654,0.1227961496115667,151;185;508;18;77,0.1215763707389478,PcPd,0,-0.6543303050815759,1,1,0,0.875831486,0.855875831,True,rank_1to4_pm1,rank_1to4,cardinal
31,31,106,False,46,112,CmPc,PcCm,,Benevolent,"2,1,3,4","1,4,2,3","3,4,2,1","4,1,3,2",1,1,1,1,P31,P106,DD,DD,A1,A1,D3,D3,0.911308204,0.88248337,0.0886917959999999,0.88248337,0.4321,0.5222,5,0.1122627780009159,0.9262738577212264,0.1041948408415712,0.0803032618058204,166;261;184;278;730,0.0497312578500723,CmPc,1,-0.0769800358919501,1,1,0,0.9113082040000001,0.88248337,True,rank_1to4_pm1,rank_1to4,cardinal
32,32,107,False,44,88,CmHr,HrCm,Compromise-Hero,,"2,1,3,4","4,1,2,3","3,1,2,4","4,1,3,2",1,1,1,0,P32,P107,OD2,OD2,A2,A2,O2,O2,0.935698448,0.682926829,0.0643015519999999,0.317073171,0.3443,0.9012,13,0.1510894762826194,0.4105496222963942,0.0840559209791684,0.1175688175753227,42;105;123;134;272;474;500;354;382;388;425;437;717,0.1275538739053144,CmHr,1,-0.4233901974057255,1,1,1,0.9356984480000001,0.317073171,True,rank_1to4_pm1,rank_1to4,cardinal
33,33,108,False,38,16,CmBa,BaCm,Protector,,"2,1,3,4","4,2,1,3","3,2,1,4","4,1,3,2",1,1,1,-1,P33,P108,OD1,OD1,A1,A1,O2,O2,0.889135255,0.279379157,0.1108647449999999,0.7206208430000001,0.5025,0.8546,0,,,,,,,CmBa,1,-0.1924500897298753,1,1,1,0.8891352550000001,0.7206208430000001,False,rank_1to4_pm1,rank_1to4,cardinal
34,34,109,False,110,22,PcBa,BaPc,Generous,,"3,4,2,1","4,2,1,3","3,2,1,4","1,4,2,3",1,1,0,-1,P34,P109,OD2,OD2,A2,A2,O1,O1,0.915742794,0.505543237,0.915742794,0.4944567629999999,0.417,0.9999,0,,,,,,,PcBa,0,-0.1924500897298753,1,1,1,0.915742794,0.5055432370000001,False,rank_1to4_pm1,rank_1to4,cardinal
35,35,110,False,41,52,CmCo,CoCm,,Coordination-Compromise,"2,1,3,4","1,4,3,2","2,4,3,1","4,1,3,2",1,1,1,1,P35,P110,OD2,OD2,A2,A2,O3,O3,0.926829268,0.636363636,0.073170732,0.636363636,0.3776,0.9457,14,0.1201171792265922,0.6851778239641357,0.0958726460088179,0.1132774905023829,40;72;142;334;431;586;146;532;583;624;731;762;795;810,0.0677258728537121,CmCo,1,0.0384900179459749,1,1,1,0.926829268,0.363636364,True,rank_1to4_pm1,rank_1to4,cardinal
36,36,36,True,40,40,CmCm,CmCm,Compromise,Compromise,"2,1,3,4","4,1,3,2","2,1,3,4","4,1,3,2",1,1,1,0,P36,P36,DD,DD,A1,A1,D2,D2,0.898004435,0.898004435,0.1019955649999999,0.1019955649999999,0.4753,0.4753,2,0.2069264069264069,0.1930894308943089,0.050201520395928,0.0373674315261183,6;188,0.1389552949367348,CmCm,1,-0.3079201435678004,1,1,0,0.898004435,0.898004435,True,rank_1to4_pm1,rank_1to4,cardinal
37,37,111,False,45,100,CmNc,NcCm,,Hostage,"2,1,3,4","3,4,1,2","2,4,1,3","4,1,3,2",1,1,1,1,P37,P111,DD,DD,A1,A1,D3,D3,0.853658537,0.840354767,0.1463414629999999,0.840354767,0.6006,0.6335,5,0.2290156271391969,0.8166917293233082,0.0821231260252332,0.0751795316902373,356;649;686;41;213,0.085993934484959,CmNc,1,0.2694301256218253,1,1,0,0.853658537,0.840354767,True,rank_1to4_pm1,rank_1to4,cardinal
38,38,112,False,39,28,CmCh,ChCm,UnfairType,,"2,1,3,4","4,3,1,2","2,3,1,4","4,1,3,2",1,1,1,-1,P38,P112,OD1,OD1,A1,A1,O2,O2,0.813747228,0.310421286,0.186252772,0.689578714,0.6936,0.8937,0,,,,,,,CmCh,1,0.1539600717839002,1,1,1,0.813747228,0.689578714,False,rank_1to4_pm1,rank_1to4,cardinal
39,39,113,False,116,94,PcHr,HrPc,Peace-Hero,,"3,4,2,1","4,1,2,3","3,1,2,4","1,4,2,3",1,1,0,0,P39,P113,OD1,OD1,A1,A1,O1,O1,0.884700665,0.862527716,0.884700665,0.137472284,0.5157,0.5776,10,0.9125907091985508,0.140144801474389,0.0463995074498447,0.0915799718521643,15;241;336;470;654;599;694;725;778;844,0.0280177963988611,PcHr,0,0.0384900179459749,1,1,1,0.884700665,0.862527716,True,rank_1to4_pm1,rank_1to4,cardinal
40,40,114,False,37,4,CmAs,AsCm,,2ndBest,"2,1,3,4","2,4,3,1","1,4,3,2","4,1,3,2",1,1,1,-1,P40,P114,OD1,OD1,A1,A1,O3,O3,0.904656319,0.195121951,0.095343681,0.195121951,0.4541,0.7121,0,,,,,,,CmAs,1,0.2694301256218253,1,1,1,0.904656319,0.804878049,False,rank_1to4_pm1,rank_1to4,cardinal
41,41,115,False,48,136,CmSh,ShCm,,BigBully,"2,1,3,4","3,4,2,1","1,4,2,3","4,1,3,2",1,1,1,-1,P41,P115,OD1,OD1,A1,A1,O3,O3,0.824833703,0.246119734,0.1751662969999999,0.246119734,0.6694,0.8051,0,,,,,,,CmSh,1,0.3849001794597504,1,1,1,0.8248337030000001,0.753880266,False,rank_1to4_pm1,rank_1to4,cardinal
42,42,116,False,47,124,CmPd,PdCm,,Misery,"2,1,3,4","4,3,2,1","1,3,2,4","4,1,3,2",1,1,1,0,P42,P116,DD,DD,A1,A1,D2,D2,0.840354767,0.880266075,0.159645233,0.119733925,0.6335,0.5286,5,0.2657430340557275,0.0927189514553359,0.0982669744570254,0.0491453215697995,85;117;111;163;293,0.1094831136955815,CmPd,1,0.2694301256218253,1,1,0,0.840354767,0.880266075,True,rank_1to4_pm1,rank_1to4,cardinal
43,43,43,True,105,105,NcNc,NcNc,Concord,Concord,"2,4,1,3","3,4,1,2","2,4,1,3","3,4,1,2",1,1,0,1,P43,P43,DD,DD,A1,A1,D1,D1,0.849223947,0.849223947,0.849223947,0.849223947,0.6118,0.6118,3,0.8925925925925927,0.9393939393939394,0.0931833009289564,0.0524863881081477,173;270;487,0.1000573183173474,NcNc,0,-0.6543303050815759,1,1,0,0.849223947,0.849223947,True,rank_1to4_pm1,rank_1to4,cardinal
44,44,117,False,108,141,NcSh,ShNc,Anticipation,,"2,4,1,3","3,4,2,1","1,4,2,3","3,4,1,2",1,1,0,-1,P44,P117,OD2,OD2,A2,A2,O4,O4,0.889135255,0.55210643,0.889135255,0.55210643,0.5025,0.9922,0,,,,,,,NcSh,0,-0.4233901974057255,1,1,1,0.889135255,0.55210643,False,rank_1to4_pm1,rank_1to4,cardinal
45,45,118,False,97,9,NcAs,AsNc,Mutualism,,"2,4,1,3","2,4,3,1","1,4,3,2","3,4,1,2",1,1,0,-1,P45,P118,OD2,OD2,A2,A2,O4,O4,0.922394678,0.494456763,0.922394678,0.494456763,0.3937,0.9999,0,,,,,,,NcAs,0,-0.3079201435678004,1,1,1,0.922394678,0.494456763,False,rank_1to4_pm1,rank_1to4,cardinal
46,46,119,False,101,57,NcCo,CoNc,Concord-Coordination,,"2,4,1,3","1,4,3,2","2,4,3,1","3,4,1,2",1,1,0,1,P46,P119,OD1,OD1,A1,A1,O4,O4,0.909090909,0.858093126,0.909090909,0.858093126,0.4395,0.5892,16,0.8729322682799783,0.8881487224060554,0.0702950641048712,0.0520158830200332,55;446;634;669;695;824;888;927;25;168;262;273;584;681;683;723,0.0470189980119026,NcCo,0,-0.4233901974057255,1,1,1,0.909090909,0.858093126,True,rank_1to4_pm1,rank_1to4,cardinal
47,47,120,False,99,33,NcCh,ChNc,Hegemony,,"2,4,1,3","4,3,1,2","2,3,1,4","3,4,1,2",1,1,0,-1,P47,P120,OD2,OD2,A2,A2,O1,O1,0.793791574,0.321507761,0.793791574,0.678492239,0.7342,0.906,0,,,,,,,NcCh,0,-0.4233901974057255,1,1,1,0.793791574,0.321507761,False,rank_1to4_pm1,rank_1to4,cardinal
48,48,121,False,107,129,NcPd,PdNc,HegemonType,,"2,4,1,3","4,3,2,1","1,3,2,4","3,4,1,2",1,1,0,0,P48,P121,DD,DD,A1,A1,D3,D3,0.88248337,0.747228381,0.88248337,0.252771619,0.5222,0.8156,6,0.8995567532152897,0.2762534291690302,0.0307799081381375,0.0986984154899175,290;509;520;138;154;199,0.0290326682072197,NcPd,0,-0.1924500897298753,1,1,0,0.88248337,0.747228381,True,rank_1to4_pm1,rank_1to4,cardinal
49,49,122,False,128,95,PdHr,HrPd,DilemmaHero,,"1,3,2,4","4,1,2,3","3,1,2,4","4,3,2,1",1,1,1,0,P49,P122,OD2,OD2,A2,A2,O2,O2,0.924611973,0.66962306,0.075388027,0.3303769399999999,0.3857,0.9153,12,0.2072309941270337,0.3924581361967485,0.0989268918992303,0.1278380953419234,1;101;432;469;658;839;186;412;430;449;465;589,0.1457279757015765,PdHr,1,0.0384900179459749,1,1,1,0.924611973,0.3303769399999999,True,rank_1to4_pm1,rank_1to4,cardinal
50,50,123,False,122,23,PdBa,BaPd,Patron,,"1,3,2,4","4,2,1,3","3,2,1,4","4,3,2,1",1,1,1,-1,P50,P123,OD1,OD1,A1,A1,O2,O2,0.842572062,0.22616408,0.157427938,0.77383592,0.6281,0.7713,0,,,,,,,PdBa,1,-0.0769800358919501,1,1,1,0.842572062,0.77383592,False,rank_1to4_pm1,rank_1to4,cardinal
51,51,124,False,98,21,NcBa,BaNc,Samson,,"2,4,1,3","4,2,1,3","3,2,1,4","3,4,1,2",1,1,0,-1,P51,P124,OD2,OD2,A2,A2,O1,O1,0.687361419,0.323725055,0.687361419,0.6762749450000001,0.8962,0.9084,0,,,,,,,NcBa,0,-0.3079201435678004,1,1,1,0.687361419,0.32372505499999993,False,rank_1to4_pm1,rank_1to4,cardinal
52,52,125,False,125,59,PdCo,CoPd,,Revelation,"1,3,2,4","1,4,3,2","2,4,3,1","4,3,2,1",1,1,1,1,P52,P125,OD2,OD2,A2,A2,O3,O3,0.776053215,0.742793792,0.2239467849999999,0.742793792,0.7673,0.8225,14,0.2676666136307547,0.8286290071681898,0.109100702179781,0.0685025073596319,94;114;404;445;525;573;579;65;153;159;219;287;325;804,0.0963281245455968,PdCo,1,-0.4233901974057255,1,1,1,0.7760532150000001,0.25720620800000005,True,rank_1to4_pm1,rank_1to4,cardinal
53,53,126,False,123,35,PdCh,ChPd,CalledBluff,,"1,3,2,4","4,3,1,2","2,3,1,4","4,3,2,1",1,1,1,-1,P53,P126,OD1,OD1,A1,A1,O2,O2,0.725055432,0.210643016,0.274944568,0.789356984,0.8485,0.7427,0,,,,,,,PdCh,1,0.0384900179459749,1,1,1,0.725055432,0.789356984,False,rank_1to4_pm1,rank_1to4,cardinal
54,54,127,False,104,93,NcHr,HrNc,Delilah,,"2,4,1,3","4,1,2,3","3,1,2,4","3,4,1,2",1,1,0,0,P54,P127,OD1,OD1,B1,B1,O1,O1,0.671840355,0.707317073,0.671840355,0.292682927,0.913,0.8722,15,0.7942123650625239,0.287204306586019,0.0966216795605978,0.1147559489139968,307;316;346;526;598;834;876;896;11;179;204;216;363;489;549,0.1224945881595711,NcHr,0,0.0384900179459749,1,1,1,0.671840355,0.707317073,True,rank_1to4_pm1,rank_1to4,cardinal
55,55,128,False,121,11,PdAs,AsPd,,Alibi,"1,3,2,4","2,4,3,1","1,4,3,2","4,3,2,1",1,1,1,-1,P55,P128,OD1,OD1,B1,B1,O3,O3,0.645232816,0.388026608,0.3547671839999999,0.388026608,0.9383,0.9635,0,,,,,,,PdAs,1,-0.0769800358919501,1,1,1,0.645232816,0.611973392,False,rank_1to4_pm1,rank_1to4,cardinal
56,56,129,False,132,143,PdSh,ShPd,,AsymDilemma,"1,3,2,4","3,4,2,1","1,4,2,3","4,3,2,1",1,1,1,-1,P56,P129,OD1,OD1,B1,B1,O3,O3,0.671840355,0.403547672,0.328159645,0.403547672,0.913,0.973,0,,,,,,,PdSh,1,0.0384900179459749,1,1,1,0.6718403550000001,0.596452328,False,rank_1to4_pm1,rank_1to4,cardinal
57,57,57,True,131,131,PdPd,PdPd,PrisonerDilemma,PrisonerDilemma,"1,3,2,4","4,3,2,1","1,3,2,4","4,3,2,1",1,1,1,0,P57,P57,DD,DD,B1,B1,D2,D2,0.678492239,0.678492239,0.321507761,0.321507761,0.906,0.906,3,0.2355212355212354,0.3070947570947571,0.104035248764518,0.0521031601578386,171;215;286,0.0871861069522132,PdPd,1,0.2694301256218253,1,1,0,0.678492239,0.678492239,True,rank_1to4_pm1,rank_1to4,cardinal
58,58,130,False,60,137,CoSh,ShCo,Asym.Coordination,,"2,4,3,1","3,4,2,1","1,4,2,3","1,4,3,2",2,0,0,-1,P58,P130,CO2,CO2,A2,A2,C,C,0.824833703,0.501108647,0.824833703,0.501108647,0.6694,1.0,0,,,,,,,CoSh,0,-0.5169508502148299,2,0,2,0.824833703,0.501108647,False,rank_1to4_pm1,rank_1to4,cardinal
59,59,131,False,49,5,CoAs,AsCo,PureAssurance,,"2,4,3,1","2,4,3,1","1,4,3,2","1,4,3,2",2,0,0,-1,P59,P131,CO2,CO2,A2,A2,C,C,0.871396896,0.487804878,0.871396896,0.487804878,0.5536,0.9996,0,,,,,,,CoAs,0,-0.6035533905932737,2,0,2,0.871396896,0.487804878,False,rank_1to4_pm1,rank_1to4,cardinal
60,60,60,True,53,53,CoCo,CoCo,Coordination,Coordination,"2,4,3,1","1,4,3,2","2,4,3,1","1,4,3,2",2,0,0,1,P60,P60,CO1,CO1,A1,A1,C,C,0.849223947,0.849223947,0.849223947,0.849223947,0.6118,0.6118,20,0.8687240844215423,0.8597480095837235,0.0583347439737521,0.0782604643328977,92;338;485;553;678;840;895;950;1024;1032;1049;1051;1053;1056;1058;1088;1100;1105;1118;1145,0.0221587737188942,CoCo,0,-0.5169508502148299,2,0,2,0.849223947,0.849223947,True,rank_1to4_pm1,rank_1to4,cardinal
61,61,132,False,51,29,CoCh,ChCo,BiasedCycle,,"2,4,3,1","4,3,1,2","2,3,1,4","1,4,3,2",0,0,0,-1,P61,P132,MP,MP,A4,A4,H,H,0.824833703,0.294900222,0.824833703,0.705099778,0.6694,0.875,0,,,,,,,CoCh,0,0.1059457483985941,0,0,2,0.824833703,0.705099778,False,rank_1to4_pm1,rank_1to4,cardinal
62,62,62,True,92,92,HrHr,HrHr,Hero,Hero,"3,1,2,4","4,1,2,3","3,1,2,4","4,1,2,3",2,0,1,0,P62,P62,CO2,CO2,B4,B4,E,E,0.818181818,0.818181818,0.181818182,0.181818182,0.684,0.684,20,0.3578248299428974,0.3390051290942343,0.1353353833335192,0.1349285905203359,43;392;582;760;814;836;904;932;955;971;975;985;989;1007;1019;1069;1071;1083;1102;1119,0.2359789746076982,HrHr,1,-0.0169508502148298,2,0,2,0.818181818,0.818181818,True,rank_1to4_pm1,rank_1to4,cardinal
63,63,133,False,86,20,HrBa,BaHr,QuasiBattle,,"3,1,2,4","4,2,1,3","3,2,1,4","4,1,2,3",2,0,1,-1,P63,P133,CO1,CO1,B3,B3,E,E,0.729490022,0.396895787,0.270509978,0.603104213,0.8422,0.9691,0,,,,,,,HrBa,1,0.069651690163614,2,0,2,0.729490022,0.603104213,False,rank_1to4_pm1,rank_1to4,cardinal
64,64,134,False,50,17,CoBa,BaCo,QuasiCycle,,"2,4,3,1","4,2,1,3","3,2,1,4","1,4,3,2",0,0,0,-1,P64,P134,MP,MP,A4,A4,H,H,0.853658537,0.33924612,0.853658537,0.66075388,0.6006,0.9241,0,,,,,,,CoBa,0,0.4523559099123697,0,0,2,0.853658537,0.66075388,False,rank_1to4_pm1,rank_1to4,cardinal
65,65,135,False,89,56,HrCo,CoHr,,PursuitCycle,"3,1,2,4","1,4,3,2","2,4,3,1","4,1,2,3",0,0,1,1,P65,P135,MP,MP,A2,A2,H,H,0.858093126,0.753880266,0.141906874,0.753880266,0.5892,0.8051,0,,,,,,,HrCo,1,0.5678259637502947,0,0,2,0.858093126,0.753880266,False,rank_1to4_pm1,rank_1to4,cardinal
66,66,136,False,87,32,HrCh,ChHr,Hero-Chicken,,"3,1,2,4","4,3,1,2","2,3,1,4","4,1,2,3",2,0,1,-1,P66,P136,CO1,CO1,B3,B3,E,E,0.649667406,0.474501109,0.350332594,0.525498891,0.9344,0.9981,0,,,,,,,HrCh,1,0.3294593112989456,2,0,2,0.6496674060000001,0.525498891,False,rank_1to4_pm1,rank_1to4,cardinal
67,67,137,False,85,8,HrAs,AsHr,,ZeroSumCycle,"3,1,2,4","2,4,3,1","1,4,3,2","4,1,2,3",0,0,1,-1,P67,P137,MP,MP,A4,A4,H,H,0.7827051,0.257206208,0.2172948999999999,0.257206208,0.7552,0.8225,0,,,,,,,HrAs,1,0.68329601758822,0,0,2,0.7827051,0.7427937920000001,False,rank_1to4_pm1,rank_1to4,cardinal
68,68,138,False,96,140,HrSh,ShHr,,CrisisCycle,"3,1,2,4","3,4,2,1","1,4,2,3","4,1,2,3",0,0,1,-1,P68,P138,MP,MP,A4,A4,H,H,0.705099778,0.201773836,0.294900222,0.201773836,0.875,0.7255,0,,,,,,,HrSh,1,0.5678259637502947,0,0,2,0.705099778,0.798226164,False,rank_1to4_pm1,rank_1to4,cardinal
69,69,69,True,144,144,ShSh,ShSh,StagHunt,StagHunt,"1,4,2,3","3,4,2,1","1,4,2,3","3,4,2,1",2,0,-1,-1,P69,P69,CO1,CO1,B2,B2,C,C,0.474501109,0.474501109,0.474501109,0.474501109,0.9981,0.9981,0,,,,,,,ShSh,0,-0.2571432290794982,2,0,2,0.474501109,0.474501109,False,rank_1to4_pm1,rank_1to4,cardinal
70,70,139,False,133,12,ShAs,AsSh,,AsymAssurance,"1,4,2,3","2,4,3,1","1,4,3,2","3,4,2,1",2,0,-1,-1,P70,P139,CO1,CO1,B2,B2,C,C,0.516629712,0.516629712,0.516629712,0.516629712,0.9992,0.9992,0,,,,,,,ShAs,0,-0.3437457694579421,2,0,2,0.516629712,0.516629712,False,rank_1to4_pm1,rank_1to4,cardinal
71,71,140,False,135,36,ShCh,ChSh,EndlessCycle,,"1,4,2,3","4,3,1,2","2,3,1,4","3,4,2,1",0,0,-1,-1,P71,P140,MP,MP,A4,A4,H,H,0.407982262,0.241685144,0.407982262,0.758314856,0.9754,0.7978,0,,,,,,,ShCh,1,0.2214158022365192,0,0,2,0.592017738,0.758314856,False,rank_1to4_pm1,rank_1to4,cardinal
72,72,141,False,26,15,ChBa,BaCh,,Battle-Chicken,"2,3,1,4","4,2,1,3","3,2,1,4","4,3,1,2",2,0,-1,-1,P72,P141,CO2,CO2,A3,A3,E,E,0.445676275,0.294900222,0.5543237249999999,0.705099778,0.9915,0.875,0,,,,,,,ChBa,0,0.1562542305420579,2,0,2,0.5543237249999999,0.705099778,False,rank_1to4_pm1,rank_1to4,cardinal
73,73,142,False,134,24,ShBa,BaSh,InspectorCycle,,"1,4,2,3","4,2,1,3","3,2,1,4","3,4,2,1",0,0,-1,-1,P73,P142,MP,MP,A4,A4,H,H,0.279379157,0.232815965,0.279379157,0.767184035,0.8546,0.7829,0,,,,,,,ShBa,1,0.3368858560744445,0,0,2,0.7206208430000001,0.767184035,False,rank_1to4_pm1,rank_1to4,cardinal
74,74,74,True,27,27,ChCh,ChCh,Chicken,Chicken,"2,3,1,4","4,3,1,2","2,3,1,4","4,3,1,2",2,0,-1,-1,P74,P74,CO2,CO2,A2,A2,E,E,0.310421286,0.310421286,0.689578714,0.689578714,0.8937,0.8937,0,,,,,,,ChCh,0,0.2428567709205017,2,0,2,0.689578714,0.689578714,False,rank_1to4_pm1,rank_1to4,cardinal
75,75,143,False,25,3,ChAs,AsCh,,InferiorCycle,"2,3,1,4","2,4,3,1","1,4,3,2","4,3,1,2",0,0,-1,-1,P75,P143,MP,MP,A4,A4,H,H,0.241685144,0.390243902,0.758314856,0.390243902,0.7978,0.965,0,,,,,,,ChAs,0,0.3368858560744445,0,0,2,0.758314856,0.6097560980000001,False,rank_1to4_pm1,rank_1to4,cardinal
76,76,76,True,1,1,AsAs,AsAs,Assurace,Assurace,"1,4,3,2","2,4,3,1","1,4,3,2","2,4,3,1",2,0,-1,-1,P76,P76,CO1,CO1,B2,B2,C,C,0.454545455,0.454545455,0.454545455,0.454545455,0.994,0.994,0,,,,,,,AsAs,0,-0.5169508502148299,2,0,2,0.454545455,0.454545455,False,rank_1to4_pm1,rank_1to4,cardinal
77,77,77,True,14,14,BaBa,BaBa,Battle,Battle,"3,2,1,4","4,2,1,3","3,2,1,4","4,2,1,3",2,0,-1,-1,P77,P77,CO2,CO2,A3,A3,E,E,0.388026608,0.388026608,0.611973392,0.611973392,0.9635,0.9635,0,,,,,,,BaBa,0,-0.0169508502148298,2,0,2,0.611973392,0.611973392,False,rank_1to4_pm1,rank_1to4,cardinal
78,78,144,False,2,13,AsBa,BaAs,TragicCycle,,"1,4,3,2","4,2,1,3","3,2,1,4","2,4,3,1",0,0,-1,-1,P78,P144,MP,MP,A4,A4,H,H,0.356984479,0.266075388,0.356984479,0.733924612,0.9402,0.8358,0,,,,,,,AsBa,1,0.5678259637502947,0,0,2,0.6430155209999999,0.733924612,False,rank_1to4_pm1,rank_1to4,cardinal
