p_id,p_paired,is_symmetric,lk_type,emp_class,frac_choose_A,canonical_id,swap_sr,swap_sc,role_relative_to_canonical,frac_choose_act0_canonical
1,79,False,DD,A1,0.942350333,81,False,True,P1,0.942350333
2,80,False,OD2,A2,0.929046563,84,False,False,P1,0.929046563
3,3,True,DD,A1,0.935698448,79,False,False,P1,0.935698448
4,81,False,OD2,A2,0.940133038,73,False,False,P1,0.940133038
5,82,False,DD,A1,0.904656319,82,False,False,P1,0.904656319
6,83,False,OD1,A1,0.920177384,77,False,False,P1,0.920177384
7,84,False,OD2,A2,0.853658537,75,False,False,P1,0.853658537
8,85,False,DD,A1,0.920177384,83,False,False,P1,0.920177384
9,86,False,DD,A1,0.880266075,70,True,False,P1,0.11973392500000002
10,87,False,OD2,A2,0.909090909,68,True,False,P1,0.090909091
11,88,False,DD,A1,0.917960089,67,True,False,P1,0.08203991099999997
12,89,False,OD1,A1,0.88248337,62,True,False,P1,0.11751663000000001
13,90,False,OD2,A2,0.909090909,74,False,False,P1,0.909090909
14,91,False,OD2,A2,0.924611973,65,True,False,P1,0.07538802700000002
15,92,False,DD,A1,0.937915743,64,True,False,P1,0.062084256999999976
16,93,False,DD,A1,0.840354767,69,True,False,P1,0.159645233
17,94,False,OD1,A1,0.849223947,63,True,False,P1,0.15077605299999997
18,95,False,OD1,A1,0.902439024,80,False,False,P1,0.902439024
19,96,False,DD,A1,0.900221729,76,False,False,P1,0.900221729
20,97,False,OD1,A1,0.873614191,61,True,False,P1,0.12638580899999996
21,21,True,DD,A1,0.862527716,66,True,False,P1,0.137472284
22,98,False,OD1,A1,0.840354767,72,True,False,P1,0.159645233
23,99,False,DD,A1,0.858093126,71,True,False,P1,0.14190687400000002
24,100,False,DD,A1,0.935698448,117,False,False,P1,0.935698448
25,101,False,OD2,A2,0.922394678,120,False,False,P1,0.922394678
26,102,False,OD2,A2,0.909090909,109,False,False,P1,0.909090909
27,27,True,DD,A1,0.904656319,118,False,False,P1,0.904656319
28,103,False,OD1,A1,0.902439024,113,False,False,P1,0.902439024
29,104,False,OD2,A2,0.911308204,111,False,True,P1,0.911308204
30,105,False,DD,A1,0.875831486,119,False,True,P1,0.875831486
31,106,False,DD,A1,0.911308204,46,True,False,P1,0.08869179599999999
32,107,False,OD2,A2,0.935698448,44,True,False,P1,0.06430155199999998
33,108,False,OD1,A1,0.889135255,38,True,False,P1,0.11086474499999999
34,109,False,OD2,A2,0.915742794,110,False,True,P1,0.915742794
35,110,False,OD2,A2,0.926829268,41,True,True,P1,0.07317073200000002
36,36,True,DD,A1,0.898004435,40,True,True,P1,0.10199556499999995
37,111,False,DD,A1,0.853658537,45,True,False,P1,0.14634146299999995
38,112,False,OD1,A1,0.813747228,39,True,False,P1,0.186252772
39,113,False,OD1,A1,0.884700665,116,False,True,P1,0.884700665
40,114,False,OD1,A1,0.904656319,37,True,True,P1,0.09534368100000001
41,115,False,OD1,A1,0.824833703,48,True,True,P1,0.17516629699999997
42,116,False,DD,A1,0.840354767,47,True,True,P1,0.159645233
43,43,True,DD,A1,0.849223947,105,False,False,P1,0.849223947
44,117,False,OD2,A2,0.889135255,108,False,False,P1,0.889135255
45,118,False,OD2,A2,0.922394678,97,False,False,P1,0.922394678
46,119,False,OD1,A1,0.909090909,101,False,False,P1,0.909090909
47,120,False,OD2,A2,0.793791574,99,False,False,P1,0.793791574
48,121,False,DD,A1,0.88248337,107,False,False,P1,0.88248337
49,122,False,OD2,A2,0.924611973,128,True,False,P1,0.07538802700000002
50,123,False,OD1,A1,0.842572062,122,True,False,P1,0.157427938
51,124,False,OD2,A2,0.687361419,98,False,False,P1,0.687361419
52,125,False,OD2,A2,0.776053215,125,True,False,P1,0.22394678499999998
53,126,False,OD1,A1,0.725055432,123,True,True,P1,0.274944568
54,127,False,OD1,B1,0.671840355,104,False,False,P1,0.671840355
55,128,False,OD1,B1,0.645232816,121,True,True,P1,0.35476718399999996
56,129,False,OD1,B1,0.671840355,132,True,True,P1,0.32815964500000006
57,57,True,DD,B1,0.678492239,131,True,True,P1,0.321507761
58,130,False,CO2,A2,0.824833703,60,False,False,P1,0.824833703
59,131,False,CO2,A2,0.871396896,49,False,False,P1,0.871396896
60,60,True,CO1,A1,0.849223947,53,False,False,P1,0.849223947
61,132,False,MP,A4,0.824833703,51,False,False,P1,0.824833703
62,62,True,CO2,B4,0.818181818,92,True,False,P1,0.181818182
63,133,False,CO1,B3,0.729490022,86,True,False,P1,0.270509978
64,134,False,MP,A4,0.853658537,50,False,False,P1,0.853658537
65,135,False,MP,A2,0.858093126,89,True,False,P1,0.14190687400000002
66,136,False,CO1,B3,0.649667406,87,True,True,P1,0.35033259400000005
67,137,False,MP,A4,0.7827051,85,True,False,P1,0.21729489999999996
68,138,False,MP,A4,0.705099778,96,True,False,P1,0.294900222
69,69,True,CO1,B2,0.474501109,144,False,False,P1,0.474501109
70,139,False,CO1,B2,0.516629712,133,False,False,P1,0.516629712
71,140,False,MP,A4,0.407982262,135,False,False,P1,0.407982262
72,141,False,CO2,A3,0.445676275,26,True,True,P1,0.5543237249999999
73,142,False,MP,A4,0.279379157,134,False,False,P1,0.279379157
74,74,True,CO2,A2,0.310421286,27,True,True,P1,0.689578714
75,143,False,MP,A4,0.241685144,25,True,True,P1,0.758314856
76,76,True,CO1,B2,0.454545455,1,False,False,P1,0.454545455
77,77,True,CO2,A3,0.388026608,14,True,True,P1,0.611973392
78,144,False,MP,A4,0.356984479,2,False,False,P1,0.356984479
79,1,False,DD,A1,0.917960089,103,False,False,P1,0.917960089
80,2,False,OD2,A2,0.532150776,139,False,False,P1,0.532150776
81,4,False,OD2,A2,0.549889135,7,False,False,P1,0.549889135
82,5,False,DD,A1,0.933481153,115,False,False,P1,0.933481153
83,6,False,OD1,A1,0.871396896,55,False,False,P1,0.871396896
84,7,False,OD2,A2,0.383592018,31,True,True,P1,0.616407982
85,8,False,DD,A1,0.822616408,127,True,False,P1,0.17738359199999998
86,9,False,DD,A1,0.940133038,114,False,True,P1,0.940133038
87,10,False,OD2,A2,0.594235033,90,True,False,P1,0.405764967
88,11,False,DD,A1,0.929046563,78,False,False,P1,0.929046563
89,12,False,OD1,A1,0.22616408,18,True,True,P1,0.77383592
90,13,False,OD2,A2,0.496674058,19,True,False,P1,0.503325942
91,14,False,OD2,A2,0.609756098,54,False,False,P1,0.609756098
92,15,False,DD,A1,0.89135255,42,True,True,P1,0.10864744999999998
93,16,False,DD,A1,0.88691796,102,False,False,P1,0.88691796
94,17,False,OD1,A1,0.241685144,30,True,True,P1,0.758314856
95,18,False,OD1,A1,0.838137472,91,True,False,P1,0.161862528
96,19,False,DD,A1,0.871396896,43,True,False,P1,0.12860310399999997
97,20,False,OD1,A1,0.310421286,6,False,False,P1,0.310421286
98,22,False,OD1,A1,0.32594235,138,False,False,P1,0.32594235
99,23,False,DD,A1,0.815964523,126,True,False,P1,0.184035477
100,24,False,DD,A1,0.88691796,106,False,False,P1,0.88691796
101,25,False,OD2,A2,0.498891353,142,False,False,P1,0.498891353
102,26,False,OD2,A2,0.505543237,10,False,False,P1,0.505543237
103,28,False,OD1,A1,0.838137472,58,False,False,P1,0.838137472
104,29,False,OD2,A2,0.463414634,34,True,True,P1,0.536585366
105,30,False,DD,A1,0.855875831,130,True,False,P1,0.14412416900000002
106,31,False,DD,A1,0.88248337,112,False,True,P1,0.88248337
107,32,False,OD2,A2,0.682926829,88,True,False,P1,0.317073171
108,33,False,OD1,A1,0.279379157,16,True,True,P1,0.7206208430000001
109,34,False,OD2,A2,0.505543237,22,True,False,P1,0.49445676299999997
110,35,False,OD2,A2,0.636363636,52,False,False,P1,0.636363636
111,37,False,DD,A1,0.840354767,100,False,False,P1,0.840354767
112,38,False,OD1,A1,0.310421286,28,True,False,P1,0.689578714
113,39,False,OD1,A1,0.862527716,94,True,False,P1,0.137472284
114,40,False,OD1,A1,0.195121951,4,False,False,P1,0.195121951
115,41,False,OD1,A1,0.246119734,136,False,True,P1,0.246119734
116,42,False,DD,A1,0.880266075,124,True,False,P1,0.11973392500000002
117,44,False,OD2,A2,0.55210643,141,False,False,P1,0.55210643
118,45,False,OD2,A2,0.494456763,9,False,False,P1,0.494456763
119,46,False,OD1,A1,0.858093126,57,False,False,P1,0.858093126
120,47,False,OD2,A2,0.321507761,33,True,True,P1,0.678492239
121,48,False,DD,A1,0.747228381,129,True,True,P1,0.252771619
122,49,False,OD2,A2,0.66962306,95,True,True,P1,0.33037693999999995
123,50,False,OD1,A1,0.22616408,23,True,True,P1,0.77383592
124,51,False,OD2,A2,0.323725055,21,True,False,P1,0.6762749450000001
125,52,False,OD2,A2,0.742793792,59,False,False,P1,0.742793792
126,53,False,OD1,A1,0.210643016,35,True,True,P1,0.789356984
127,54,False,OD1,B1,0.707317073,93,True,False,P1,0.292682927
128,55,False,OD1,B1,0.388026608,11,False,False,P1,0.388026608
129,56,False,OD1,B1,0.403547672,143,False,False,P1,0.403547672
130,58,False,CO2,A2,0.501108647,137,False,False,P1,0.501108647
131,59,False,CO2,A2,0.487804878,5,False,False,P1,0.487804878
132,61,False,MP,A4,0.294900222,29,True,True,P1,0.705099778
133,63,False,CO1,B3,0.396895787,20,True,True,P1,0.603104213
134,64,False,MP,A4,0.33924612,17,True,False,P1,0.66075388
135,65,False,MP,A2,0.753880266,56,False,False,P1,0.753880266
136,66,False,CO1,B3,0.474501109,32,True,False,P1,0.525498891
137,67,False,MP,A4,0.257206208,8,False,False,P1,0.257206208
138,68,False,MP,A4,0.201773836,140,False,True,P1,0.201773836
139,70,False,CO1,B2,0.516629712,12,False,False,P1,0.516629712
140,71,False,MP,A4,0.241685144,36,True,True,P1,0.758314856
141,72,False,CO2,A3,0.294900222,15,True,True,P1,0.705099778
142,73,False,MP,A4,0.232815965,24,True,False,P1,0.767184035
143,75,False,MP,A4,0.390243902,3,False,False,P1,0.390243902
144,78,False,MP,A4,0.266075388,13,True,False,P1,0.733924612
