game_code,gate_margin,topk_binary_margin,topk_weight_margin,residual_margin,gate_minus_topk_margin,median_n_new_tokens,mixed_rate,pure_canonical_rate,abs_delta1c_q05,complexity_score,dominance_profile,num_pure_ne,log_median_n_new_tokens
AsAs,0.12176920730243375,-0.07515355505273043,-0.039558467179795304,0.2996009574301299,0.19692276235516418,1011.0,0.25,0.6666666666666666,0.0,-0.5169508502148299,2,2,6.919683849847411
AsBa,0.21524968576597517,-0.10151564307878749,-0.10908857764441439,0.4520883056514134,0.31676532884476266,803.5,0.25,0.6666666666666666,0.0,0.5678259637502947,2,0,6.690220966432438
AsCh,0.2968530780742732,-0.07735830318728908,-0.04179687991446726,0.4084341816648911,0.3742113812615623,697.0,0.25,1.0,0.0,0.3368858560744445,2,0,6.548219102762372
AsCm,0.023243372470523382,-0.08765091220059529,-0.07052364600075726,0.2108830416833734,0.11089428467111867,674.0,0.25,1.0,0.0,0.7408346464128569,1,1,6.51471269087253
AsCo,0.17420432964490834,0.009571251104090711,0.03750000461543254,0.1737889491448569,0.1646330785408176,952.0,0.5,1.0,0.0,-0.6035533905932737,2,2,6.859614903654202
AsDl,0.20175486430793996,-0.22729134250797847,-0.20839616674083578,0.3252241565875805,0.42904620681591843,395.0,0.0,1.0,0.0,0.5098945387370066,1,1,5.981414211254481
AsHa,0.18295822151859048,-0.018648671702569994,0.008653259909649963,0.1327355908006851,0.20160689322116043,724.5,0.25,1.0,0.0,0.048014323385306,1,1,6.5868610723242424
AsHr,-0.01598845232072374,-0.1371281174048861,-0.10436412556530869,0.012496235913605935,0.12113966508416235,994.5,0.25,1.0,0.0,0.68329601758822,2,0,6.903245123504251
AsNc,0.20683123126150232,-0.039924090999602854,-0.03950019213781844,0.37402306185742495,0.24675532226110516,415.5,0.25,1.0,0.0,0.1634843772232312,1,1,6.031886461606898
AsPc,0.2365006948935332,-0.16539560074645482,-0.15895613083528623,0.08355639381902304,0.401896295639988,409.5,0.0,1.0,0.0,-0.1829257842905442,1,1,6.017375928892483
AsPd,0.362838657018504,-0.11472430564939076,-0.10335353724205534,0.4192427923568643,0.4775629626678947,497.0,0.0,1.0,0.0,0.3944244848990815,1,1,6.210600077024653
AsSh,0.1634471282321485,-0.14814707991039539,-0.1479202424170989,0.18042095600324778,0.3115942081425439,715.5,0.0,0.5,0.0,-0.3437457694579421,2,2,6.574378247268227
BaAs,0.26206063911741817,-0.047504086864258444,-0.05305729930622485,0.41329388012641394,0.3095647259816766,1009.5,0.5,1.0,0.0,0.5678259637502947,2,0,6.918200536843676
BaBa,0.268212710797758,-0.18086561104979557,-0.15979222611769,0.31769345905360885,0.4490783218475536,843.0,0.25,0.3333333333333333,0.0,-0.0169508502148298,2,2,6.738152494595957
BaCh,0.01996525910870159,-0.13837964981853218,-0.13291210998930192,0.28841508981982,0.15834490892723377,325.5,0.0,0.75,0.0,0.1562542305420579,2,2,5.788429948716486
BaCm,0.12769597249502407,-0.16425726196291898,-0.15429889713582334,0.3644288681825304,0.291953234457943,480.5,0.0,0.5,0.0,0.2789544310611563,1,1,6.17690623123818
BaCo,0.1847179743760973,-0.047504086864258444,-0.01992250008375629,-0.0007706971501381804,0.23222206124035571,1096.0,0.5,1.0,0.0,0.4523559099123697,2,0,7.00033446027523
BaDl,0.09066956499983198,-0.17935922336715138,-0.19892171882943477,-0.0393411385606158,0.27002878836698335,291.5,0.0,1.0,0.0,0.5098945387370066,1,1,5.678464666671911
BaHa,-0.05201140193666538,-0.2280523562305112,-0.22741579742936985,0.02121822901703413,0.1760409542938458,292.0,0.0,0.75,0.0,0.048014323385306,1,1,5.680172609017068
BaHr,0.23635994024140056,-0.18431627703534015,-0.13288563493750438,0.3556230835090319,0.4206762172767407,790.0,0.0,0.5,0.0,0.069651690163614,2,2,6.673297967767654
BaNc,0.04501274178238393,-0.020503597317502925,-0.05074347520378772,0.07766706307898716,0.06551633909988686,323.0,0.0,0.5,0.0,0.1634843772232312,1,1,5.780743515792329
BaPc,-0.14766392426768338,-0.039924090999602854,-0.019290606894207543,0.22616383803040974,-0.10773983326808054,905.0,0.25,1.0,0.0,0.2789544310611563,1,1,6.80903930604298
BaPd,-0.012351120222420256,-0.26560588883194425,-0.25644420575509647,0.26713409341987354,0.253254768609524,361.5,0.0,1.0,0.0,0.3944244848990815,1,1,5.893024474294729
BaSh,0.14355018063026953,-0.1076186143332159,-0.10976418466744306,0.18523304945682778,0.25116879496348543,349.0,0.0,1.0,0.0,0.3368858560744445,2,0,5.857933154483459
ChAs,-0.004120202561696554,0.10567981746889443,0.12652255218510666,-0.028604201364375248,-0.10980002003059099,1232.5,0.75,1.0,0.0,0.3368858560744445,2,0,7.117610935969411
ChBa,-0.03270112465086843,-0.0046946269464752804,0.01063245336399464,0.043602133512052416,-0.028006497704393146,899.5,0.25,0.3333333333333333,0.0,0.1562542305420579,2,2,6.802950164616011
ChCh,0.3398840241056921,-0.1076186143332159,-0.11304600550135777,0.4948109110549521,0.4475026384389079,572.0,0.0,1.0,0.0,0.2428567709205017,2,2,6.35088571671474
ChCm,0.3471131274798589,-0.06587104576683478,-0.085104068981111,0.38018420046095036,0.4129841732466937,637.0,0.0,1.0,0.0,0.6253645925749319,1,1,6.45833828334479
ChCo,-0.13368749337915145,-0.047910181687154635,-0.0457310824804846,0.13919446937307167,-0.08577731169199683,1043.5,0.5,0.5,0.0,0.1059457483985941,2,0,6.95129358099662
ChDl,0.2683572059940466,-0.07890093339312781,-0.10574470047939385,0.46439442311218204,0.3472581393871744,414.0,0.0,1.0,0.0,0.7408346464128569,1,1,6.028278520230698
ChHa,0.14632981256360927,-0.04631328883958974,-0.04115595334216987,0.011621747833126903,0.192643101403199,453.0,0.25,0.6666666666666666,0.0,-0.1829257842905442,1,1,6.118097198041348
ChHr,-0.037030371888571875,-0.16282188947804926,-0.12750255880204772,0.10711133954038553,0.12579151758947738,558.0,0.0,0.0,0.0,0.3294593112989456,2,2,6.326149473155099
ChNc,0.21715051519173273,-0.1750787594125821,-0.18377596380872646,0.4550272262897214,0.39222927460431484,365.5,0.0,0.25,0.0,0.048014323385306,1,1,5.903998521326706
ChPc,-0.0520920819448316,-0.12837813859741862,-0.15026219514363165,0.1883635178012064,0.07628605665258703,1068.0,0.0,1.0,0.0,-0.0674557304526191,1,1,6.974478911025045
ChPd,0.11858593303346154,-0.05672069609163244,-0.08390933852196256,0.3846244504062101,0.17530662912509398,305.5,0.0,1.0,0.0,0.5098945387370066,1,1,5.725217755376266
ChSh,0.3655404383196792,0.008160985636809101,0.015853554306690415,0.25335991362228966,0.3573794526828701,946.5,0.25,1.0,0.0,0.2214158022365192,2,0,6.853826936956581
CmAs,0.4643327009613234,0.1656702308893663,0.18068029502148583,0.4998990088479943,0.2986624700719571,221.5,0.0,1.0,2.0,0.2694301256218253,1,1,5.404927101606295
CmBa,0.4131273324529794,0.1493630216880245,0.16298271563673622,0.49666967641234133,0.2637643107649549,333.0,0.0,1.0,2.0,-0.1924500897298753,1,1,5.811140992976701
CmCh,0.38924350857438894,0.14702418474339246,0.17477501203897305,0.43117000407699435,0.24221932383099648,406.0,0.0,1.0,2.0,0.1539600717839002,1,1,6.008813185442595
CmCm,0.38258764687878777,0.13590144590449948,0.14383770058990542,0.49739116441097886,0.24668620097428826,308.5,0.0,1.0,2.0,-0.3079201435678004,0,1,5.734958092124651
CmCo,0.45340982036061295,0.19948672601604656,0.2078390085835641,0.49574390135673585,0.2539230943445664,296.0,0.0,1.0,2.0,0.0384900179459749,1,1,5.6937321388027
CmDl,0.4165797381822246,0.18422910908778445,0.19895141033201727,0.4999216058991579,0.23235062909444015,239.0,0.0,1.0,2.0,0.0384900179459749,0,1,5.480638923341991
CmHa,0.4521471642928371,0.1648735566244371,0.1837162872528137,0.49920345583408726,0.28727360766839993,236.5,0.0,1.0,2.0,0.0384900179459749,0,1,5.470167623474696
CmHr,0.4651037106181147,0.17668513338763175,0.20935333172156356,0.49411046590751057,0.2884185772304829,292.5,0.0,1.0,2.0,-0.4233901974057255,1,1,5.681877639268151
CmNc,0.4621763237796524,0.2050843655421689,0.23760052243557167,0.4974018875870609,0.2570919582374835,225.0,0.0,1.0,2.0,0.2694301256218253,0,1,5.420534999272286
CmPc,0.4681112869610241,0.24878881821029883,0.25310601917769227,0.4982743168686049,0.2193224687507253,243.0,0.0,1.0,2.0,-0.0769800358919501,0,1,5.497168225293202
CmPd,0.40402300457444673,0.20748222983270895,0.2339678386400443,0.4965298013511933,0.19654077474173776,229.0,0.0,1.0,2.0,0.2694301256218253,0,1,5.438079308923196
CmSh,0.2630778645980396,0.0801664574461313,0.09370422182415886,0.4857282830910762,0.1829114071519083,503.5,0.0,1.0,2.0,0.3849001794597504,1,1,6.223567839793664
CoAs,-0.0327383030449815,-0.16703098815792594,-0.1645381288355055,0.16181149089486435,0.13429268511294443,1078.5,0.5,1.0,1.0,-0.6035533905932737,2,2,6.984253249954862
CoBa,-0.11959039389450907,-0.11493599177702213,-0.16880409303232385,-0.1750476333129674,-0.004654402117486939,993.0,0.5,1.0,1.0,0.4523559099123697,2,0,6.901737206656574
CoCh,0.059517284131843595,0.08158761494049589,0.057922366628640795,0.018434460369788144,-0.02207033080865231,739.5,0.25,0.6666666666666666,1.0,0.1059457483985941,2,0,6.607325633707854
CoCm,0.20124295123098213,-0.087169539451119,-0.08197399042776023,0.15684809360476823,0.2884124906821011,423.0,0.0,1.0,1.0,0.5098945387370066,1,1,6.049733455231958
CoCo,-0.0832265570974099,0.004935378002210389,0.010590733513411735,-0.13227003142773758,-0.0881619350996203,979.0,0.5,1.0,1.0,-0.5169508502148299,2,2,6.887552571664617
CoDl,0.2952755075070073,-0.0809302140811329,-0.04225976958242736,0.42965752233930443,0.3762057215881402,441.0,0.0,1.0,1.0,0.1634843772232312,1,1,6.091309882077698
CoHa,-0.2321391664110805,0.06800933501973516,0.037391001492988296,-0.1577539359200707,-0.3001485014308157,437.0,0.0,1.0,1.0,0.1634843772232312,1,1,6.082218910376446
CoHr,-0.1604749088007529,0.005352027805838266,-0.016045864996375267,-0.32915804037193724,-0.16582693660659117,1204.5,0.5,1.0,1.0,0.5678259637502947,2,0,7.094649697621226
CoNc,-0.3299640118118592,0.08968651695517235,0.10496279889820925,-0.4625734724288383,-0.41965052876703157,356.0,0.0,0.25,1.0,0.048014323385306,1,1,5.877735781779639
CoPc,0.07022335533471141,0.1290277979097914,0.12698534100685213,-0.08828036514829421,-0.058804442575079996,316.0,0.0,1.0,1.0,0.048014323385306,1,1,5.75890177387728
CoPd,0.1922052376073741,-0.1472478255109946,-0.14152527969663067,0.1585594271121945,0.3394530631183687,379.0,0.0,1.0,1.0,0.048014323385306,1,1,5.940171252720432
CoSh,-0.1472036302051981,0.007349549299603478,0.028727605581198315,-0.167221441788725,-0.15455317950480157,456.0,0.25,0.3333333333333333,1.0,-0.5169508502148299,2,2,6.124683390894205
DlAs,0.4342065446076953,0.07370561064674044,0.05007182010453237,0.4998480768707851,0.36050093396095484,251.5,0.0,1.0,2.0,0.0384900179459749,1,1,5.531411248715415
DlBa,0.46678067030093506,0.187072782681892,0.2235324900378804,0.49977556639957377,0.279707887619043,271.5,0.0,1.0,2.0,0.0384900179459749,1,1,5.607638614103299
DlCh,0.38555599907925364,0.20642685717146944,0.18218344086889715,0.3048851929346376,0.17912914190778423,270.0,0.0,1.0,2.0,0.2694301256218253,1,1,5.602118820879701
DlCm,0.40304261432215394,0.09754697953910166,0.10844751213338065,0.4970866303369549,0.3054956347830523,304.5,0.0,1.0,2.0,0.0384900179459749,0,1,5.72194977861165
DlCo,0.4292212342744935,0.1497691165109207,0.13633407357646146,0.42165482558980194,0.2794521177635728,369.0,0.0,1.0,2.0,-0.3079201435678004,1,1,5.91350300563827
DlDl,0.34346113133903544,0.09754697953910166,0.08867725921449693,0.4728402194465763,0.2459141517999338,360.0,0.0,1.0,2.0,0.2694301256218253,0,1,5.8888779583328805
DlHa,0.39056276300921267,0.15886943659284178,0.16750232454359276,0.48920510160562536,0.2316933264163709,319.5,0.0,1.0,2.0,-0.1924500897298753,0,1,5.7698822763607245
DlHr,0.4262108803405001,0.19805135353117684,0.20558520542850972,0.486470038143546,0.22815952680932325,253.5,0.0,1.0,2.0,-0.0769800358919501,1,1,5.539300835990577
DlNc,0.42144716246602476,0.11679898215150805,0.08142450336599602,0.494436619220742,0.3046481803145167,305.5,0.0,1.0,2.0,0.1539600717839002,0,1,5.725217755376266
DlPc,0.4780122350543883,0.24336456658042488,0.2578100710456164,0.4999021841135032,0.23464766847396337,256.5,0.0,1.0,2.0,-0.4233901974057255,0,1,5.551019720103791
DlPd,0.28606595686767067,0.12312914926962848,0.13920746052886096,0.45140193475222024,0.1629368075980422,403.0,0.0,1.0,2.0,0.3849001794597504,0,1,6.0014148779611505
DlSh,0.46995652151933964,0.14462991605309555,0.11552087303283397,0.4993001038694165,0.3253266054662441,281.0,0.0,1.0,2.0,0.2694301256218253,1,1,5.641907070938114
HaAs,0.47389235556658804,0.19948672601604656,0.2143017799543341,0.49984982069418626,0.2744056295505415,218.5,0.0,1.0,2.0,-0.4233901974057255,1,1,5.391352232515226
HaBa,0.408475012190526,0.2947570719541479,0.28760573883754414,0.4901320961350456,0.11371794023637807,319.0,0.0,1.0,2.0,-0.4233901974057255,1,1,5.768320995793772
HaCh,0.473925898565228,0.21972067088770356,0.20696603064355934,0.49820215181586336,0.2542052276775244,325.0,0.0,1.0,2.0,-0.6543303050815759,1,1,5.786897381366708
HaCm,0.4440798153411787,0.15782320207515352,0.17245249134656793,0.4999461668377881,0.2862566132660252,180.0,0.0,1.0,2.0,0.0384900179459749,0,1,5.198497031265826
HaCo,0.45704644689683604,0.1750787594125821,0.1724774698278277,0.4980103909601612,0.28196768748425394,184.5,0.0,1.0,2.0,-0.3079201435678004,1,1,5.22305488204749
HaDl,0.4395271583931889,0.1501752113338169,0.19388385285673582,0.49995794723031745,0.289351947059372,214.5,0.0,1.0,2.0,-0.1924500897298753,0,1,5.372960909543803
HaHa,0.2989049088529821,0.17668513338763175,0.1735686240182211,0.48358746695621146,0.12221977546535034,299.5,0.0,1.0,2.0,-0.6543303050815759,0,1,5.705447753975262
HaHr,0.4641676543885299,0.13837964981853218,0.14306525806947298,0.4994053987126863,0.3257880045699978,275.0,0.0,1.0,2.0,-0.0769800358919501,1,1,5.62040086571715
HaNc,0.32428716532727464,0.15206161066979962,0.1324607200976483,0.4801663118864652,0.172225554657475,315.0,0.0,1.0,2.0,-0.7698003589195012,0,1,5.755742213586912
HaPc,0.2873948742543676,0.2151474360936571,0.22194358852649917,0.4864515586828209,0.07224743816071047,238.0,0.0,1.0,2.0,-0.4233901974057255,0,1,5.476463551931511
HaPd,0.3917517729340838,0.24336456658042488,0.23789147506401187,0.494647502855004,0.14838720635365896,222.0,0.0,1.0,2.0,-0.5388602512436508,0,1,5.407171771460119
HaSh,0.4456721611390643,0.1953311795336056,0.20818568698828033,0.49982547062017096,0.2503409816054587,237.5,0.0,1.0,2.0,-0.6543303050815759,1,1,5.474369310328396
HrAs,-0.20783891705378452,-0.08912630025493531,-0.10496435424550432,-0.33031223574117,-0.1187126167988492,829.0,0.75,1.0,1.0,0.68329601758822,2,0,6.721425700790643
HrBa,0.08469950598781614,0.18573064297149153,0.19913089814147333,-0.12409751684079788,-0.10103113698367538,814.5,0.0,1.0,1.0,0.069651690163614,2,2,6.703801422061068
HrCh,-0.07844158193034569,0.2038089477135704,0.17222652570899313,0.09166182203169937,-0.28225052964391606,363.0,0.0,0.75,1.0,0.3294593112989456,2,2,5.8971538676367405
HrCm,0.3055773795144377,-0.04323376274551023,-0.0675885517045307,0.01577114759005384,0.3488111422599479,970.0,0.25,1.0,1.0,0.048014323385306,1,1,6.878326468291325
HrCo,-0.22730883603438629,-0.07713770398441422,-0.09516823855330994,0.0338044707902974,-0.15017113204997207,1207.5,0.5,1.0,1.0,0.5678259637502947,2,0,7.097135200143538
HrDl,0.22509289990418235,-0.1851832337556459,-0.20768422343279033,0.20213969705995632,0.4102761336598283,303.5,0.0,1.0,1.0,0.3944244848990815,1,1,5.718671087149952
HrHa,0.01781513146798222,0.1497691165109207,0.14955503999532843,0.33649571512593623,-0.13195398504293848,300.0,0.0,0.75,1.0,0.3944244848990815,1,1,5.707110264748875
HrHr,-0.14710000488711455,0.07695220836439289,0.0960115708585584,-0.19783872192971896,-0.22405221325150743,702.0,0.25,1.0,1.0,-0.0169508502148298,2,2,6.555356891810665
HrNc,0.061097084050670686,0.08545088439262072,0.04318679747625949,-0.24524051539890082,-0.024353800341950033,303.0,0.0,0.75,1.0,0.5098945387370066,1,1,5.717027701406222
HrPc,-0.09332983666726166,0.07735830318728908,0.07709537271243405,-0.2657403609969386,-0.17068813985455072,558.5,0.25,1.0,1.0,0.5098945387370066,1,1,6.32704352775198
HrPd,0.24704510885818698,-0.14702418474339246,-0.14144244768781034,0.24119606889840575,0.39406929360157944,458.5,0.0,1.0,1.0,0.5098945387370066,1,1,6.1301389417957415
HrSh,-0.16868416160166874,0.07451663492863997,0.0662200186554042,-0.22608937051751005,-0.2432007965303087,675.5,0.25,0.3333333333333333,1.0,0.5678259637502947,2,0,6.516932447610842
NcAs,0.4585462429336443,0.15052527361211177,0.16631274398998563,0.4975595441038029,0.30802096932153256,212.0,0.0,1.0,1.0,-0.3079201435678004,1,1,5.3612921657094255
NcBa,0.407968679539481,0.2990647319133106,0.29051206751750036,0.48670663651031276,0.10890394762617042,299.5,0.0,1.0,1.0,-0.3079201435678004,1,1,5.705447753975262
NcCh,0.39818499917016204,0.22616233859192256,0.24222643090680238,0.4914363732059678,0.17202266057823948,219.5,0.0,1.0,1.0,-0.4233901974057255,1,1,5.395897694886901
NcCm,0.4591701607880343,0.20592078590381202,0.23124164118433993,0.49668638638946727,0.2532493748842223,334.0,0.0,1.0,1.0,0.2694301256218253,0,1,5.814130531825066
NcCo,0.3220665328414043,0.08968651695517235,0.13241926598114181,0.4777304145082689,0.23238001588623194,378.5,0.0,1.0,1.0,-0.4233901974057255,1,1,5.938854596835685
NcDl,0.4126639914592621,0.26252080656110605,0.2768748034913676,0.4830227837880252,0.15014318489815603,300.5,0.0,1.0,1.0,0.1539600717839002,0,1,5.70877001616724
NcHa,0.4414530241222545,0.1750787594125821,0.22814457240416683,0.4344488539965412,0.2663742647096724,238.5,0.0,1.0,1.0,-0.7698003589195012,0,1,5.4785534168509695
NcHr,0.41750766044358734,0.1919196186886255,0.18720181761449917,0.4983801739032329,0.22558804175496186,284.5,0.0,1.0,1.0,0.0384900179459749,1,1,5.654242029096065
NcNc,0.435857574161449,0.1953311795336056,0.19674481357839524,0.49908297002265545,0.24052639462784342,291.5,0.0,1.0,1.0,-0.6543303050815759,0,1,5.678464666671911
NcPc,0.435238774003948,0.2280523562305112,0.24402559537765878,0.47190357154325846,0.2071864177734368,369.0,0.0,1.0,1.0,-0.6543303050815759,0,1,5.91350300563827
NcPd,0.2533410437287631,0.1750787594125821,0.19476140827008911,0.4179850035120053,0.07826228431618096,266.5,0.0,1.0,1.0,-0.1924500897298753,0,1,5.589119566336061
NcSh,0.3986824671843407,0.25465137418847084,0.2517167750738444,0.494735830219067,0.14403109299586983,315.0,0.0,1.0,1.0,-0.4233901974057255,1,1,5.755742213586912
PcAs,0.4211753548117826,0.1927318083344179,0.17894483721280935,0.4911597947907141,0.22844354647736473,354.5,0.0,1.0,2.0,-0.6543303050815759,1,1,5.873525249243295
PcBa,0.41657229590806755,0.11589972775210727,0.12367798463947909,0.49941793358996145,0.30067256815596033,319.5,0.0,1.0,2.0,-0.1924500897298753,1,1,5.7698822763607245
PcCh,0.48108827353221495,0.19805135353117684,0.22341877929831938,0.4994079995717382,0.2830369200010381,316.0,0.0,1.0,2.0,-0.5388602512436508,1,1,5.75890177387728
PcCm,0.4024564915354706,0.17025680112922353,0.19910631345631527,0.4744694427694669,0.23219969040624708,220.5,0.0,1.0,2.0,-0.0769800358919501,0,1,5.40042258948519
PcCo,0.41109528544175183,0.1919196186886255,0.1867417557440612,0.4459562105182384,0.21917566675312633,188.0,0.0,1.0,2.0,-0.4233901974057255,1,1,5.241747015059643
PcDl,0.4674726023516156,0.2634544308838702,0.24847439630550683,0.49799552438146827,0.2040181714677453,279.0,0.0,1.0,2.0,-0.4233901974057255,0,1,5.634789603169249
PcHa,0.37602443718107714,0.1845945787678593,0.22946901604373898,0.495681342156592,0.19142985841321783,310.0,0.0,1.0,2.0,-0.4233901974057255,0,1,5.739792912179234
PcHr,0.4807192795948688,0.16425726196291898,0.17291137010535498,0.4995087661590324,0.3164620176319498,228.5,0.0,1.0,2.0,0.0384900179459749,1,1,5.4359030295006
PcNc,0.32761401503779575,0.1501752113338169,0.15961292367410387,0.4953628902232447,0.17743880370397883,317.0,0.0,1.0,2.0,-0.6543303050815759,0,1,5.762051382780177
PcPc,0.37908501474271644,0.13837964981853218,0.14265169623724236,0.49940675129170164,0.24070536492418426,289.5,0.0,1.0,2.0,-0.3079201435678004,0,1,5.671603576291966
PcPd,0.4247929529423362,0.2209670158455352,0.2573219750138609,0.4988337128487522,0.203825937096801,255.5,0.0,1.0,2.0,-0.6543303050815759,0,1,5.547128664610824
PcSh,0.4151283690750308,0.19923088411339396,0.20887584817379806,0.36245838263134544,0.21589748496163683,423.5,0.0,1.0,2.0,-0.7698003589195012,1,1,6.050912005751402
PdAs,0.44443335395772543,0.19805135353117684,0.18299719753617286,0.49741135504035816,0.24638200042654862,347.5,0.0,1.0,1.0,-0.0769800358919501,1,1,5.853638230200579
PdBa,0.4675915701241812,0.23425779107305694,0.2555465768170266,0.49853111054806165,0.2333337790511242,208.0,0.0,1.0,1.0,-0.0769800358919501,1,1,5.342334251964811
PdCh,0.44038413349160105,0.17335581269273928,0.1848147257616778,0.47504934007685296,0.26702832079886174,299.5,0.0,1.0,1.0,0.0384900179459749,1,1,5.705447753975262
PdCm,0.27510091471442755,-0.008335975115655467,0.003547307548203052,0.4384320963953934,0.283436889830083,313.0,0.0,1.0,1.0,0.2694301256218253,0,1,5.749392985908253
PdCo,0.4066709222233822,0.19615898261879747,0.21307578507405778,0.4179706207206194,0.21051193960458472,357.0,0.0,1.0,1.0,-0.4233901974057255,1,1,5.8805329864007
PdDl,0.2663225879625348,0.08545088439262072,0.09485388806135744,0.47129216896230325,0.18087170356991406,275.0,0.0,1.0,1.0,0.3849001794597504,0,1,5.62040086571715
PdHa,0.45806547979691736,0.12318281585103125,0.13131593774390407,0.49685430056511903,0.33488266394588617,292.0,0.0,1.0,1.0,-0.5388602512436508,0,1,5.680172609017068
PdHr,0.4491847059354056,0.1913060672012959,0.22064747316141714,0.4983503228326991,0.25787863873410966,286.0,0.0,1.0,1.0,0.0384900179459749,1,1,5.659482215759621
PdNc,0.4052405092896553,0.1497691165109207,0.15482991248620293,0.439493584722882,0.25547139277873465,241.5,0.0,1.0,1.0,-0.1924500897298753,0,1,5.491001710377538
PdPc,0.31047919443319427,0.18431627703534015,0.17565825579602246,0.4866288940697534,0.12616291739785415,347.0,0.0,1.0,1.0,-0.6543303050815759,0,1,5.8522024797744745
PdPd,0.21656603650330108,0.06919673018086275,0.0667755950834808,0.3627576727526877,0.14736930632243833,347.5,0.0,1.0,1.0,0.2694301256218253,0,1,5.853638230200579
PdSh,0.37794930350771083,0.16425726196291898,0.1564826976001743,0.4724556700406878,0.21369204154479182,301.0,0.0,1.0,1.0,0.0384900179459749,1,1,5.71042701737487
ShAs,0.2909394116025974,-0.07196605411870172,-0.026679808159405988,0.44294469353067145,0.3629054657212991,644.5,0.25,1.0,0.0,-0.3437457694579421,2,2,6.470025210286697
ShBa,0.18258128520672454,-0.02806364520575065,-0.08124144309738632,-0.016812637678220152,0.21064493041247517,966.0,0.25,1.0,0.0,0.3368858560744445,2,0,6.874198495453294
ShCh,0.39981485348753687,0.022869630798079688,-0.005770842427121239,0.47463859679144127,0.3769452226894572,747.5,0.25,1.0,0.0,0.2214158022365192,2,0,6.618071203859683
ShCm,0.10782822508089804,-0.1750787594125821,-0.16397607969620248,0.18222298101554715,0.2829069844934802,300.5,0.0,1.0,0.0,0.8563047002507821,1,1,5.70877001616724
ShCo,0.2172965456225101,0.017083235740726496,0.07051627968883097,0.06391879604937246,0.2002133098817836,1040.5,0.25,1.0,0.0,-0.5169508502148299,2,2,6.948417260701027
ShDl,0.26493410360220865,-0.11993249638340986,-0.17298848312896284,0.15509090099849374,0.3848665999856185,345.5,0.0,1.0,0.0,0.7408346464128569,1,1,5.847882818629958
ShHa,0.05490489517583583,-0.06424982768682252,-0.047898352915913045,-0.12544483428826048,0.11915472286265835,713.0,0.0,1.0,0.0,-0.1829257842905442,1,1,6.570882962339584
ShHr,0.10436894211491322,-0.0503588199086476,-0.04966195324275227,0.021220385950246487,0.1547277620235608,1072.0,0.25,1.0,0.0,0.5678259637502947,2,0,6.9782137426306985
ShNc,0.19358529535122193,-0.1845945787678593,-0.21159927301746656,0.08027901593651453,0.3781798741190812,374.5,0.0,0.75,0.0,0.048014323385306,1,1,5.928258471204189
ShPc,0.0891565998893116,0.04208815516345725,0.042443214572043086,0.051503077928981886,0.04706844472585435,935.0,0.75,1.0,0.0,-0.2983958381284694,1,1,6.841615476477592
ShPd,0.37949579245651877,-0.06465592250971872,-0.06999588299187087,0.49346642943013896,0.4441517149662375,376.5,0.0,1.0,0.0,0.5098945387370066,1,1,5.933570568689079
ShSh,0.23944459074224367,-0.01952766085033064,-0.004554870196247174,-0.004274774509540655,0.2589722515925743,542.0,0.25,0.6666666666666666,0.0,-0.2571432290794982,2,2,6.297109319933935
