layer,feature_set,target,scope,objective_baseline_auc,objective_baseline_auc_lo,objective_baseline_auc_hi,augmented_auc,augmented_auc_lo,augmented_auc_hi,logloss_improvement,logloss_improvement_lo,logloss_improvement_hi,objective_baseline_logloss,augmented_logloss,n,n_games
1,router_gate,pure_canonical_choice,pure,0.7127958499945962,0.6126489834149352,0.8049398287291171,0.7459202420836486,0.6544752549417621,0.8300125001173904,-0.01567190570608895,-0.051500372106651836,0.01570150795439515,0.24037625143514008,0.256048157141229,525,144
1,router_topk_weight,pure_canonical_choice,pure,0.7127958499945962,0.6126489834149352,0.8049398287291171,0.7043661515184264,0.5989615861500778,0.8008688766132488,-0.01053759384491293,-0.025661172577953896,0.0011914869028086434,0.24037625143514008,0.250913845280053,525,144
1,router_topk_binary,pure_canonical_choice,pure,0.7127958499945962,0.6126489834149352,0.8049398287291171,0.7077164162974171,0.6003419781732712,0.8126225998962118,-0.008193966415553339,-0.02056447901658105,0.002112225993571674,0.24037625143514008,0.24857021785069341,525,144
1,residual,pure_canonical_choice,pure,0.7127958499945962,0.6126489834149352,0.8049398287291171,0.5059440181562737,0.37957651992081265,0.6332550010882504,-0.23545930283493333,-0.3587676025481509,-0.13061522948427157,0.24037625143514008,0.4758355542700734,525,144
3,router_gate,pure_canonical_choice,pure,0.7127958499945962,0.6126489834149352,0.8049398287291171,0.7591591916135306,0.6863856473530728,0.8281097648056411,-0.042198663640330925,-0.07573902341575044,-0.009337647350884827,0.24037625143514008,0.282574915075471,525,144
3,router_topk_weight,pure_canonical_choice,pure,0.7127958499945962,0.6126489834149352,0.8049398287291171,0.685777585647898,0.5723278154853001,0.7939645766656969,-0.016854958915363594,-0.0315844787587536,-0.0035114636821144255,0.24037625143514008,0.25723121035050367,525,144
3,router_topk_binary,pure_canonical_choice,pure,0.7127958499945962,0.6126489834149352,0.8049398287291171,0.6852372203609641,0.5699124373433584,0.7931460948427472,-0.016845961432673084,-0.031755903907673334,-0.003291402696161708,0.24037625143514008,0.25722221286781316,525,144
3,residual,pure_canonical_choice,pure,0.7127958499945962,0.6126489834149352,0.8049398287291171,0.6477358694477466,0.5568329483735449,0.7407218174906854,-0.29644937271576777,-0.43109643046587787,-0.1791789047124404,0.24037625143514008,0.5368256241509078,525,144
6,router_gate,pure_canonical_choice,pure,0.7127958499945962,0.6126489834149352,0.8049398287291171,0.7398141143412946,0.6445295055821371,0.8319697276390201,-0.032706575169820895,-0.08469170798049946,0.011098895340012897,0.24037625143514008,0.27308282660496097,525,144
6,router_topk_weight,pure_canonical_choice,pure,0.7127958499945962,0.6126489834149352,0.8049398287291171,0.6928563709067329,0.5916265985797492,0.7927479943873942,-0.013030967611905198,-0.0319039945619378,0.0006400066816614722,0.24037625143514008,0.2534072190470453,525,144
6,router_topk_binary,pure_canonical_choice,pure,0.7127958499945962,0.6126489834149352,0.8049398287291171,0.7096887495947262,0.6084820734624788,0.810336697498887,-0.007242189973284047,-0.024915767019342522,0.005979588175630869,0.24037625143514008,0.24761844140842412,525,144
6,residual,pure_canonical_choice,pure,0.7127958499945962,0.6126489834149352,0.8049398287291171,0.6753485356100724,0.579996959726922,0.7602926286995084,-0.31748668881890274,-0.4890699533655556,-0.17171500566984693,0.24037625143514008,0.5578629402540428,525,144
9,router_gate,pure_canonical_choice,pure,0.7127958499945962,0.6126489834149352,0.8049398287291171,0.7066356857235492,0.6305989204976483,0.7761117840547782,-0.038197967670289656,-0.07607905345029174,-0.007798440788167649,0.24037625143514008,0.27857421910542973,525,144
9,router_topk_weight,pure_canonical_choice,pure,0.7127958499945962,0.6126489834149352,0.8049398287291171,0.6359018696638928,0.5168030437905257,0.7469960487109729,-0.031540999875755704,-0.04926255293190773,-0.015779264256824632,0.24037625143514008,0.2719172513108958,525,144
9,router_topk_binary,pure_canonical_choice,pure,0.7127958499945962,0.6126489834149352,0.8049398287291171,0.6388468604776829,0.5280269566132338,0.7468994882277462,-0.029506890623836823,-0.046219542242487074,-0.015594744387507195,0.24037625143514008,0.2698831420589769,525,144
9,residual,pure_canonical_choice,pure,0.7127958499945962,0.6126489834149352,0.8049398287291171,0.6459526640008646,0.5429315511763524,0.7302443272634043,-0.3607117105241855,-0.5290326386326416,-0.22214600304970913,0.24037625143514008,0.6010879619593256,525,144
12,router_gate,pure_canonical_choice,pure,0.7127958499945962,0.6126489834149352,0.8049398287291171,0.7001513022803414,0.6052962567756653,0.7851925416761493,-0.033125636624690424,-0.0704411026257171,0.00043695627995311013,0.24037625143514008,0.2735018880598305,525,144
12,router_topk_weight,pure_canonical_choice,pure,0.7127958499945962,0.6126489834149352,0.8049398287291171,0.701177996325516,0.5888287161337563,0.8057989005862288,-0.007579597438470642,-0.021815164863229347,0.006957171118838397,0.24037625143514008,0.24795584887361072,525,144
12,router_topk_binary,pure_canonical_choice,pure,0.7127958499945962,0.6126489834149352,0.8049398287291171,0.7026640008645844,0.5949565317368584,0.8053420789591419,-0.011857171981643044,-0.0334354059597467,0.006475628970746891,0.24037625143514008,0.2522334234167831,525,144
12,residual,pure_canonical_choice,pure,0.7127958499945962,0.6126489834149352,0.8049398287291171,0.6226088836053173,0.5153863782516327,0.7141294414271084,-0.3108675051610199,-0.4932732625634142,-0.16877096933148802,0.24037625143514008,0.55124375659616,525,144
15,router_gate,pure_canonical_choice,pure,0.7127958499945962,0.6126489834149352,0.8049398287291171,0.6785907273316762,0.5847327302631579,0.7659015444015445,-0.045244764855150554,-0.0870968143684169,-0.008835841622031956,0.24037625143514008,0.28562101629029063,525,144
15,router_topk_weight,pure_canonical_choice,pure,0.7127958499945962,0.6126489834149352,0.8049398287291171,0.70744623365395,0.6005999946512622,0.8026390809166749,-0.009284506988437469,-0.02035433760137206,0.0013362698599703655,0.24037625143514008,0.24966075842357754,525,144
15,router_topk_binary,pure_canonical_choice,pure,0.7127958499945962,0.6126489834149352,0.8049398287291171,0.6779963255160488,0.5800082141596585,0.7762596555678561,-0.011375586477609057,-0.0279887971856636,0.0003602359861504753,0.24037625143514008,0.25175183791274913,525,144
15,residual,pure_canonical_choice,pure,0.7127958499945962,0.6126489834149352,0.8049398287291171,0.6970171836161244,0.6027460907184451,0.7816067530632933,-0.39627842193470497,-0.5929227456359186,-0.22726297688494973,0.24037625143514008,0.636654673369845,525,144
18,router_gate,pure_canonical_choice,pure,0.7127958499945962,0.6126489834149352,0.8049398287291171,0.6866962066356858,0.5785119428404463,0.7851979577113049,-0.05450668028935984,-0.11309437379056361,-0.008135041569230604,0.24037625143514008,0.2948829317244999,525,144
18,router_topk_weight,pure_canonical_choice,pure,0.7127958499945962,0.6126489834149352,0.8049398287291171,0.7251161785366907,0.6212404724672795,0.8206968882372108,-0.0037726203875927122,-0.01662591394966817,0.008659737676841072,0.24037625143514008,0.2441488718227328,525,144
18,router_topk_binary,pure_canonical_choice,pure,0.7127958499945962,0.6126489834149352,0.8049398287291171,0.7151734572571058,0.6115381979550009,0.807766272189349,-0.0075669167128256665,-0.018607990991044536,0.002407796855496352,0.24037625143514008,0.24794316814796574,525,144
18,residual,pure_canonical_choice,pure,0.7127958499945962,0.6126489834149352,0.8049398287291171,0.7773695017832054,0.6948645617455586,0.845316800236119,-0.30007938305678705,-0.4675422151558962,-0.16094795041755106,0.24037625143514008,0.5404556344919271,525,144
21,router_gate,pure_canonical_choice,pure,0.7127958499945962,0.6126489834149352,0.8049398287291171,0.6227169566627039,0.5240442127822592,0.7187756258617853,-0.10807562239459956,-0.17493488423494466,-0.05125966684583938,0.24037625143514008,0.34845187382973963,525,144
21,router_topk_weight,pure_canonical_choice,pure,0.7127958499945962,0.6126489834149352,0.8049398287291171,0.7069599048957095,0.6036781344269285,0.8040658028899831,-0.008101791381017992,-0.017303396645146435,4.725854776738909e-05,0.24037625143514008,0.24847804281615807,525,144
21,router_topk_binary,pure_canonical_choice,pure,0.7127958499945962,0.6126489834149352,0.8049398287291171,0.6983680968334594,0.5803756263155241,0.8090277582117107,-0.011923567393267276,-0.027182322639970575,0.0007941197316290304,0.24037625143514008,0.25229981882840735,525,144
21,residual,pure_canonical_choice,pure,0.7127958499945962,0.6126489834149352,0.8049398287291171,0.79828163838755,0.720115385633153,0.8672293604872423,-0.335600714079056,-0.5061565295501844,-0.17342736378934362,0.24037625143514008,0.5759769655141961,525,144
22,router_gate,pure_canonical_choice,pure,0.7127958499945962,0.6126489834149352,0.8049398287291171,0.6605965632767751,0.523056424931425,0.7824220771877402,-0.07401847573189829,-0.14562449238913452,-0.018415544397251345,0.24037625143514008,0.31439472716703837,525,144
22,router_topk_weight,pure_canonical_choice,pure,0.7127958499945962,0.6126489834149352,0.8049398287291171,0.6852912568896574,0.569540153988691,0.7942239852480412,-0.01709969897826691,-0.03744417018129522,-0.0028189768557532143,0.24037625143514008,0.257475950413407,525,144
22,router_topk_binary,pure_canonical_choice,pure,0.7127958499945962,0.6126489834149352,0.8049398287291171,0.6910461471955043,0.5675962486339577,0.802224799753346,-0.01564340306637213,-0.03806858541923564,-0.0008044396931087757,0.24037625143514008,0.2560196545015122,525,144
22,residual,pure_canonical_choice,pure,0.7127958499945962,0.6126489834149352,0.8049398287291171,0.7418675024316438,0.6446536036453592,0.8400819378508171,-0.3515316971405986,-0.5532090381980729,-0.17196807862614616,0.24037625143514008,0.5919079485757387,525,144
24,router_gate,pure_canonical_choice,pure,0.7127958499945962,0.6126489834149352,0.8049398287291171,0.6920998595050254,0.6088369077729006,0.7665034616915183,-0.060633548626057354,-0.1078596728888025,-0.019328316212988347,0.24037625143514008,0.30100980006119743,525,144
24,router_topk_weight,pure_canonical_choice,pure,0.7127958499945962,0.6126489834149352,0.8049398287291171,0.7287906624878419,0.6121963984863091,0.8352948191195572,-0.0005250537401140787,-0.013792120402570145,0.013037892936631544,0.24037625143514008,0.24090130517525415,525,144
24,router_topk_binary,pure_canonical_choice,pure,0.7127958499945962,0.6126489834149352,0.8049398287291171,0.7062574300226953,0.5933636992932881,0.8139439668877074,-0.005262482859769602,-0.015878726195188528,0.005014754565913777,0.24037625143514008,0.24563873429490968,525,144
24,residual,pure_canonical_choice,pure,0.7127958499945962,0.6126489834149352,0.8049398287291171,0.7646168810115639,0.6852854765140972,0.8346841417818779,-0.28761716972923523,-0.4585152341162376,-0.14305893811225623,0.24037625143514008,0.5279934211643753,525,144
27,router_gate,pure_canonical_choice,pure,0.7127958499945962,0.6126489834149352,0.8049398287291171,0.6634064627688318,0.5664744378757515,0.7547133518277593,-0.06329654783129496,-0.10705957807106789,-0.0253198200082382,0.24037625143514008,0.30367279926643503,525,144
27,router_topk_weight,pure_canonical_choice,pure,0.7127958499945962,0.6126489834149352,0.8049398287291171,0.6844807089592565,0.571325483535964,0.7913999713791677,-0.017708881205978744,-0.04376568139950675,0.003058772565394075,0.24037625143514008,0.2580851326411188,525,144
27,router_topk_binary,pure_canonical_choice,pure,0.7127958499945962,0.6126489834149352,0.8049398287291171,0.672700745704096,0.5579288608363369,0.780965888658368,-0.02152249739534501,-0.04671639231113343,-0.00263808556704324,0.24037625143514008,0.2618987488304851,525,144
27,residual,pure_canonical_choice,pure,0.7127958499945962,0.6126489834149352,0.8049398287291171,0.6944774667675347,0.5841666666666667,0.7942047687643472,-0.3226608147083896,-0.511905906039907,-0.14231012432538612,0.24037625143514008,0.5630370661435297,525,144
30,router_gate,pure_canonical_choice,pure,0.7127958499945962,0.6126489834149352,0.8049398287291171,0.6902626175294498,0.6138006280117788,0.7646762044236429,-0.042711715763883884,-0.0711681971197404,-0.016168494792302833,0.24037625143514008,0.28308796719902396,525,144
30,router_topk_weight,pure_canonical_choice,pure,0.7127958499945962,0.6126489834149352,0.8049398287291171,0.7180373932778558,0.5989394051437211,0.8240948319545004,-0.013884038686481581,-0.035857057272617704,0.002700182508471906,0.24037625143514008,0.25426029012162166,525,144
30,router_topk_binary,pure_canonical_choice,pure,0.7127958499945962,0.6126489834149352,0.8049398287291171,0.7158218956014265,0.5965480936254869,0.8209253429690686,-0.015531494417849345,-0.03887249369895803,0.0026211292889970306,0.24037625143514008,0.2559077458529894,525,144
30,residual,pure_canonical_choice,pure,0.7127958499945962,0.6126489834149352,0.8049398287291171,0.7171728088187614,0.6409439588746911,0.7930655660345503,-0.30426719603036323,-0.4690904705648533,-0.1495808931836951,0.24037625143514008,0.5446434474655033,525,144
33,router_gate,pure_canonical_choice,pure,0.7127958499945962,0.6126489834149352,0.8049398287291171,0.6635145358262186,0.5697446063699287,0.7596943949867336,-0.06754780257280812,-0.1248008622368988,-0.021526826767804073,0.24037625143514008,0.3079240540079482,525,144
33,router_topk_weight,pure_canonical_choice,pure,0.7127958499945962,0.6126489834149352,0.8049398287291171,0.7110126445477143,0.5959868982020741,0.8150762573419025,-0.010817431241709752,-0.028803297728442374,0.005437850036436873,0.24037625143514008,0.2511936826768498,525,144
33,router_topk_binary,pure_canonical_choice,pure,0.7127958499945962,0.6126489834149352,0.8049398287291171,0.698124932454339,0.5898287160944157,0.7952107053257852,-0.01369322306639248,-0.030640368581102438,0.0024244657823379546,0.24037625143514008,0.25406947450153256,525,144
33,residual,pure_canonical_choice,pure,0.7127958499945962,0.6126489834149352,0.8049398287291171,0.7049065168053603,0.6310226462491324,0.7802693427715341,-0.27528874817260773,-0.42648685703509803,-0.13700790183874306,0.24037625143514008,0.5156649996077478,525,144
35,router_gate,pure_canonical_choice,pure,0.7127958499945962,0.6126489834149352,0.8049398287291171,0.6678914946503837,0.5745835957593406,0.7638234900815164,-0.04919415383407616,-0.09093733925377194,-0.012197964068547673,0.24037625143514008,0.28957040526921624,525,144
35,router_topk_weight,pure_canonical_choice,pure,0.7127958499945962,0.6126489834149352,0.8049398287291171,0.7234950826758889,0.607096821409685,0.8299927100858412,-0.00012878756620507414,-0.01511787787321513,0.014332541249507507,0.24037625143514008,0.24050503900134515,525,144
35,router_topk_binary,pure_canonical_choice,pure,0.7127958499945962,0.6126489834149352,0.8049398287291171,0.7246568680427969,0.6101634210150363,0.8323166290517244,2.278583400969203e-05,-0.013896113665460341,0.013498795593376661,0.24037625143514008,0.24035346560113038,525,144
35,residual,pure_canonical_choice,pure,0.7127958499945962,0.6126489834149352,0.8049398287291171,0.6763211931265536,0.5910178596299623,0.7546163728878805,-0.31169127633817706,-0.48126024072726087,-0.16018618899871553,0.24037625143514008,0.5520675277733171,525,144
1,router_gate,realized_canonical_choice,all,0.6945648193359375,0.6179986962566667,0.7699165197153329,0.823760986328125,0.7637999553477716,0.882477215604022,0.02256861440020269,-0.01586180479527267,0.061634750626582205,0.3169632981403417,0.294394683740139,576,144
1,router_topk_weight,realized_canonical_choice,all,0.6945648193359375,0.6179986962566667,0.7699165197153329,0.804534912109375,0.7417175723497019,0.8660559223797585,0.02107612945137699,-0.005643438758848437,0.04616839432202285,0.3169632981403417,0.2958871686889647,576,144
1,router_topk_binary,realized_canonical_choice,all,0.6945648193359375,0.6179986962566667,0.7699165197153329,0.7963714599609375,0.729957362182125,0.8608012983752215,0.018130762303927128,-0.008552830114337403,0.04343785695183792,0.3169632981403417,0.29883253583641456,576,144
1,residual,realized_canonical_choice,all,0.6945648193359375,0.6179986962566667,0.7699165197153329,0.682403564453125,0.5910162903746472,0.7755649590452267,-0.13383785788313957,-0.2196638967786985,-0.04822005243522343,0.3169632981403417,0.45080115602348125,576,144
3,router_gate,realized_canonical_choice,all,0.6945648193359375,0.6179986962566667,0.7699165197153329,0.803680419921875,0.7442260636436807,0.8629142159971791,-0.03052326797551047,-0.09603500031809485,0.02343947162090708,0.3169632981403417,0.34748656611585216,576,144
3,router_topk_weight,realized_canonical_choice,all,0.6945648193359375,0.6179986962566667,0.7699165197153329,0.7742919921875,0.7026362997157474,0.8493611638181876,0.015406934221608826,-0.016818413149399684,0.04755016526990486,0.3169632981403417,0.30155636391873286,576,144
3,router_topk_binary,realized_canonical_choice,all,0.6945648193359375,0.6179986962566667,0.7699165197153329,0.77825927734375,0.7087649530895138,0.8506010295865761,0.015985812709950697,-0.016398667305219588,0.04727849346204591,0.3169632981403417,0.300977485430391,576,144
3,residual,realized_canonical_choice,all,0.6945648193359375,0.6179986962566667,0.7699165197153329,0.779541015625,0.706780699538325,0.8456949103199748,-0.07824481335914019,-0.1554072457106554,-0.010279903668743892,0.3169632981403417,0.3952081114994819,576,144
6,router_gate,realized_canonical_choice,all,0.6945648193359375,0.6179986962566667,0.7699165197153329,0.82733154296875,0.7626834017931922,0.887242898539882,0.029004792761009868,-0.010168850796731618,0.06595129262668491,0.3169632981403417,0.2879585053793318,576,144
6,router_topk_weight,realized_canonical_choice,all,0.6945648193359375,0.6179986962566667,0.7699165197153329,0.7886962890625,0.7200812184680021,0.8542008252164504,0.019672583029788915,-0.008495060553672532,0.04741518873077613,0.3169632981403417,0.2972907151105528,576,144
6,router_topk_binary,realized_canonical_choice,all,0.6945648193359375,0.6179986962566667,0.7699165197153329,0.79345703125,0.7253893693482548,0.856507871998772,0.023358181984970694,-0.004422562330669053,0.05220490810933598,0.3169632981403417,0.293605116155371,576,144
6,residual,realized_canonical_choice,all,0.6945648193359375,0.6179986962566667,0.7699165197153329,0.780731201171875,0.7154380478041061,0.8398400914719302,-0.09193377358251514,-0.178228883676747,-0.023233458972387693,0.3169632981403417,0.40889707172285683,576,144
9,router_gate,realized_canonical_choice,all,0.6945648193359375,0.6179986962566667,0.7699165197153329,0.788818359375,0.7286499323342757,0.848818534074439,-0.03809734159624906,-0.0912980613867241,0.008466161945130819,0.3169632981403417,0.35506063973659074,576,144
9,router_topk_weight,realized_canonical_choice,all,0.6945648193359375,0.6179986962566667,0.7699165197153329,0.74322509765625,0.6629457246420052,0.8207271347367967,-0.012267871924418194,-0.05001933798122618,0.022954866982621815,0.3169632981403417,0.3292311700647599,576,144
9,router_topk_binary,realized_canonical_choice,all,0.6945648193359375,0.6179986962566667,0.7699165197153329,0.7339019775390625,0.6539490995155679,0.811715472359471,-0.016426364775437408,-0.05537486714827125,0.020405376636248487,0.3169632981403417,0.3333896629157791,576,144
9,residual,realized_canonical_choice,all,0.6945648193359375,0.6179986962566667,0.7699165197153329,0.760711669921875,0.6954470326349825,0.8201748296382947,-0.169645204363926,-0.27542166682636154,-0.08080081922001218,0.3169632981403417,0.4866085025042677,576,144
12,router_gate,realized_canonical_choice,all,0.6945648193359375,0.6179986962566667,0.7699165197153329,0.76373291015625,0.6926930978854966,0.8309878844361602,-0.025384260826305738,-0.07505978233154634,0.01750413062977575,0.3169632981403417,0.3423475589666474,576,144
12,router_topk_weight,realized_canonical_choice,all,0.6945648193359375,0.6179986962566667,0.7699165197153329,0.81451416015625,0.748201538644131,0.8766198261963053,0.02973849584086735,0.002406349768571108,0.057567711031714666,0.3169632981403417,0.28722480229947434,576,144
12,router_topk_binary,realized_canonical_choice,all,0.6945648193359375,0.6179986962566667,0.7699165197153329,0.8136138916015625,0.7499898292883151,0.8756304827870267,0.02902726479785156,-0.0007513067651563702,0.057056878547768086,0.3169632981403417,0.2879360333424901,576,144
12,residual,realized_canonical_choice,all,0.6945648193359375,0.6179986962566667,0.7699165197153329,0.733489990234375,0.6640609980558352,0.8055740451412393,-0.12692466084606935,-0.23012301640976002,-0.03252377891267245,0.3169632981403417,0.44388795898641104,576,144
15,router_gate,realized_canonical_choice,all,0.6945648193359375,0.6179986962566667,0.7699165197153329,0.8154296875,0.7511632962956376,0.8728018463793645,0.016774754934478553,-0.023511372927606362,0.05699564275934256,0.3169632981403417,0.30018854320586313,576,144
15,router_topk_weight,realized_canonical_choice,all,0.6945648193359375,0.6179986962566667,0.7699165197153329,0.8023681640625,0.7351853493586026,0.8643087197652486,0.026283974561580548,-0.0005185383694911129,0.05147622570561025,0.3169632981403417,0.29067932357876114,576,144
15,router_topk_binary,realized_canonical_choice,all,0.6945648193359375,0.6179986962566667,0.7699165197153329,0.785858154296875,0.7175565284102873,0.8486539254146552,0.026663106052477736,0.0010246922003766263,0.05230498304634783,0.3169632981403417,0.29030019208786395,576,144
15,residual,realized_canonical_choice,all,0.6945648193359375,0.6179986962566667,0.7699165197153329,0.803497314453125,0.749395037874431,0.8537382818914038,-0.13567102931887226,-0.23930350240604525,-0.04469984906283059,0.3169632981403417,0.45263432745921395,576,144
18,router_gate,realized_canonical_choice,all,0.6945648193359375,0.6179986962566667,0.7699165197153329,0.796905517578125,0.7232426824763334,0.8618767535408851,0.004452825591096776,-0.04112772217213472,0.04564472765751122,0.3169632981403417,0.3125104725492449,576,144
18,router_topk_weight,realized_canonical_choice,all,0.6945648193359375,0.6179986962566667,0.7699165197153329,0.80908203125,0.7437537864098109,0.8674590079513289,0.028617607295712888,0.0010741989258650777,0.056213836723786874,0.3169632981403417,0.2883456908446288,576,144
18,router_topk_binary,realized_canonical_choice,all,0.6945648193359375,0.6179986962566667,0.7699165197153329,0.807373046875,0.7442194539089111,0.8650288881014119,0.028999444691465093,0.0019250945060694017,0.05592992022723374,0.3169632981403417,0.2879638534488766,576,144
18,residual,realized_canonical_choice,all,0.6945648193359375,0.6179986962566667,0.7699165197153329,0.811004638671875,0.7415573145584661,0.870354251856797,-0.11770877090656107,-0.2442272806869918,-0.01791675869627178,0.3169632981403417,0.43467206904690275,576,144
21,router_gate,realized_canonical_choice,all,0.6945648193359375,0.6179986962566667,0.7699165197153329,0.779632568359375,0.7021678245561235,0.8463606754195417,-0.014432817790491936,-0.06444150195964381,0.027517114815881153,0.3169632981403417,0.3313961159308336,576,144
21,router_topk_weight,realized_canonical_choice,all,0.6945648193359375,0.6179986962566667,0.7699165197153329,0.805023193359375,0.740692572420096,0.8664674753971532,0.023987295611480053,-0.003582085799712044,0.049777851614085836,0.3169632981403417,0.29297600252886163,576,144
21,router_topk_binary,realized_canonical_choice,all,0.6945648193359375,0.6179986962566667,0.7699165197153329,0.8033294677734375,0.7379595967828936,0.8657820686121823,0.025677710998140035,-0.0016835889420058075,0.05156092637391185,0.3169632981403417,0.29128558714220165,576,144
21,residual,realized_canonical_choice,all,0.6945648193359375,0.6179986962566667,0.7699165197153329,0.79595947265625,0.7377412876268242,0.8562083021832936,-0.1434106162383288,-0.2534886665650168,-0.05091947737300919,0.3169632981403417,0.4603739143786705,576,144
22,router_gate,realized_canonical_choice,all,0.6945648193359375,0.6179986962566667,0.7699165197153329,0.7777099609375,0.6934006030508575,0.8568399607826112,-0.014103664264670579,-0.07409881797262276,0.0364560139087814,0.3169632981403417,0.33106696240501227,576,144
22,router_topk_weight,realized_canonical_choice,all,0.6945648193359375,0.6179986962566667,0.7699165197153329,0.80181884765625,0.7238051817499209,0.8746617127469051,0.025073180459068922,-0.011448609531181016,0.056590853856434524,0.3169632981403417,0.29189011768127276,576,144
22,router_topk_binary,realized_canonical_choice,all,0.6945648193359375,0.6179986962566667,0.7699165197153329,0.7985687255859375,0.7175244687030903,0.8750287483314694,0.025103845423982918,-0.01121514638155229,0.05797589780407793,0.3169632981403417,0.29185945271635877,576,144
22,residual,realized_canonical_choice,all,0.6945648193359375,0.6179986962566667,0.7699165197153329,0.803955078125,0.7529289245605468,0.8579950434546443,-0.09892258337950005,-0.19313548658727786,-0.013233859761541521,0.3169632981403417,0.41588588151984174,576,144
24,router_gate,realized_canonical_choice,all,0.6945648193359375,0.6179986962566667,0.7699165197153329,0.789459228515625,0.7252668755391646,0.8478622097155384,-0.009102933115777478,-0.05631715240390545,0.03251025233272588,0.3169632981403417,0.32606623125611917,576,144
24,router_topk_weight,realized_canonical_choice,all,0.6945648193359375,0.6179986962566667,0.7699165197153329,0.805023193359375,0.7399409556310935,0.8704298173260219,0.02869311850471562,0.0005193424309467329,0.05652917088677909,0.3169632981403417,0.28827017963562607,576,144
24,router_topk_binary,realized_canonical_choice,all,0.6945648193359375,0.6179986962566667,0.7699165197153329,0.7962493896484375,0.7301326340309583,0.8628749931972172,0.026534859943994904,-0.0010124896483390488,0.05311916551037909,0.3169632981403417,0.2904284381963468,576,144
24,residual,realized_canonical_choice,all,0.6945648193359375,0.6179986962566667,0.7699165197153329,0.8238525390625,0.7734712466385774,0.8723155319025708,-0.08915270444916956,-0.17904786105542606,-0.018112250293246607,0.3169632981403417,0.40611600258951125,576,144
27,router_gate,realized_canonical_choice,all,0.6945648193359375,0.6179986962566667,0.7699165197153329,0.7581787109375,0.6853176273518954,0.8256028863158166,-0.04309899552020291,-0.09635251831999794,0.0008649899755331082,0.3169632981403417,0.3600622936605446,576,144
27,router_topk_weight,realized_canonical_choice,all,0.6945648193359375,0.6179986962566667,0.7699165197153329,0.824554443359375,0.7638911887971576,0.8810687960658976,0.035349406742125666,0.0061845199628122165,0.06520869295882138,0.3169632981403417,0.281613891398216,576,144
27,router_topk_binary,realized_canonical_choice,all,0.6945648193359375,0.6179986962566667,0.7699165197153329,0.816009521484375,0.7530544512975172,0.8733270835948287,0.031000892748729636,0.0005276557006332869,0.06142566888531035,0.3169632981403417,0.28596240539161205,576,144
27,residual,realized_canonical_choice,all,0.6945648193359375,0.6179986962566667,0.7699165197153329,0.79486083984375,0.733288879032185,0.8551232822775129,-0.10698714249079927,-0.20246539498939656,-0.02456589742883124,0.3169632981403417,0.42395044063114096,576,144
30,router_gate,realized_canonical_choice,all,0.6945648193359375,0.6179986962566667,0.7699165197153329,0.78363037109375,0.7181133341958089,0.8490673825787448,-0.00817802350775465,-0.05828768344695536,0.040467567814112405,0.3169632981403417,0.32514132164809634,576,144
30,router_topk_weight,realized_canonical_choice,all,0.6945648193359375,0.6179986962566667,0.7699165197153329,0.792205810546875,0.7294348153111891,0.8568433824975181,0.01808654892181455,-0.013092436333477089,0.04950744958734168,0.3169632981403417,0.29887674921852714,576,144
30,router_topk_binary,realized_canonical_choice,all,0.6945648193359375,0.6179986962566667,0.7699165197153329,0.7934722900390625,0.7305949796943884,0.85593189140514,0.01765234313561881,-0.012909745932196293,0.0482598930925295,0.3169632981403417,0.2993109550047229,576,144
30,residual,realized_canonical_choice,all,0.6945648193359375,0.6179986962566667,0.7699165197153329,0.774383544921875,0.7228968390496826,0.827718823195325,-0.12200408467563989,-0.21348254497928046,-0.04155818002558663,0.3169632981403417,0.4389673828159816,576,144
33,router_gate,realized_canonical_choice,all,0.6945648193359375,0.6179986962566667,0.7699165197153329,0.796142578125,0.7343367350838558,0.857379041724277,-0.014790410131008569,-0.07188523541585651,0.0357198912174997,0.3169632981403417,0.33175370827135026,576,144
33,router_topk_weight,realized_canonical_choice,all,0.6945648193359375,0.6179986962566667,0.7699165197153329,0.81005859375,0.7460496582892416,0.8706349081351029,0.02640550468427416,0.00028930041494821125,0.054751448131995464,0.3169632981403417,0.2905577934560675,576,144
33,router_topk_binary,realized_canonical_choice,all,0.6945648193359375,0.6179986962566667,0.7699165197153329,0.800994873046875,0.7362236186809592,0.8646519702842377,0.02304158274315471,-0.00424645141343678,0.05155374618173896,0.3169632981403417,0.293921715397187,576,144
33,residual,realized_canonical_choice,all,0.6945648193359375,0.6179986962566667,0.7699165197153329,0.7939453125,0.7464194179669456,0.8421434643481598,-0.10200866580495965,-0.18000732868238245,-0.02844027263123237,0.3169632981403417,0.41897196394530134,576,144
35,router_gate,realized_canonical_choice,all,0.6945648193359375,0.6179986962566667,0.7699165197153329,0.757843017578125,0.6961240407352332,0.8213562710672458,-0.03325910618680905,-0.07536921406716031,0.006448237363078929,0.3169632981403417,0.35022240432715074,576,144
35,router_topk_weight,realized_canonical_choice,all,0.6945648193359375,0.6179986962566667,0.7699165197153329,0.81903076171875,0.7573212109338621,0.8782183405003018,0.037852782285302256,0.010737444854805331,0.06620485271775409,0.3169632981403417,0.27911051585503943,576,144
35,router_topk_binary,realized_canonical_choice,all,0.6945648193359375,0.6179986962566667,0.7699165197153329,0.819183349609375,0.7580041794278797,0.8788933513658035,0.038273810736890124,0.012661353632303762,0.06540560405498629,0.3169632981403417,0.27868948740345156,576,144
35,residual,realized_canonical_choice,all,0.6945648193359375,0.6179986962566667,0.7699165197153329,0.785980224609375,0.7346975850649812,0.8362359363978441,-0.09811608444059211,-0.17602393418037496,-0.030643448448773723,0.3169632981403417,0.4150793825809338,576,144
