model,layer,depth_frac,angle_deg,null_lo,null_med,null_hi,perm_p,sig,gain_r,dec_cohen_d,belief,row_scope,n_obs,n_games
qwen_instruct,1,0.0125,70.42086968946474,43.50405350710415,56.90845864363513,71.79044366614966,0.9353233830845771,False,0.07259182528587284,0.8163024071706955,uniform,parsed_generated_choice,576,144
qwen_instruct,2,0.025,60.01623576409267,49.94294065264035,57.00283094941632,66.24029863009294,0.736318407960199,False,0.16519213278202075,1.0354429229622255,uniform,parsed_generated_choice,576,144
qwen_instruct,3,0.0375,57.55539048675603,49.31524695096097,56.81360224921518,65.14665003354658,0.5970149253731343,False,0.2043341104972412,1.2086063253657546,uniform,parsed_generated_choice,576,144
qwen_instruct,4,0.05,57.435927730101014,50.127252084126305,57.188106974828244,63.08810716440442,0.5422885572139303,False,0.2241098569904411,1.2686558494495512,uniform,parsed_generated_choice,576,144
qwen_instruct,5,0.0625,57.23173225468682,51.14213083785696,57.008684005659156,62.24005344464107,0.5522388059701493,False,0.2176384777525628,1.2143143206381,uniform,parsed_generated_choice,576,144
qwen_instruct,6,0.075,57.204813147719506,50.659320413790304,57.02459605221939,63.41967698898439,0.5223880597014925,False,0.21633871538727673,1.2104089209678246,uniform,parsed_generated_choice,576,144
qwen_instruct,7,0.0875,56.19430946918872,51.823645987601736,57.13671485513309,61.31411161879366,0.3482587064676617,False,0.22852660039151998,1.233749944572306,uniform,parsed_generated_choice,576,144
qwen_instruct,8,0.1,57.92803979414522,52.59282653310991,56.957780893899894,61.51783595766852,0.6467661691542289,False,0.24429709545491737,1.4524078876202788,uniform,parsed_generated_choice,576,144
qwen_instruct,9,0.1125,60.70572490849339,52.94032088910353,56.63420328986124,61.08218847479724,0.9651741293532339,False,0.257522590718464,1.7338977558071706,uniform,parsed_generated_choice,576,144
qwen_instruct,10,0.125,60.01110060064679,52.878769477563395,56.68340043357094,60.65348348817935,0.9402985074626866,False,0.27145844809453545,1.813949315386611,uniform,parsed_generated_choice,576,144
qwen_instruct,11,0.1375,59.37683773486657,53.03484279805682,56.71402832598001,60.10674831963144,0.9253731343283582,False,0.27282595313105246,1.8068016513947354,uniform,parsed_generated_choice,576,144
qwen_instruct,12,0.15,59.391788681378046,52.84812810681604,56.38953918973286,60.39218301665341,0.945273631840796,False,0.29090609649137705,1.933199316262342,uniform,parsed_generated_choice,576,144
qwen_instruct,13,0.1625,59.973400421339214,52.29771300572603,56.58602619206403,61.67885739350894,0.9353233830845771,False,0.2643868354542088,1.7160514974903338,uniform,parsed_generated_choice,576,144
qwen_instruct,14,0.175,60.11001595617496,53.73456723875669,57.26215816976762,61.125341215683015,0.9303482587064676,False,0.20159717089785362,1.1823208214150858,uniform,parsed_generated_choice,576,144
qwen_instruct,15,0.1875,60.673593250854836,53.10598150916592,56.92774517646758,60.84302859987695,0.9651741293532339,False,0.21535247236930855,1.2455946159280773,uniform,parsed_generated_choice,576,144
qwen_instruct,16,0.2,61.01990474707383,53.20408193642618,57.542399998571646,60.813097581375004,0.9800995024875622,False,0.1765820402562206,0.9831139193970697,uniform,parsed_generated_choice,576,144
qwen_instruct,17,0.2125,59.47028431604701,53.728294629399194,57.54057601859465,60.96903877661477,0.8955223880597015,False,0.22889873424726412,1.2604027420895232,uniform,parsed_generated_choice,576,144
qwen_instruct,18,0.225,58.80000013855718,53.638869268998995,57.25160224524581,61.44512840348412,0.7810945273631841,False,0.24248426046323465,1.3208452991269573,uniform,parsed_generated_choice,576,144
qwen_instruct,19,0.2375,59.27716164501383,53.08123148816185,57.04608576018623,60.73011023246174,0.8208955223880597,False,0.23689741091687389,1.3256541207006503,uniform,parsed_generated_choice,576,144
qwen_instruct,20,0.25,58.35694488901027,53.44264095856885,56.79204093647947,60.68637159812459,0.736318407960199,False,0.2304985880574912,1.2420465876252245,uniform,parsed_generated_choice,576,144
qwen_instruct,21,0.2625,58.307667512535446,53.60009193845456,57.049092422343136,60.88336182204826,0.7213930348258707,False,0.19689561479240897,1.0236722570488026,uniform,parsed_generated_choice,576,144
qwen_instruct,22,0.275,59.497291139887196,54.23294455212812,57.53601735055224,60.939101860927,0.8656716417910447,False,0.1696650195038536,0.9001052854539964,uniform,parsed_generated_choice,576,144
qwen_instruct,23,0.2875,60.125483653180545,53.98152299090205,57.98653059927793,61.31609039532966,0.8656716417910447,False,0.13152990177533902,0.6957367615120217,uniform,parsed_generated_choice,576,144
qwen_instruct,24,0.3,63.32924028771448,57.50964173672505,60.83846637750668,64.16482131525733,0.9054726368159204,False,0.053153892590863755,0.3170286307280174,uniform,parsed_generated_choice,576,144
qwen_instruct,25,0.3125,64.4186456080657,56.974846242925864,61.13347162327656,64.50647936650702,0.9651741293532339,False,0.05027114219645623,0.3137535624469431,uniform,parsed_generated_choice,576,144
qwen_instruct,26,0.325,64.33919469960253,57.40652729026267,60.67319244575161,64.7532497288007,0.9651741293532339,False,0.04902530877675553,0.30700532781472883,uniform,parsed_generated_choice,576,144
qwen_instruct,27,0.3375,63.324183277414654,56.442735730592865,60.45584349668652,64.26379364484735,0.9303482587064676,False,0.05307758099154512,0.3193793710727111,uniform,parsed_generated_choice,576,144
qwen_instruct,28,0.35,63.364899401347856,56.20984463167408,60.282989900643884,64.35026925584594,0.9154228855721394,False,0.05012201754029308,0.3066596043521711,uniform,parsed_generated_choice,576,144
qwen_instruct,29,0.3625,63.51633475154895,56.26961812910242,60.32862002165075,63.95947707500758,0.9402985074626866,False,0.050901058857920095,0.31596964953361695,uniform,parsed_generated_choice,576,144
qwen_instruct,30,0.375,62.837664674912965,55.97523610705853,59.97909457672819,64.09896406395151,0.900497512437811,False,0.05577847465222434,0.33447330597854513,uniform,parsed_generated_choice,576,144
qwen_instruct,31,0.3875,62.61947058163328,55.13774748257525,59.39746732882082,63.973888875011056,0.9303482587064676,False,0.05760357953404181,0.3424766222973322,uniform,parsed_generated_choice,576,144
qwen_instruct,32,0.4,61.92766123838053,55.338459611594004,59.518524432302286,64.89701626914308,0.8656716417910447,False,0.062480361460322056,0.3624046530642988,uniform,parsed_generated_choice,576,144
qwen_instruct,33,0.4125,62.648075160620344,54.95877053716249,59.91509059050773,64.77656122355235,0.8805970149253731,False,0.05720635702308774,0.3425555383827731,uniform,parsed_generated_choice,576,144
qwen_instruct,34,0.425,61.789316946616104,54.63379823492192,60.29977739386513,64.16897729942993,0.7910447761194029,False,0.060037884281474156,0.3482827555780166,uniform,parsed_generated_choice,576,144
qwen_instruct,35,0.4375,63.22909340589061,53.36887092012817,59.94338808955765,65.75918478988449,0.8805970149253731,False,0.06160225958970334,0.3677093875993933,uniform,parsed_generated_choice,576,144
qwen_instruct,36,0.45,63.36433343829104,52.43330490109911,59.181393370996204,66.46361103084635,0.9104477611940298,False,0.0649340859588349,0.3869610559402562,uniform,parsed_generated_choice,576,144
qwen_instruct,37,0.4625,62.91977994385689,53.53249469529259,59.72884396358428,64.9329768332203,0.8905472636815921,False,0.06746472698844483,0.39513474439760266,uniform,parsed_generated_choice,576,144
qwen_instruct,38,0.475,62.49188431826826,53.862164946225946,59.06244852888735,65.03923511601943,0.8656716417910447,False,0.07342622978092021,0.4185831424552086,uniform,parsed_generated_choice,576,144
qwen_instruct,39,0.4875,62.072053681649194,51.24066845710206,58.490119254377944,63.82388545246137,0.8955223880597015,False,0.07659178553017865,0.4261197611526984,uniform,parsed_generated_choice,576,144
qwen_instruct,40,0.5,62.35494000400367,51.95312772340377,58.71019581136335,63.889573926526374,0.8855721393034826,False,0.08167425647113896,0.451056857009037,uniform,parsed_generated_choice,576,144
qwen_instruct,41,0.5125,61.421148239224294,52.894582354496826,58.901279662339,63.88159579131525,0.8308457711442786,False,0.08752575793919408,0.4655326298129427,uniform,parsed_generated_choice,576,144
qwen_instruct,42,0.525,61.25472478462908,52.62530412747903,58.14184331967081,63.56645588519562,0.8756218905472637,False,0.0918937252185218,0.4874771120401706,uniform,parsed_generated_choice,576,144
qwen_instruct,43,0.5375,63.133569235121534,53.834494185624536,59.122175488372406,64.13071193908658,0.9203980099502488,False,0.06596478962728643,0.37354012530351904,uniform,parsed_generated_choice,576,144
qwen_instruct,44,0.55,63.444169780064335,54.38513925887337,58.948127345189945,63.61077183559796,0.9651741293532339,False,0.06569850139156656,0.37563737702206257,uniform,parsed_generated_choice,576,144
qwen_instruct,45,0.5625,63.722690150552836,53.13247729315385,59.20942566574536,64.0215005296115,0.9601990049751243,False,0.06871259245504298,0.396239792742785,uniform,parsed_generated_choice,576,144
qwen_instruct,46,0.575,63.518588991971946,52.88219206949388,58.88128639018527,63.65233333117513,0.9701492537313433,False,0.07279822748814056,0.40941320093488803,uniform,parsed_generated_choice,576,144
qwen_instruct,47,0.5875,64.78559664466343,53.24364362369989,59.23250895529346,65.30794496677206,0.9701492537313433,False,0.06499728974028797,0.38172735596244367,uniform,parsed_generated_choice,576,144
qwen_instruct,48,0.6,65.37004484154475,51.5149947937023,58.70288243398699,63.87608309592102,0.9950248756218906,False,0.06995615421983545,0.42371088378827765,uniform,parsed_generated_choice,576,144
qwen_instruct,49,0.6125,66.33077733819967,51.03751652392433,58.73662307664752,64.69302178355385,0.9950248756218906,False,0.06745996213010144,0.42332883266014254,uniform,parsed_generated_choice,576,144
qwen_instruct,50,0.625,66.00574876683797,49.872812017179236,58.367674126861985,65.3227984763816,0.9751243781094527,False,0.07694462771234242,0.47393688804817474,uniform,parsed_generated_choice,576,144
qwen_instruct,51,0.6375,64.82571221233579,49.322238117629745,58.0904931341193,66.42756958881908,0.945273631840796,False,0.08879824164559133,0.5170177633110986,uniform,parsed_generated_choice,576,144
qwen_instruct,52,0.65,66.79986805256057,50.16886416081734,59.17217487945486,66.32196029731793,0.9800995024875622,False,0.08947618945375822,0.5618204786941927,uniform,parsed_generated_choice,576,144
qwen_instruct,53,0.6625,64.40546197762409,48.86148164092754,58.73072942717599,67.52299807319685,0.8955223880597015,False,0.09183210854324773,0.5325145951934352,uniform,parsed_generated_choice,576,144
qwen_instruct,54,0.675,59.13615539136877,51.15174131910136,59.54286144125196,69.36575961194947,0.4527363184079602,False,0.14226692073239877,0.7124223590262445,uniform,parsed_generated_choice,576,144
qwen_instruct,55,0.6875,53.303305693085356,50.72562560620893,61.62902530126921,75.03186510465116,0.0945273631840796,False,0.20857887888793422,0.8704696712355802,uniform,parsed_generated_choice,576,144
qwen_instruct,56,0.7,43.54298670192463,49.00245579813635,60.09968739421626,74.95639562455617,0.009950248756218905,True,0.3596720302560335,1.1122617398342909,uniform,parsed_generated_choice,576,144
qwen_instruct,57,0.7125,34.82401818008478,44.83822095163692,61.250633296828354,77.13082713982492,0.009950248756218905,True,0.48416399337980076,1.2817493053760851,uniform,parsed_generated_choice,576,144
qwen_instruct,58,0.725,34.69929162894155,47.42966731268463,62.04063750647165,81.79533642009736,0.004975124378109453,True,0.5080053397592726,1.3479539695588039,uniform,parsed_generated_choice,576,144
qwen_instruct,59,0.7375,34.7124372999568,42.3765700722907,60.98445168539647,77.50720611170271,0.004975124378109453,True,0.5085661335975626,1.3593653122669018,uniform,parsed_generated_choice,576,144
qwen_instruct,60,0.75,34.438145250259765,43.27994257819608,61.20905615739774,78.98361038734208,0.004975124378109453,True,0.5335360883953689,1.4052811782753574,uniform,parsed_generated_choice,576,144
qwen_instruct,61,0.7625,35.47434281468303,41.13512652017564,62.100666443518904,93.69852876214513,0.004975124378109453,True,0.4594787598162537,1.1394883679366967,uniform,parsed_generated_choice,576,144
qwen_instruct,62,0.775,32.96661285429607,42.6570001515905,62.64003483158572,88.29624463549953,0.004975124378109453,True,0.4903584606236712,1.1705512389030468,uniform,parsed_generated_choice,576,144
qwen_instruct,63,0.7875,30.98595144554514,42.0427786532811,62.82121685373363,87.83833353194721,0.004975124378109453,True,0.5193057883344715,1.2405185165333625,uniform,parsed_generated_choice,576,144
qwen_instruct,64,0.8,30.34906733025548,41.5015608888284,61.63464720139162,89.24781058414962,0.004975124378109453,True,0.5258030372129117,1.235891836693414,uniform,parsed_generated_choice,576,144
qwen_instruct,65,0.8125,30.540350624178753,39.223806059058646,61.8585169635998,91.5863882319908,0.004975124378109453,True,0.5343085254193439,1.2193004535280143,uniform,parsed_generated_choice,576,144
qwen_instruct,66,0.825,28.5222812055708,41.30438174553401,59.91224899862071,93.08458124157725,0.004975124378109453,True,0.5395454420338436,1.1718842339313273,uniform,parsed_generated_choice,576,144
qwen_instruct,67,0.8375,28.9234198047913,38.111794502573076,64.78245324692485,93.92802124240093,0.004975124378109453,True,0.5488166239952242,1.225433212989367,uniform,parsed_generated_choice,576,144
qwen_instruct,68,0.85,29.169415969001886,38.53271000600853,62.94408549250849,93.38628441791913,0.004975124378109453,True,0.549708332309259,1.2320381087951982,uniform,parsed_generated_choice,576,144
qwen_instruct,69,0.8625,28.805146880457112,38.92718875276546,64.2476761033189,94.28197415644614,0.004975124378109453,True,0.5462307413453494,1.209233708348224,uniform,parsed_generated_choice,576,144
qwen_instruct,70,0.875,29.151491323004638,39.861250568527204,62.324448920805345,91.33472866063939,0.004975124378109453,True,0.540595623699887,1.197417428239941,uniform,parsed_generated_choice,576,144
qwen_instruct,71,0.8875,28.527058377768036,37.84176003041522,61.58873370819698,92.74802936503887,0.004975124378109453,True,0.542813129883065,1.19579859559722,uniform,parsed_generated_choice,576,144
qwen_instruct,72,0.9,27.815387370388947,38.41851891537769,62.079098165165135,94.49581138978562,0.004975124378109453,True,0.5354911525715466,1.166995001774141,uniform,parsed_generated_choice,576,144
qwen_instruct,73,0.9125,27.275442753054023,39.22266420737157,60.0028085822797,93.2547860068451,0.004975124378109453,True,0.531541242472186,1.1448137398435156,uniform,parsed_generated_choice,576,144
qwen_instruct,74,0.925,26.837980919064183,37.85410201624219,60.4663868865007,96.64955701629798,0.009950248756218905,True,0.5251244620112357,1.11942063287849,uniform,parsed_generated_choice,576,144
qwen_instruct,75,0.9375,26.697873384598658,38.933292404747455,61.69050859881043,95.27966655405659,0.004975124378109453,True,0.5303821859307223,1.1306955791428712,uniform,parsed_generated_choice,576,144
qwen_instruct,76,0.95,26.65072977707216,38.00262669960992,61.62417245101831,95.68553481598404,0.004975124378109453,True,0.5280552114105094,1.1249811961056637,uniform,parsed_generated_choice,576,144
qwen_instruct,77,0.9625,25.732931532707603,36.5141444563205,62.85217214173335,94.36999168301081,0.004975124378109453,True,0.5241157629550911,1.1010849027298921,uniform,parsed_generated_choice,576,144
qwen_instruct,78,0.975,25.83618894277118,36.87716180744428,64.42503983169055,92.96941687046807,0.004975124378109453,True,0.5353477101848076,1.1443503964782713,uniform,parsed_generated_choice,576,144
qwen_instruct,79,0.9875,27.76448226315957,37.18968336053493,64.18765691410198,97.57975880058363,0.004975124378109453,True,0.5196963328710398,1.097893409463232,uniform,parsed_generated_choice,576,144
qwen_instruct,80,1.0,30.957383683131578,24.960463648481614,60.67855299443515,111.48371400033726,0.07960199004975124,False,0.33740269523324706,0.652957340427376,uniform,parsed_generated_choice,576,144
qwen,1,0.0125,70.24690325853088,40.51348932710608,55.21978942136181,69.29360561274785,0.9800995024875622,False,0.06926673880839719,0.7397651718960894,uniform,parsed_generated_choice,576,144
qwen,2,0.025,63.41672699925727,47.621533321417076,55.49750056867413,62.2333698707751,0.9900497512437811,False,0.16912939516851774,1.147607268071633,uniform,parsed_generated_choice,576,144
qwen,3,0.0375,65.78759074864816,48.8720430345372,54.77709221860505,61.171266789756345,1.0,False,0.16131627242930383,1.1951948380222153,uniform,parsed_generated_choice,576,144
qwen,4,0.05,69.3116592744675,50.178127299777245,55.01270805952182,61.48506263932658,1.0,False,0.16669880549823804,1.3463819468779747,uniform,parsed_generated_choice,576,144
qwen,5,0.0625,68.69708621560686,49.17712393952865,55.41748934746439,60.73018276694682,1.0,False,0.17597035590415736,1.376131538225042,uniform,parsed_generated_choice,576,144
qwen,6,0.075,66.29567601865905,50.52893437903221,55.44722191784916,60.28554990918405,1.0,False,0.21407124676627773,1.557321309776595,uniform,parsed_generated_choice,576,144
qwen,7,0.0875,64.0917467888065,50.446194904623354,54.82342762829525,59.28979022572753,1.0,False,0.2535849443331819,1.7568276671682665,uniform,parsed_generated_choice,576,144
qwen,8,0.1,65.17813854314659,50.93105650829002,55.230237897542054,60.594007299120854,1.0,False,0.22787044825926328,1.6270402634345795,uniform,parsed_generated_choice,576,144
qwen,9,0.1125,61.24478093683424,50.91509230606607,54.767917949651576,58.35482544878685,0.9950248756218906,False,0.28531371779155157,1.8607732157403465,uniform,parsed_generated_choice,576,144
qwen,10,0.125,60.479265658411315,49.897877163732765,54.753761671567126,59.3293341175354,0.9900497512437811,False,0.2769627201420367,1.7396052032383469,uniform,parsed_generated_choice,576,144
qwen,11,0.1375,60.06337616750603,50.393893545862696,54.78799490544735,58.88076467092631,0.9850746268656716,False,0.28268585411647085,1.7672637255535748,uniform,parsed_generated_choice,576,144
qwen,12,0.15,59.683183382190236,50.743737903420325,54.548432079174184,58.52314009286146,0.9900497512437811,False,0.297588041302815,1.8995500042754712,uniform,parsed_generated_choice,576,144
qwen,13,0.1625,59.04341209105848,50.45804915423141,54.94429461366552,59.36850897920919,0.9601990049751243,False,0.2905354395922486,1.743173801022534,uniform,parsed_generated_choice,576,144
qwen,14,0.175,58.59196845484998,51.558947809555576,54.821364744797705,58.727096612956025,0.9651741293532339,False,0.252251413800629,1.3488774695560404,uniform,parsed_generated_choice,576,144
qwen,15,0.1875,58.125549746913315,50.09020084801975,54.70444734490613,59.076629628149604,0.945273631840796,False,0.2725891490019519,1.4122335605789067,uniform,parsed_generated_choice,576,144
qwen,16,0.2,57.612768053656374,51.239722881545,54.751882180328295,59.22542190666905,0.9402985074626866,False,0.264881198583656,1.3206119388484967,uniform,parsed_generated_choice,576,144
qwen,17,0.2125,56.578115099184956,50.3008038673314,54.42613981936794,59.352585602505535,0.845771144278607,False,0.32961309737609146,1.6563538511819764,uniform,parsed_generated_choice,576,144
qwen,18,0.225,57.04192271341781,51.233656445515265,54.61752990525271,58.70564100000733,0.8905472636815921,False,0.33070242668362826,1.7147667769463626,uniform,parsed_generated_choice,576,144
qwen,19,0.2375,56.17201367336223,50.916927600230714,54.50388600602102,59.4910871638346,0.8059701492537313,False,0.36817464254369614,1.973821715625514,uniform,parsed_generated_choice,576,144
qwen,20,0.25,55.46160150477869,50.818384839931845,54.68649874522639,58.15354570040534,0.6666666666666666,False,0.3381900864563723,1.6588106197400474,uniform,parsed_generated_choice,576,144
qwen,21,0.2625,55.96829741037372,51.28276158202191,54.53584969405438,57.88707083239434,0.736318407960199,False,0.3538583867198353,1.748355982561216,uniform,parsed_generated_choice,576,144
qwen,22,0.275,55.57899027661958,50.27094078159031,54.80487210513412,58.454635965436594,0.6766169154228856,False,0.3791985985847946,1.9136764824717447,uniform,parsed_generated_choice,576,144
qwen,23,0.2875,55.43184705404105,50.17818889076347,54.63321220875011,58.1128476071795,0.6666666666666666,False,0.3054312048197186,1.3822604481903853,uniform,parsed_generated_choice,576,144
qwen,24,0.3,56.13838736061429,50.83535884135183,55.56896866444663,60.44726774277418,0.6119402985074627,False,0.14024398892801176,0.5741039293684136,uniform,parsed_generated_choice,576,144
qwen,25,0.3125,56.06483354484583,51.11680386455378,55.64661077011458,60.03354958189955,0.572139303482587,False,0.14196025696400208,0.5786491993535976,uniform,parsed_generated_choice,576,144
qwen,26,0.325,55.83111451934893,51.79593318053604,55.486388488302865,59.83218648339809,0.5771144278606966,False,0.13678801902938917,0.5637636525836744,uniform,parsed_generated_choice,576,144
qwen,27,0.3375,55.53705046700843,51.586817227137146,55.65301781329368,59.97780278176112,0.46766169154228854,False,0.14344543169887095,0.5909978474374905,uniform,parsed_generated_choice,576,144
qwen,28,0.35,55.618713925371566,51.6052305687045,55.604365980615285,60.77307420910959,0.5074626865671642,False,0.1444837160936863,0.6085423628443616,uniform,parsed_generated_choice,576,144
qwen,29,0.3625,55.937348157772114,50.76903170243648,55.30332049143618,60.885010943542184,0.6218905472636815,False,0.14042717743144492,0.6008074042902016,uniform,parsed_generated_choice,576,144
qwen,30,0.375,56.436652172507074,50.41515003534395,55.59006571927296,60.24563980410735,0.6517412935323383,False,0.15108740129438167,0.6462831879058497,uniform,parsed_generated_choice,576,144
qwen,31,0.3875,57.12115879563056,50.81013984602065,55.65735745050705,60.52681661703377,0.7810945273631841,False,0.15060968346020706,0.6699573754479614,uniform,parsed_generated_choice,576,144
qwen,32,0.4,58.514855866139946,50.86381422149049,55.57308233190645,59.68964671394402,0.8955223880597015,False,0.1461613507040328,0.6739626538186041,uniform,parsed_generated_choice,576,144
qwen,33,0.4125,59.3134468388138,50.28971837326717,55.58384561289533,60.1611130080528,0.9552238805970149,False,0.13287432581788494,0.6326789965731663,uniform,parsed_generated_choice,576,144
qwen,34,0.425,60.49872195395671,49.79949046284733,54.68629142562982,60.27882710575872,0.9850746268656716,False,0.13403249404241013,0.6618156747179698,uniform,parsed_generated_choice,576,144
qwen,35,0.4375,57.92137321405023,49.95553682637673,55.33503475408246,61.34091318678432,0.7910447761194029,False,0.1689724193259568,0.7512313545439908,uniform,parsed_generated_choice,576,144
qwen,36,0.45,57.867102897524205,49.46454660135959,54.91323532187537,61.76788636358895,0.7910447761194029,False,0.15893574644960054,0.721781198835645,uniform,parsed_generated_choice,576,144
qwen,37,0.4625,60.25459514546311,48.997815565079314,55.43760792699793,62.86257192217145,0.9104477611940298,False,0.14560722501665946,0.7215459838356227,uniform,parsed_generated_choice,576,144
qwen,38,0.475,59.661963411916425,48.09147982797545,55.31842412515681,62.774804530579374,0.8756218905472637,False,0.15485224655196678,0.7831379680595989,uniform,parsed_generated_choice,576,144
qwen,39,0.4875,59.556012469791646,48.01868516628243,54.57672600595191,61.826733557696485,0.9303482587064676,False,0.1555374596712229,0.788242538892435,uniform,parsed_generated_choice,576,144
qwen,40,0.5,59.1659765400726,48.95405411629628,54.74483428168743,60.558269221976175,0.9353233830845771,False,0.1661110778835097,0.8369755423436943,uniform,parsed_generated_choice,576,144
qwen,41,0.5125,59.03296279530956,48.68659234374385,54.71660167924509,61.214494402490935,0.9253731343283582,False,0.16485219927334593,0.8305653464293947,uniform,parsed_generated_choice,576,144
qwen,42,0.525,58.82898581397861,48.82449645142764,54.45007746928796,59.10219966900703,0.9651741293532339,False,0.16754058117882983,0.8365518411225429,uniform,parsed_generated_choice,576,144
qwen,43,0.5375,59.793286093980285,48.787994176697225,55.14821747434155,60.66866938226472,0.9402985074626866,False,0.1479425233292929,0.7639226447512899,uniform,parsed_generated_choice,576,144
qwen,44,0.55,59.12330741308708,48.25145538620469,54.44406500042601,60.726422957911666,0.9303482587064676,False,0.14092611067119698,0.7307106162020599,uniform,parsed_generated_choice,576,144
qwen,45,0.5625,58.534498443126466,46.79048986681011,54.411350781689436,61.09086298374118,0.8905472636815921,False,0.1342557442332849,0.6951278795668752,uniform,parsed_generated_choice,576,144
qwen,46,0.575,59.04049923337462,48.7421130399462,54.13104043713878,61.219534789244385,0.9154228855721394,False,0.12780243637191244,0.6745437552762364,uniform,parsed_generated_choice,576,144
qwen,47,0.5875,59.60873252362438,47.70193313705192,54.9663279568537,61.305012480673824,0.9353233830845771,False,0.12277401328696022,0.6582256918167121,uniform,parsed_generated_choice,576,144
qwen,48,0.6,59.97043436275512,47.520567977724106,54.15661171275582,61.702076800946045,0.9104477611940298,False,0.1325379700483051,0.6836448139300333,uniform,parsed_generated_choice,576,144
qwen,49,0.6125,60.14897754467939,45.811732563864275,54.69715685798231,61.18445612868732,0.945273631840796,False,0.13837338466782106,0.7083929341376707,uniform,parsed_generated_choice,576,144
qwen,50,0.625,60.11440930149872,47.47274334349834,54.5800828459115,62.63227051901408,0.9203980099502488,False,0.16277679348679366,0.7705689547807512,uniform,parsed_generated_choice,576,144
qwen,51,0.6375,60.744347628870635,46.22735698044841,54.61245928669893,62.608742775986556,0.9154228855721394,False,0.1845781235668528,0.8566375620391619,uniform,parsed_generated_choice,576,144
qwen,52,0.65,61.56428598340061,44.848537537495375,55.08391024010865,65.29925726448306,0.9203980099502488,False,0.18947968239725227,0.8733913390868294,uniform,parsed_generated_choice,576,144
qwen,53,0.6625,60.37321797017081,45.31775997330236,54.462582510213856,64.05797679120631,0.9203980099502488,False,0.1966911317160981,0.8589956036155929,uniform,parsed_generated_choice,576,144
qwen,54,0.675,52.35654863219274,46.48596498774612,55.283130225478786,64.47330907084473,0.27860696517412936,False,0.3151832648553559,1.0568822394063884,uniform,parsed_generated_choice,576,144
qwen,55,0.6875,52.28518328523246,49.349566426574896,58.430541860229226,70.650366670177,0.16417910447761194,False,0.22765974280591844,0.8221669753724034,uniform,parsed_generated_choice,576,144
qwen,56,0.7,46.84309909794548,46.56620308530658,58.02953883693801,72.10434353755308,0.03482587064676617,True,0.3186656438381637,0.9420821434373671,uniform,parsed_generated_choice,576,144
qwen,57,0.7125,42.954443728793834,46.40490375547105,58.22695175762145,69.34974257361098,0.009950248756218905,True,0.38642447259744955,1.0321916089124232,uniform,parsed_generated_choice,576,144
qwen,58,0.725,42.069334273208526,44.61628220999682,58.692658455552206,75.02909405990904,0.014925373134328358,True,0.3873313817517228,1.0226620172872856,uniform,parsed_generated_choice,576,144
qwen,59,0.7375,40.179709924637564,43.24596708976994,57.05008968754672,73.06617870905494,0.014925373134328358,True,0.41105895761162464,1.0622237034292257,uniform,parsed_generated_choice,576,144
qwen,60,0.75,39.613722810499375,45.59980269779867,59.85393624979027,75.54452748225675,0.009950248756218905,True,0.44189146026922055,1.118532768007753,uniform,parsed_generated_choice,576,144
qwen,61,0.7625,52.033944657153704,45.37123302754925,60.83829681197113,82.11163739235448,0.17412935323383086,False,0.27470759010067114,0.8845889816414497,uniform,parsed_generated_choice,576,144
qwen,62,0.775,46.93658319071712,45.95953328516577,61.37999264699186,82.5061899704075,0.03980099502487562,True,0.3213651613953916,0.914336628706026,uniform,parsed_generated_choice,576,144
qwen,63,0.7875,42.1362209319325,45.303527742564334,61.70539146815297,81.17967911036268,0.009950248756218905,True,0.35223259759144465,0.9195282424606094,uniform,parsed_generated_choice,576,144
qwen,64,0.8,40.10724874740953,43.37789132328421,59.671563490038,85.65463500319571,0.01990049751243781,True,0.3489183105119381,0.8776385558965715,uniform,parsed_generated_choice,576,144
qwen,65,0.8125,40.095272887032614,41.18160227576399,60.97503830108015,84.50588098943419,0.024875621890547265,True,0.3596567908100431,0.880529484086347,uniform,parsed_generated_choice,576,144
qwen,66,0.825,37.47742976814306,42.6495221569432,59.77785256482356,85.11685707079815,0.014925373134328358,True,0.35897216302283486,0.8239844751317232,uniform,parsed_generated_choice,576,144
qwen,67,0.8375,37.62065657172062,44.55500878236978,62.7685379744911,86.8357411559104,0.004975124378109453,True,0.372151975919504,0.8734959647655092,uniform,parsed_generated_choice,576,144
qwen,68,0.85,37.06638857076545,41.01997900103408,59.63824070006381,88.03356470123646,0.004975124378109453,True,0.3718326675550591,0.8683398219823383,uniform,parsed_generated_choice,576,144
qwen,69,0.8625,36.90702710685467,43.3257434404317,61.81363354917089,89.72846693516216,0.004975124378109453,True,0.3648718327342681,0.8353920430970924,uniform,parsed_generated_choice,576,144
qwen,70,0.875,37.24758853976844,39.26192112911721,60.19891238918315,86.89326813393677,0.014925373134328358,True,0.35938250095763274,0.8269993374748815,uniform,parsed_generated_choice,576,144
qwen,71,0.8875,37.31560211855781,41.02411293349492,63.323715437407,86.45384986912487,0.014925373134328358,True,0.3526491445720358,0.8130981286157309,uniform,parsed_generated_choice,576,144
qwen,72,0.9,36.80540548183723,39.826545224189644,61.47019048882211,86.51440329168067,0.01990049751243781,True,0.3377607615927174,0.7520815399345593,uniform,parsed_generated_choice,576,144
qwen,73,0.9125,36.23079873758785,40.18376978499828,61.92781380742518,86.90287171945259,0.009950248756218905,True,0.33866720444003506,0.7435790828376585,uniform,parsed_generated_choice,576,144
qwen,74,0.925,35.59125943039115,41.18250075790988,60.25717887828639,90.65254437171917,0.009950248756218905,True,0.3361406662229559,0.7210701600232484,uniform,parsed_generated_choice,576,144
qwen,75,0.9375,35.84191097359665,41.397378307634696,61.69419625864353,92.89832466702498,0.009950248756218905,True,0.339625520557396,0.7225316100984187,uniform,parsed_generated_choice,576,144
qwen,76,0.95,35.64165522408712,39.61309420814664,60.33228902139245,94.20056793682907,0.009950248756218905,True,0.34503826593627884,0.7272887337642331,uniform,parsed_generated_choice,576,144
qwen,77,0.9625,35.378361526527314,40.48786237254038,61.09534484409713,86.45799305575694,0.009950248756218905,True,0.3523722938415586,0.7340358297889471,uniform,parsed_generated_choice,576,144
qwen,78,0.975,35.17371566246887,39.16690988350123,61.620327291437235,87.51035424567483,0.014925373134328358,True,0.3635935226279519,0.7635973433580077,uniform,parsed_generated_choice,576,144
qwen,79,0.9875,37.12627575583115,31.592631103465646,57.894410215079105,91.34426133332217,0.08955223880597014,False,0.30473718119851173,0.6529188829355473,uniform,parsed_generated_choice,576,144
qwen,80,1.0,26.68876138172859,14.072292229578796,48.41357947857938,125.60252157914346,0.1791044776119403,False,0.1062875406933733,0.23049675621379415,uniform,parsed_generated_choice,576,144
llama31_instruct,1,0.0125,58.709282792758344,44.508976012633944,58.27796827404521,79.60336099417302,0.527363184079602,False,0.1159770277299071,0.5604734492073195,uniform,parsed_generated_choice,576,144
llama31_instruct,2,0.025,58.835684601803834,49.69452336449561,58.99479561569035,68.81269521335278,0.48756218905472637,False,0.27087401097138986,1.3691432971800435,uniform,parsed_generated_choice,576,144
llama31_instruct,3,0.0375,59.58746422362595,49.271054047578424,59.157775801060964,68.33168587853282,0.527363184079602,False,0.2708049013822745,1.4675210604241287,uniform,parsed_generated_choice,576,144
llama31_instruct,4,0.05,58.966706703066194,51.650870334015764,58.74484311937011,64.99166558094431,0.5522388059701493,False,0.3054156904966784,1.7198452077684285,uniform,parsed_generated_choice,576,144
llama31_instruct,5,0.0625,59.39075439645679,51.44583315851602,58.390142012135115,63.57500702314491,0.6467661691542289,False,0.29938227628737785,1.7336264912827466,uniform,parsed_generated_choice,576,144
llama31_instruct,6,0.075,59.35731101877016,53.05262624480728,58.218641014578715,63.3176377057014,0.681592039800995,False,0.3294847055453037,1.9336481249020263,uniform,parsed_generated_choice,576,144
llama31_instruct,7,0.0875,59.638639742771,52.890565594782814,58.036466414963314,63.83692812672613,0.7014925373134329,False,0.33550006722386827,1.9942174534969632,uniform,parsed_generated_choice,576,144
llama31_instruct,8,0.1,60.52488009315513,53.6556358341016,58.30864813584592,63.16518853504859,0.8308457711442786,False,0.3290681918406528,1.943732555462153,uniform,parsed_generated_choice,576,144
llama31_instruct,9,0.1125,59.8921989248427,53.0852549856912,58.64569428724707,63.60703690810151,0.7164179104477612,False,0.34014924256247897,2.000920684717673,uniform,parsed_generated_choice,576,144
llama31_instruct,10,0.125,60.37771596242414,53.54641203545265,57.481822760521595,61.83051271383743,0.8805970149253731,False,0.37213539752497754,2.2883263058497505,uniform,parsed_generated_choice,576,144
llama31_instruct,11,0.1375,61.12073781713651,50.221576263082795,57.68862572678656,63.957957327940605,0.835820895522388,False,0.34927513627907136,2.173903104614345,uniform,parsed_generated_choice,576,144
llama31_instruct,12,0.15,62.40522796918118,51.78427046300176,57.57499690774608,65.33795129259772,0.9253731343283582,False,0.3350814478611866,2.0999063392432644,uniform,parsed_generated_choice,576,144
llama31_instruct,13,0.1625,62.62369665435706,50.69874695396411,57.98118868391393,64.32972567733296,0.9104477611940298,False,0.3110665124825652,1.8771871795768957,uniform,parsed_generated_choice,576,144
llama31_instruct,14,0.175,61.547504362145375,52.02716263259256,57.55457157834705,65.87902358940825,0.835820895522388,False,0.29031304012271114,1.5942736345361308,uniform,parsed_generated_choice,576,144
llama31_instruct,15,0.1875,57.83511822569122,50.423680571842475,57.61997656132776,64.79585605030374,0.5621890547263682,False,0.3656124052193169,1.873998321173828,uniform,parsed_generated_choice,576,144
llama31_instruct,16,0.2,57.969747639216315,50.48673339517479,57.63765555187618,65.75911803081702,0.5373134328358209,False,0.30969575818647715,1.5091593671154366,uniform,parsed_generated_choice,576,144
llama31_instruct,17,0.2125,58.2382000359629,50.11286207424085,57.05265328291846,64.71375795335074,0.6368159203980099,False,0.2589123453830788,1.2771769388184215,uniform,parsed_generated_choice,576,144
llama31_instruct,18,0.225,58.00303511625217,51.555983554505616,57.206103396525705,63.600220068431014,0.5920398009950248,False,0.20276628828605678,0.9356259093864052,uniform,parsed_generated_choice,576,144
llama31_instruct,19,0.2375,56.72777166374655,53.0032413564186,58.49172704264275,64.14673019551833,0.2736318407960199,False,0.10070233217846783,0.44963080865316174,uniform,parsed_generated_choice,576,144
llama31_instruct,20,0.25,59.02458072378428,54.357243887401836,59.749168263713386,65.01689983449862,0.38308457711442784,False,0.04620021089145217,0.23225091921808097,uniform,parsed_generated_choice,576,144
llama31_instruct,21,0.2625,58.290519732987114,53.70722122866307,59.88895625527207,65.68287529276238,0.32338308457711445,False,0.05517144654884928,0.27923366125382276,uniform,parsed_generated_choice,576,144
llama31_instruct,22,0.275,56.872106984722755,53.95294549224297,59.73612136677504,65.24312598274514,0.18407960199004975,False,0.05816130456812394,0.2800074128782317,uniform,parsed_generated_choice,576,144
llama31_instruct,23,0.2875,56.090040394664335,52.89548981116828,59.466907144585136,66.78033002922847,0.15920398009950248,False,0.058887458599087165,0.27778837716922594,uniform,parsed_generated_choice,576,144
llama31_instruct,24,0.3,56.48932568798319,51.252472255524246,60.152242617292785,65.73075933585574,0.1791044776119403,False,0.0605010489864108,0.297600578873374,uniform,parsed_generated_choice,576,144
llama31_instruct,25,0.3125,56.75023762341827,52.60068422164768,59.832278042742125,67.4976238642902,0.20398009950248755,False,0.06712553367144516,0.33069880390815026,uniform,parsed_generated_choice,576,144
llama31_instruct,26,0.325,56.0241386213281,51.3748032756845,59.39128960615946,66.71268299071777,0.23383084577114427,False,0.0838285786568132,0.4118955116728226,uniform,parsed_generated_choice,576,144
llama31_instruct,27,0.3375,66.4773378067497,44.61274138090077,61.449829670029395,82.32684773106143,0.6865671641791045,False,0.060789603848157826,0.5497854598783767,uniform,parsed_generated_choice,576,144
llama31_instruct,28,0.35,62.93342515683194,46.07445122352384,62.392166331210944,85.84463576917948,0.527363184079602,False,0.07680446208919507,0.5687152730303957,uniform,parsed_generated_choice,576,144
llama31_instruct,29,0.3625,62.405091625252076,45.04258530867243,61.494324890033816,82.8727501970708,0.5422885572139303,False,0.0832062585185202,0.5758627729881661,uniform,parsed_generated_choice,576,144
llama31_instruct,30,0.375,61.24940881197137,46.57868021546534,62.3439825902243,79.47338828976828,0.4527363184079602,False,0.09850883379842976,0.6145587013907088,uniform,parsed_generated_choice,576,144
llama31_instruct,31,0.3875,62.16300130926735,44.55056985487726,59.52372533173707,81.23696239853821,0.5920398009950248,False,0.09193181314966238,0.6115611121181853,uniform,parsed_generated_choice,576,144
llama31_instruct,32,0.4,60.27603666950778,41.77877637906156,65.37909317096126,89.58645735749941,0.31840796019900497,False,0.13299080233815527,0.6066669819276255,uniform,parsed_generated_choice,576,144
llama31_instruct,33,0.4125,57.996733091897525,46.149045698251804,65.73214062111943,85.00613910398397,0.22388059701492538,False,0.17188034024437082,0.7158929030163755,uniform,parsed_generated_choice,576,144
llama31_instruct,34,0.425,57.474323662691525,46.730070406702545,62.94222285813102,79.24633877348461,0.263681592039801,False,0.2109073813052376,0.8965319239176398,uniform,parsed_generated_choice,576,144
llama31_instruct,35,0.4375,54.68608117290553,47.02716567820061,64.30774037616666,82.32665353865453,0.11940298507462686,False,0.2281658341171168,0.9214602764208213,uniform,parsed_generated_choice,576,144
llama31_instruct,36,0.45,50.01983253914905,47.19581772595968,64.08501572782973,83.05190860764132,0.05970149253731343,False,0.28230397426091186,0.9709569501063217,uniform,parsed_generated_choice,576,144
llama31_instruct,37,0.4625,48.808756951460005,47.92717786624681,63.80941247515637,84.65978275841975,0.03980099502487562,True,0.3112739387918251,1.003877404312693,uniform,parsed_generated_choice,576,144
llama31_instruct,38,0.475,46.43600715880291,46.670611904446126,64.29753377585317,84.04135155669312,0.01990049751243781,True,0.31495924227683153,0.9675939671503515,uniform,parsed_generated_choice,576,144
llama31_instruct,39,0.4875,43.85359257184959,48.65915809477122,65.21019129062137,80.47621608496749,0.014925373134328358,True,0.33080617678288804,0.9616674906410154,uniform,parsed_generated_choice,576,144
llama31_instruct,40,0.5,41.52119123151978,43.1230420862871,62.7886502349183,84.00546807311653,0.024875621890547265,True,0.3760560335084737,0.9863127535088796,uniform,parsed_generated_choice,576,144
llama31_instruct,41,0.5125,40.29601347311611,47.07730268270558,63.06515586115678,86.69997084351381,0.009950248756218905,True,0.3792240693670949,0.9799513846940853,uniform,parsed_generated_choice,576,144
llama31_instruct,42,0.525,38.89146194971954,44.43456161778077,65.52270401451628,88.75598848953548,0.014925373134328358,True,0.38853622337658805,0.9719637277959645,uniform,parsed_generated_choice,576,144
llama31_instruct,43,0.5375,38.05171750421957,44.61713450639783,64.6593058663264,84.1732893431993,0.004975124378109453,True,0.39082776499117694,0.9545133076997884,uniform,parsed_generated_choice,576,144
llama31_instruct,44,0.55,37.04700855823603,44.42482882000662,64.67612404310924,87.48841076904995,0.009950248756218905,True,0.3895787167784043,0.9331418912133022,uniform,parsed_generated_choice,576,144
llama31_instruct,45,0.5625,36.40889590972261,46.47978832144964,67.08897059469717,87.13604856077431,0.004975124378109453,True,0.387433619527987,0.9174036320521015,uniform,parsed_generated_choice,576,144
llama31_instruct,46,0.575,35.659850357015024,45.08065287673781,64.52541914592813,90.53549372812891,0.009950248756218905,True,0.38888629935282093,0.891305624948373,uniform,parsed_generated_choice,576,144
llama31_instruct,47,0.5875,35.124719377256746,46.26209976740229,65.04078065783817,92.5197815828014,0.004975124378109453,True,0.3869996252674334,0.8791432164406255,uniform,parsed_generated_choice,576,144
llama31_instruct,48,0.6,33.591368457699126,45.138401646726706,63.441129672942516,90.45899329839976,0.004975124378109453,True,0.39576297787224934,0.8735279285728879,uniform,parsed_generated_choice,576,144
llama31_instruct,49,0.6125,33.560612342101116,44.75731476746865,64.57179027819481,84.13697887596133,0.004975124378109453,True,0.39400665535172363,0.8632306570607419,uniform,parsed_generated_choice,576,144
llama31_instruct,50,0.625,33.46146785070147,46.2042348395122,65.47057842244385,89.159994166865,0.004975124378109453,True,0.3958180271274331,0.8697741430339836,uniform,parsed_generated_choice,576,144
llama31_instruct,51,0.6375,33.17872067135607,46.68184010201638,64.5843344993076,85.0499401680523,0.009950248756218905,True,0.39625009901043556,0.8653019882520421,uniform,parsed_generated_choice,576,144
llama31_instruct,52,0.65,32.871817253028254,44.35514649412534,64.42913637623451,88.16927146307627,0.004975124378109453,True,0.39037695108352427,0.8470798891688253,uniform,parsed_generated_choice,576,144
llama31_instruct,53,0.6625,32.31394936138709,46.21577636493317,64.80712198507265,85.6390198880036,0.004975124378109453,True,0.39988972456607175,0.8597812543330685,uniform,parsed_generated_choice,576,144
llama31_instruct,54,0.675,31.75411127866131,42.99305869891887,63.07039253479337,88.56132963680328,0.004975124378109453,True,0.3975649087545567,0.8519700169267146,uniform,parsed_generated_choice,576,144
llama31_instruct,55,0.6875,31.439513770005323,44.176872116214525,65.59978517053543,87.77428608027338,0.004975124378109453,True,0.397837405021153,0.8517880277281147,uniform,parsed_generated_choice,576,144
llama31_instruct,56,0.7,31.658357473993448,43.12691196986045,63.26839951291228,92.43426727257028,0.004975124378109453,True,0.39599504784304146,0.8494635726989999,uniform,parsed_generated_choice,576,144
llama31_instruct,57,0.7125,31.62232309144131,38.80945943961421,64.04193586087939,88.6115353362013,0.004975124378109453,True,0.39514801993336535,0.8493199368308599,uniform,parsed_generated_choice,576,144
llama31_instruct,58,0.725,31.173802956579976,43.75033117494628,63.65050286715311,87.73711328989914,0.004975124378109453,True,0.39467845708142407,0.8404301951809061,uniform,parsed_generated_choice,576,144
llama31_instruct,59,0.7375,31.0200342612471,38.602930230315444,62.39482900159055,87.68501250785937,0.004975124378109453,True,0.3928934523913186,0.8310817333867876,uniform,parsed_generated_choice,576,144
llama31_instruct,60,0.75,31.04755527336868,42.243766951929715,65.3549831364042,87.86475864296737,0.004975124378109453,True,0.39118111667309424,0.8247175503902135,uniform,parsed_generated_choice,576,144
llama31_instruct,61,0.7625,31.124041547491373,39.65473621654716,63.188570945734625,81.72821212400594,0.004975124378109453,True,0.37661605983427593,0.7977367527251277,uniform,parsed_generated_choice,576,144
llama31_instruct,62,0.775,30.773649564099426,41.708001058589396,63.365526428607794,92.28079519748178,0.004975124378109453,True,0.3688437675466437,0.7754182015823653,uniform,parsed_generated_choice,576,144
llama31_instruct,63,0.7875,30.92343595968048,40.102390421131126,63.77074828859999,85.84464300622467,0.004975124378109453,True,0.37119930025781595,0.7818851165976956,uniform,parsed_generated_choice,576,144
llama31_instruct,64,0.8,31.136296181953906,43.176492971683466,63.05708621624782,91.16581033911007,0.004975124378109453,True,0.3743572379781774,0.7918674891773089,uniform,parsed_generated_choice,576,144
llama31_instruct,65,0.8125,30.848172153237762,41.93347705535989,63.40863152787638,84.55530950461085,0.004975124378109453,True,0.36795977184538975,0.7743998713150729,uniform,parsed_generated_choice,576,144
llama31_instruct,66,0.825,30.468975562994018,43.68882932647624,63.898046198202515,94.21317192735367,0.004975124378109453,True,0.36864514673127086,0.7732877149217515,uniform,parsed_generated_choice,576,144
llama31_instruct,67,0.8375,31.015200796961942,41.54086642446139,64.7706923866663,87.44470737509734,0.004975124378109453,True,0.37330932637361813,0.7922826664545073,uniform,parsed_generated_choice,576,144
llama31_instruct,68,0.85,31.077731655607494,41.34220875950087,63.34164539833411,91.12372531424016,0.004975124378109453,True,0.3740066370602409,0.79713777537041,uniform,parsed_generated_choice,576,144
llama31_instruct,69,0.8625,31.266759892379625,43.741526697695015,65.07017006303019,85.42045169348916,0.004975124378109453,True,0.3732881980921196,0.7996097916002549,uniform,parsed_generated_choice,576,144
llama31_instruct,70,0.875,31.038190146444872,42.1090694285282,63.74535939906954,85.37898767182398,0.009950248756218905,True,0.372102476655735,0.7955900522618663,uniform,parsed_generated_choice,576,144
llama31_instruct,71,0.8875,31.40146941916408,42.4860916338531,65.40517762183396,94.52217373098783,0.004975124378109453,True,0.37524845088816977,0.806502960847085,uniform,parsed_generated_choice,576,144
llama31_instruct,72,0.9,30.783868112834295,40.52698208133911,62.60870473510265,90.64738726618822,0.004975124378109453,True,0.39199204941471916,0.8370105644125772,uniform,parsed_generated_choice,576,144
llama31_instruct,73,0.9125,30.9740029750567,41.728268375921395,64.38972534404822,89.20906619429876,0.004975124378109453,True,0.3871551612116916,0.8338185925247327,uniform,parsed_generated_choice,576,144
llama31_instruct,74,0.925,30.904832030604094,40.87714410836988,62.850639983497544,92.23907862657794,0.004975124378109453,True,0.38621242223393426,0.8321744235768589,uniform,parsed_generated_choice,576,144
llama31_instruct,75,0.9375,30.80952967881143,40.042157218776396,63.98041500098248,89.09784249841647,0.004975124378109453,True,0.3862306055034498,0.8351423714849934,uniform,parsed_generated_choice,576,144
llama31_instruct,76,0.95,31.05446348364745,40.95925184600302,63.300618160289275,96.03534438267538,0.004975124378109453,True,0.3787229324748503,0.8135139536762238,uniform,parsed_generated_choice,576,144
llama31_instruct,77,0.9625,30.170441551187807,41.51533352375063,63.49398293541002,92.10327983010552,0.004975124378109453,True,0.3912392691250532,0.8441415167365025,uniform,parsed_generated_choice,576,144
llama31_instruct,78,0.975,29.68986813576243,36.4064181537926,63.8248212033052,99.51565470695297,0.004975124378109453,True,0.37902562746933716,0.8124007765553455,uniform,parsed_generated_choice,576,144
llama31_instruct,79,0.9875,29.69587787203817,36.33478576255448,64.82634331784536,96.7505817209483,0.009950248756218905,True,0.35047218861955187,0.7511895409035914,uniform,parsed_generated_choice,576,144
llama31_instruct,80,1.0,29.972817572065455,31.1813171683074,65.02111521751848,116.39897830675739,0.01990049751243781,True,0.26072234309459,0.570228193566552,uniform,parsed_generated_choice,576,144
gptoss,1,0.027777777777777776,111.7144961246524,22.645436057858348,67.3422912993776,147.26473005304098,0.8407960199004975,False,-0.05766345986403852,0.5280062222319639,uniform,pure_complete_games,432,108
gptoss,2,0.05555555555555555,106.04419187175506,24.742642446634182,70.35964155749413,130.64408228424918,0.8407960199004975,False,-0.059476130616455354,0.49863954921873954,uniform,pure_complete_games,432,108
gptoss,3,0.08333333333333333,101.44122479397964,27.030668114690204,69.58907055490764,137.4104536267108,0.8009950248756219,False,-0.05332840718063032,0.5052014297435407,uniform,pure_complete_games,432,108
gptoss,4,0.1111111111111111,96.63077992959634,29.35683055370655,75.66398384561954,133.99634930109164,0.7263681592039801,False,-0.032726766988428184,0.5873166648741603,uniform,pure_complete_games,432,108
gptoss,5,0.1388888888888889,101.56308772282146,26.14049591032734,73.43248989005684,129.45954982989377,0.746268656716418,False,-0.04534179390162275,0.5084666638816572,uniform,pure_complete_games,432,108
gptoss,6,0.16666666666666666,99.07568077425559,28.68051826646093,71.84916229862044,130.87807106567922,0.8009950248756219,False,-0.03854805744294018,0.5331449438860321,uniform,pure_complete_games,432,108
gptoss,7,0.19444444444444445,116.17585495609852,21.19534931192394,66.74922734500527,148.9056241741566,0.8308457711442786,False,-0.08130659194105032,0.41009262596921064,uniform,pure_complete_games,432,108
gptoss,8,0.2222222222222222,117.85550475198315,23.584645208405146,69.05841064010026,144.10304897006046,0.8059701492537313,False,-0.08470616053121531,0.40374501510593175,uniform,pure_complete_games,432,108
gptoss,9,0.25,119.19759886715626,17.75667489386865,64.3030278189805,148.37274195487555,0.8159203980099502,False,-0.08292296723952283,0.4008045923061413,uniform,pure_complete_games,432,108
gptoss,10,0.2777777777777778,115.04172953050167,19.491943996464787,74.23037826040024,143.82673014286766,0.8507462686567164,False,-0.07245781546466579,0.41947112280021476,uniform,pure_complete_games,432,108
gptoss,11,0.3055555555555556,111.60488265820331,22.25019925191299,73.03850484774608,145.07259555609647,0.7860696517412935,False,-0.06394750199502885,0.446852223613018,uniform,pure_complete_games,432,108
gptoss,12,0.3333333333333333,113.46323358921123,21.489818408128993,67.98831490478122,134.91238829296248,0.8656716417910447,False,-0.071331956009452,0.4400481168105249,uniform,pure_complete_games,432,108
gptoss,13,0.3611111111111111,103.6709294442177,26.69218500649192,76.70153647073042,144.87673938174206,0.746268656716418,False,-0.047783652284433174,0.5073898023248572,uniform,pure_complete_games,432,108
gptoss,14,0.3888888888888889,99.57950887184656,26.072439904903746,75.51676246164018,144.65245217891874,0.7512437810945274,False,-0.0362210055064369,0.5710672979489468,uniform,pure_complete_games,432,108
gptoss,15,0.4166666666666667,102.31760623850316,22.346420516494796,76.2456060797627,143.05100401485123,0.7114427860696517,False,-0.04653160791951109,0.5430485342289227,uniform,pure_complete_games,432,108
gptoss,16,0.4444444444444444,98.02001131360238,22.458761976534745,69.06067972410531,131.83089087191195,0.736318407960199,False,-0.032581841298437664,0.5602869083992762,uniform,pure_complete_games,432,108
gptoss,17,0.4722222222222222,92.6993703543271,25.8547831375077,72.27872360996875,136.03535976392772,0.6965174129353234,False,-0.012711181360376852,0.5997774896861281,uniform,pure_complete_games,432,108
gptoss,18,0.5,81.61771906109136,27.494665026637396,75.34797837540697,131.16352395598372,0.5870646766169154,False,0.04782000586520918,0.7180112609194369,uniform,pure_complete_games,432,108
gptoss,19,0.5277777777777778,82.77727599536723,30.75310718140247,75.92753127758344,130.0988085345331,0.6069651741293532,False,0.040198150551985536,0.7107994118484746,uniform,pure_complete_games,432,108
gptoss,20,0.5555555555555556,93.05316586665982,32.68737377372823,76.15229809518144,125.0941005182114,0.7910447761194029,False,-0.013725171721451806,0.6123740257263288,uniform,pure_complete_games,432,108
gptoss,21,0.5833333333333334,96.87043489430197,31.470333059711507,82.460959655905,129.7400831226534,0.7213930348258707,False,-0.027293403854949175,0.5598684139080304,uniform,pure_complete_games,432,108
gptoss,22,0.6111111111111112,97.54833581779808,36.70770439549086,70.16273973761416,126.40910731347655,0.8009950248756219,False,-0.029139644336048647,0.5594018955124059,uniform,pure_complete_games,432,108
gptoss,23,0.6388888888888888,107.03649871820058,28.85496021510888,68.56012468203903,134.95498998983118,0.8208955223880597,False,-0.053189428249281245,0.48904608736643573,uniform,pure_complete_games,432,108
gptoss,24,0.6666666666666666,104.42904757437853,30.767417535113346,79.07788863372616,132.8533023629468,0.8009950248756219,False,-0.04473730078245843,0.5041629015888833,uniform,pure_complete_games,432,108
gptoss,25,0.6944444444444444,103.50609153996685,27.63975592749042,74.34176017668511,132.01474671761235,0.835820895522388,False,-0.04292016217148556,0.5168933330772092,uniform,pure_complete_games,432,108
gptoss,26,0.7222222222222222,103.55662015935455,30.04731495138208,72.49886828839598,132.3212405431201,0.8159203980099502,False,-0.04208608007678563,0.5143737088696556,uniform,pure_complete_games,432,108
gptoss,27,0.75,104.01069620196633,28.34338959032757,73.31374569131327,142.94298721746276,0.7562189054726368,False,-0.0428324613530479,0.528880169753678,uniform,pure_complete_games,432,108
gptoss,28,0.7777777777777778,98.6014718739273,34.07826017348955,81.09009896990389,132.83685994515244,0.7164179104477612,False,-0.02552056927594588,0.529867745805087,uniform,pure_complete_games,432,108
gptoss,29,0.8055555555555556,98.568063200781,31.24033469036469,78.03121899856255,132.4264125556537,0.7014925373134329,False,-0.025999851637785613,0.5266178029088562,uniform,pure_complete_games,432,108
gptoss,30,0.8333333333333334,96.6376853707269,30.547326535834873,81.65512456641306,131.9446953679616,0.6666666666666666,False,-0.019773166517338053,0.5349037697609726,uniform,pure_complete_games,432,108
gptoss,31,0.8611111111111112,101.62152445430499,32.996067876723316,72.88093037069596,133.89430816457994,0.7810945273631841,False,-0.03263702087472797,0.5218254576960117,uniform,pure_complete_games,432,108
gptoss,32,0.8888888888888888,93.76849803094059,31.4719750777566,74.66056166837132,130.11313490812634,0.7064676616915423,False,-0.011395064391345818,0.5414816072022222,uniform,pure_complete_games,432,108
gptoss,33,0.9166666666666666,95.56948959292443,27.542358134248417,76.5291146830448,132.89805783006668,0.7313432835820896,False,-0.016851260530256994,0.5341727222312993,uniform,pure_complete_games,432,108
gptoss,34,0.9444444444444444,95.91931655214016,29.99258949469632,75.15372190046848,134.42295318707926,0.7213930348258707,False,-0.018211618925602423,0.5380006546258279,uniform,pure_complete_games,432,108
gptoss,35,0.9722222222222222,97.56462733386985,34.87564054810574,78.28258127402145,134.97316624772566,0.7661691542288557,False,-0.02340930930955046,0.5234673529395178,uniform,pure_complete_games,432,108
gptoss,36,1.0,91.10072423763263,29.239953911932748,78.84948228753186,128.2349358816282,0.6517412935323383,False,-0.003099666829902981,0.5205797573982621,uniform,pure_complete_games,432,108
