model,mode,steer_layer,variant,n_games,d_letter_slope_mean,d_letter_slope_ci_low,d_letter_slope_ci_high,d_letter_range_mean,d_letter_abs_pos025_mean,d_letter_abs_neg025_mean,d_act0_slope_mean,d_act0_slope_ci_low,d_act0_slope_ci_high,d_act0_range_mean,d_act0_abs_pos025_mean,d_act0_abs_neg025_mean,d_canon_slope_mean,d_canon_slope_ci_low,d_canon_slope_ci_high,d_canon_range_mean,d_canon_abs_pos025_mean,d_canon_abs_neg025_mean,d_beh_letter_slope_mean,d_beh_letter_slope_ci_low,d_beh_letter_slope_ci_high,d_beh_letter_range_mean,d_beh_letter_abs_pos025_mean,d_beh_letter_abs_neg025_mean,d_beh_act0_slope_mean,d_beh_act0_slope_ci_low,d_beh_act0_slope_ci_high,d_beh_act0_range_mean,d_beh_act0_abs_pos025_mean,d_beh_act0_abs_neg025_mean,d_beh_canon_slope_mean,d_beh_canon_slope_ci_low,d_beh_canon_slope_ci_high,d_beh_canon_range_mean,d_beh_canon_abs_pos025_mean,d_beh_canon_abs_neg025_mean,n_cells,cell_letter_range_mean,cell_letter_range_p95,cell_act0_range_mean,cell_act0_range_p95,cell_canon_range_mean,cell_canon_range_p95,flip_letter_rate,flip_letter_rate_ci_low,flip_letter_rate_ci_high,flip_action_rate,flip_action_rate_ci_low,flip_action_rate_ci_high,flip_canon_rate,flip_canon_rate_ci_low,flip_canon_rate_ci_high,letter_nonzero_rate,letter_dose_aligned_rate_all,letter_dose_aligned_rate_nonzero,act0_nonzero_rate,act0_dose_aligned_rate_all,act0_dose_aligned_rate_nonzero,canon_nonzero_rate,canon_dose_aligned_rate_all,canon_dose_aligned_rate_nonzero
llama31_instruct,h1_dinc,65,main,54,1.4242368827160492,1.373847511574074,1.469673422067901,0.6954000000000001,0.41156435185185186,0.28383564814814816,0.11195262345679012,0.07922341435185185,0.14713766203703704,0.12596296296296294,0.06795694444444443,0.09170787037037036,0.033140277777777775,-0.012078641975308637,0.07971441358024683,0.12596296296296294,0.06795694444444443,0.09170787037037036,2.047839506172839,1.942901234567901,2.1450617283950613,0.9583333333333334,0.6342592592592593,0.32407407407407407,0.2268518518518519,0.15119598765432096,0.3055555555555556,0.41203703703703703,0.24537037037037038,0.24074074074074073,0.06944444444444442,-0.03398919753086424,0.16670524691358002,0.41203703703703703,0.24537037037037038,0.24074074074074073,216,0.6954,0.8173,0.6954,0.8173,0.6954,0.8173,0.9583333333333334,0.9259259259259259,0.9815972222222216,0.9583333333333334,0.9304398148148149,0.9814814814814815,0.9583333333333334,0.9259259259259259,0.9814814814814815,0.9953703703703703,0.9945987654320987,0.9992283950617284,0.9953703703703703,0.49768518518518523,0.4999298540965207,0.9953703703703703,0.4976851851851852,0.4999298540965207
llama31_instruct,h1_dinc,65,main_perp,54,1.3389101851851852,1.2902616666666664,1.3803448688271602,0.6575388888888888,0.39217500000000005,0.2653638888888889,0.11236512345679012,0.07891998842592593,0.1468250385802469,0.11870740740740741,0.06307037037037037,0.08252129629629633,0.030987345679012353,-0.014025142746913568,0.07782577546296286,0.11870740740740741,0.06307037037037036,0.08252129629629633,1.9598765432098761,1.842554012345679,2.0648148148148144,0.9259259259259259,0.6064814814814815,0.3194444444444444,0.2654320987654321,0.17129629629629634,0.3688271604938272,0.41203703703703703,0.2361111111111111,0.2361111111111111,0.05246913580246912,-0.07253086419753088,0.16975308641975306,0.41203703703703703,0.2361111111111111,0.2361111111111111,216,0.6575388888888889,0.77735,0.6575388888888889,0.77735,0.6575388888888889,0.77735,0.9259259259259259,0.8842592592592593,0.9629629629629629,0.9259259259259259,0.8842592592592593,0.9629629629629629,0.9259259259259259,0.8842592592592593,0.9629629629629629,0.9961419753086419,0.9953703703703705,0.9992283950617284,0.9961419753086419,0.4992283950617284,0.5011741814278046,0.9961419753086419,0.49999999999999994,0.5019793344068707
llama31_instruct,h1_dinc,65,random,54,0.16323009259259255,0.14860282407407405,0.17682353395061728,0.084425,0.04937407407407408,0.03439027777777778,0.029277006172839508,0.01359321759259259,0.04469544753086418,0.03612824074074075,0.015026851851851852,0.0186587962962963,0.02212854938271605,0.0050843325617283925,0.03784073688271604,0.03612824074074075,0.015026851851851849,0.0186587962962963,0.27314814814814814,0.18827160493827158,0.361111111111111,0.14814814814814814,0.08796296296296297,0.05555555555555555,0.10956790123456789,0.0324074074074074,0.19444444444444442,0.125,0.08796296296296297,0.037037037037037035,0.026234567901234556,-0.057098765432098776,0.11574074074074074,0.125,0.08796296296296297,0.037037037037037035,216,0.09138333333333334,0.18439999999999995,0.09138333333333334,0.18439999999999995,0.09138333333333334,0.18439999999999995,0.14814814814814814,0.09722222222222222,0.19907407407407407,0.14814814814814814,0.10185185185185185,0.19907407407407407,0.14814814814814814,0.10185185185185185,0.19907407407407407,0.7114197530864197,0.5709876543209877,0.8059412312228789,0.7114197530864197,0.3726851851851852,0.528987262148597,0.7114197530864197,0.3850308641975309,0.5430339301985329
llama31_instruct,h1_dinc,79,main,54,2.5934376543209874,2.586560007716049,2.600308869598765,0.9999837962962963,0.5689587962962963,0.43102500000000005,0.01408086419753086,0.009060443672839502,0.019678456790123446,0.14977731481481482,0.14945416666666667,0.14946944444444446,0.0031558641975308398,-0.003311153549382752,0.00957807870370366,0.14977731481481482,0.14945416666666667,0.14946944444444446,2.660493827160493,2.6527777777777772,2.6666666666666656,1.0,0.6574074074074074,0.3425925925925926,0.006172839506172856,4.280592176189133e-18,0.013888888888888926,0.25925925925925924,0.25925925925925924,0.25925925925925924,-2.055808024176926e-17,-0.0061728395061728765,0.007716049382716038,0.25925925925925924,0.25925925925925924,0.25925925925925924,216,0.9999837962962963,1.0,0.9999837962962963,1.0,0.9999837962962963,1.0,1.0,1.0,1.0,1.0,1.0,1.0,1.0,1.0,1.0,1.0,1.0,1.0,1.0,0.5,0.5,1.0,0.5,0.5
llama31_instruct,h1_dinc,79,main_perp,54,0.012267438271604928,0.005312635030864186,0.018856261574074062,0.022817129629629625,0.01682546296296297,0.00794259259259259,-0.00015941358024692783,-0.010070258487654334,0.010237878086419737,0.02892962962962964,0.023012499999999998,0.011125000000000003,-0.016421141975308647,-0.02562566743827161,-0.0076146026234568,0.02892962962962964,0.023012499999999998,0.011124999999999998,-0.044753086419753084,-0.08796296296296295,-0.012345679012345677,0.027777777777777776,0.009259259259259259,0.013888888888888888,0.026234567901234566,-0.009259259259259259,0.06790123456790122,0.027777777777777776,0.009259259259259259,0.013888888888888888,0.029320987654320983,-0.007716049382716049,0.07253086419753087,0.027777777777777776,0.009259259259259259,0.013888888888888888,216,0.04175787037037036,0.0676,0.04175787037037037,0.0676,0.04175787037037037,0.0676,0.027777777777777776,0.009259259259259259,0.05092592592592592,0.027777777777777776,0.009259259259259259,0.05092592592592592,0.027777777777777776,0.009259259259259259,0.05092592592592592,0.8078703703703702,0.4205246913580247,0.5196120965664309,0.8078703703703702,0.4058641975308642,0.5033122982490889,0.8078703703703702,0.38117283950617287,0.4760090058529171
llama31_instruct,h1_dinc,79,random,54,-0.8062195987654319,-0.837289610339506,-0.7740533757716049,0.3935092592592592,0.1786490740740741,0.21486018518518513,-0.06893996913580247,-0.09171882716049382,-0.04620650077160492,0.0642236111111111,0.045891666666666664,0.03171666666666667,-0.01752824074074075,-0.04631899691358024,0.010694498456790111,0.06422361111111112,0.04589166666666667,0.03171666666666667,-1.32716049382716,-1.5108410493827162,-1.1295910493827164,0.6388888888888888,0.25,0.3888888888888889,-0.38888888888888884,-0.5401234567901233,-0.2453703703703704,0.35648148148148145,0.16666666666666666,0.2222222222222222,-0.13580246913580243,-0.30864197530864185,0.043209876543209846,0.35648148148148145,0.16666666666666666,0.2222222222222222,216,0.3935092592592593,0.483875,0.3935092592592593,0.483875,0.3935092592592593,0.483875,0.6388888888888888,0.5509259259259259,0.7222222222222222,0.6388888888888888,0.5555555555555556,0.7222222222222222,0.6388888888888888,0.5509259259259259,0.7223379629629623,1.0,0.0,0.0,1.0,0.5,0.5,1.0,0.5,0.5
llama31_instruct,h2_choice,65,main,54,-0.08156913580246912,-0.0975776311728395,-0.06613769675925923,0.04797453703703704,0.01773101851851852,0.027864814814814804,-0.0010012345679012407,-0.018944976851851862,0.016796604938271596,0.03808935185185186,0.013953240740740743,0.021987962962962956,-0.013839197530864197,-0.030397206790123452,0.0030917901234567857,0.03808935185185186,0.013953240740740743,0.021987962962962956,-0.20679012345679007,-0.3040123456790123,-0.12499999999999999,0.11574074074074074,0.05092592592592592,0.07407407407407407,-0.04320987654320989,-0.11882716049382715,0.0324074074074074,0.1111111111111111,0.041666666666666664,0.07407407407407407,-0.03395061728395062,-0.1111111111111111,0.03861882716049361,0.1111111111111111,0.041666666666666664,0.07407407407407407,216,0.06706342592592593,0.12619999999999998,0.06706342592592593,0.12619999999999998,0.06706342592592593,0.12619999999999998,0.125,0.0787037037037037,0.17592592592592593,0.125,0.0787037037037037,0.17592592592592593,0.125,0.0787037037037037,0.17592592592592593,0.7183641975308641,0.25771604938271603,0.3614343767401042,0.7183641975308641,0.36959876543209874,0.5134680851420618,0.7183641975308641,0.3294753086419753,0.4647173822590918
llama31_instruct,h2_choice,65,main_perp,54,-0.12189429012345679,-0.1380482908950617,-0.10602316358024691,0.0652865740740741,0.022677314814814817,0.04052685185185185,-0.009623919753086418,-0.031032291666666677,0.011727712191358035,0.04148981481481481,0.01670601851851852,0.023023148148148157,-0.015137808641975302,-0.035740636574074065,0.006161820987654303,0.04148981481481481,0.01670601851851852,0.023023148148148157,-0.23148148148148143,-0.3179012345679012,-0.14660493827160492,0.14351851851851852,0.041666666666666664,0.09259259259259259,-0.03703703703703703,-0.11269290123456792,0.041666666666666685,0.125,0.041666666666666664,0.09259259259259259,-0.006172839506172839,-0.08796296296296292,0.06639660493827142,0.125,0.041666666666666664,0.09259259259259259,216,0.08080972222222223,0.15512500000000004,0.08080972222222223,0.15512500000000004,0.08080972222222223,0.15512500000000004,0.14351851851851852,0.09722222222222222,0.18981481481481483,0.14351851851851852,0.09722222222222222,0.19456018518518456,0.14351851851851852,0.09722222222222222,0.19907407407407407,0.722222222222222,0.20138888888888892,0.279707257237787,0.722222222222222,0.3541666666666667,0.484199053933746,0.722222222222222,0.3256172839506173,0.4503423119930688
llama31_instruct,h2_choice,65,random,54,0.16323009259259255,0.14993750000000003,0.17749120370370364,0.084425,0.04937407407407408,0.03439027777777778,0.029277006172839508,0.013906161265432107,0.0443781790123457,0.03612824074074075,0.015026851851851852,0.0186587962962963,0.02212854938271605,0.004188746141975308,0.03760102237654319,0.03612824074074075,0.015026851851851849,0.0186587962962963,0.27314814814814814,0.18672839506172836,0.3641975308641975,0.14814814814814814,0.08796296296296297,0.05555555555555555,0.10956790123456789,0.027739197530864176,0.18831018518518494,0.125,0.08796296296296297,0.037037037037037035,0.026234567901234556,-0.05868055555555556,0.11419753086419754,0.125,0.08796296296296297,0.037037037037037035,216,0.09138333333333334,0.18439999999999995,0.09138333333333334,0.18439999999999995,0.09138333333333334,0.18439999999999995,0.14814814814814814,0.10648148148148148,0.19907407407407407,0.14814814814814814,0.09722222222222222,0.19907407407407407,0.14814814814814814,0.09722222222222222,0.19907407407407407,0.7114197530864197,0.5709876543209877,0.8059412312228789,0.7114197530864197,0.3726851851851852,0.528987262148597,0.7114197530864197,0.3850308641975309,0.5430339301985329
llama31_instruct,h2_choice,79,main,54,-1.2191708333333333,-1.258912739197531,-1.1768435532407406,0.5897476851851852,0.2626930555555556,0.32705462962962956,-0.08757361111111107,-0.11813933256172837,-0.0576064274691358,0.09501805555555558,0.07287638888888888,0.05150648148148148,-0.02097114197530864,-0.055912773919753085,0.01654658564814816,0.09501805555555556,0.07287638888888888,0.05150648148148148,-1.8641975308641974,-1.993827160493827,-1.7345293209876544,0.8796296296296297,0.3101851851851852,0.5694444444444444,-0.32098765432098764,-0.4413580246913579,-0.20212191358024711,0.4074074074074074,0.22685185185185186,0.24537037037037038,-0.11111111111111115,-0.25925925925925924,0.030864197530864154,0.4074074074074074,0.22685185185185186,0.24537037037037038,216,0.5897476851851852,0.687325,0.5897476851851852,0.687325,0.5897476851851852,0.687325,0.8796296296296297,0.8240740740740741,0.9351851851851852,0.8796296296296297,0.8240740740740741,0.9351851851851852,0.8796296296296297,0.8240740740740741,0.9351851851851852,1.0,0.0,0.0,1.0,0.5,0.5,1.0,0.5,0.5
llama31_instruct,h2_choice,79,main_perp,54,0.012370061728395061,0.00789373456790123,0.016859675925925924,0.022325925925925923,0.015916666666666666,0.010439351851851852,-0.0006243827160493774,-0.005272515432098755,0.004453433641975307,0.02502268518518518,0.019921296296296284,0.015239351851851848,-0.007527160493827152,-0.011883564814814803,-0.0030732214506172767,0.02502268518518518,0.019921296296296284,0.015239351851851848,0.003086419753086419,-0.023148148148148143,0.02777777777777777,0.027777777777777776,0.009259259259259259,0.009259259259259259,-0.009259259259259259,-0.032407407407407406,0.015432098765432098,0.027777777777777776,0.009259259259259259,0.009259259259259259,0.012345679012345677,-0.006172839506172841,0.037037037037037035,0.027777777777777776,0.009259259259259259,0.009259259259259259,216,0.03701111111111111,0.06092499999999998,0.037011111111111106,0.06092499999999998,0.037011111111111106,0.06092499999999998,0.027777777777777776,0.009259259259259259,0.05092592592592592,0.027777777777777776,0.009259259259259259,0.05092592592592592,0.027777777777777776,0.009259259259259259,0.05092592592592592,0.7083333333333334,0.37962962962962954,0.5355506933981307,0.7083333333333334,0.35185185185185186,0.4948158515667976,0.7083333333333334,0.35262345679012347,0.49953870089319
llama31_instruct,h2_choice,79,random,54,-0.8062195987654319,-0.836084884259259,-0.7751444675925924,0.3935092592592592,0.1786490740740741,0.21486018518518513,-0.06893996913580247,-0.09072648148148149,-0.046669949845679,0.0642236111111111,0.045891666666666664,0.03171666666666667,-0.01752824074074075,-0.046397943672839524,0.010869166666666671,0.06422361111111112,0.04589166666666667,0.03171666666666667,-1.32716049382716,-1.5170138888888887,-1.1434799382716048,0.6388888888888888,0.25,0.3888888888888889,-0.38888888888888884,-0.5385802469135802,-0.23765432098765427,0.35648148148148145,0.16666666666666666,0.2222222222222222,-0.13580246913580243,-0.3133101851851851,0.03707561728395041,0.35648148148148145,0.16666666666666666,0.2222222222222222,216,0.3935092592592593,0.483875,0.3935092592592593,0.483875,0.3935092592592593,0.483875,0.6388888888888888,0.5555555555555556,0.7222222222222222,0.6388888888888888,0.5555555555555556,0.7175925925925926,0.6388888888888888,0.5509259259259259,0.7222222222222222,1.0,0.0,0.0,1.0,0.5,0.5,1.0,0.5,0.5
qwen,h1_dinc,65,main,54,1.023068672839506,1.013835262345679,1.0318755516975309,0.5052814814814814,0.3220157407407407,0.18326574074074073,-0.014746450617283939,-0.02756815972222221,-0.0013104706790123466,0.04260694444444445,0.01908333333333334,0.0320537037037037,0.01593749999999999,0.003580474537037026,0.029039560185185172,0.04260694444444445,0.01908333333333334,0.03205370370370371,2.1527777777777777,2.08179012345679,2.2160879629629626,0.9675925925925926,0.7037037037037037,0.2638888888888889,-0.1003086419753086,-0.1851851851851851,-0.021604938271604944,0.3611111111111111,0.25925925925925924,0.27314814814814814,0.038580246913580224,-0.041666666666666664,0.12040895061728372,0.3611111111111111,0.25925925925925924,0.27314814814814814,216,0.5052814814814816,0.58545,0.5052814814814816,0.58545,0.5052814814814816,0.58545,0.9861111111111112,0.9675925925925926,1.0,0.9861111111111112,0.9675925925925926,1.0,0.9861111111111112,0.9675925925925926,1.0,1.0,0.9945987654320988,0.9945987654320988,1.0,0.49614197530864196,0.49614197530864196,1.0,0.5023148148148148,0.5023148148148148
qwen,h1_dinc,65,main_perp,54,1.0100541666666667,1.0017122993827159,1.018239463734568,0.4991587962962964,0.31881111111111116,0.18034768518518515,-0.010172376543209878,-0.022642330246913586,0.0026522145061728206,0.042389814814814804,0.0184462962962963,0.03132453703703704,0.018082561728395053,0.005851404320987643,0.029603275462962944,0.042389814814814804,0.018446296296296297,0.03132453703703704,2.1620370370370363,2.0956790123456788,2.2268904320987652,0.9861111111111112,0.7083333333333334,0.26851851851851855,-0.06944444444444439,-0.13734567901234562,-0.004629629629629628,0.37037037037037035,0.2638888888888889,0.26851851851851855,0.06944444444444442,-2.0264140160114246e-17,0.13425925925925922,0.37037037037037035,0.2638888888888889,0.26851851851851855,216,0.49915879629629634,0.5836749999999999,0.49915879629629634,0.5836749999999999,0.49915879629629634,0.5836749999999999,0.9907407407407407,0.9768518518518519,1.0,0.9907407407407407,0.9768518518518519,1.0,0.9907407407407407,0.9768518518518519,1.0,0.9992283950617284,0.9930555555555557,0.9938271604938272,0.9992283950617284,0.49845679012345673,0.49885936661298974,0.9992283950617284,0.5015432098765432,0.5019457863660762
qwen,h1_dinc,65,random,54,0.014904783950617286,0.009809047067901238,0.019988375771604942,0.018255092592592594,0.008808333333333336,0.008099074074074076,-0.002050154320987654,-0.00784582561728395,0.0034092206790123387,0.017084722222222223,0.00842037037037037,0.006767592592592593,0.0009871913580246855,-0.004750679012345684,0.006412152777777752,0.01708472222222222,0.00842037037037037,0.006767592592592592,0.05246913580246913,-0.006172839506172838,0.1111111111111111,0.0787037037037037,0.037037037037037035,0.023148148148148147,0.03703703703703703,-0.029320987654320983,0.10802469135802467,0.08333333333333333,0.046296296296296294,0.023148148148148147,0.05246913580246914,-0.013888888888888885,0.12345679012345678,0.08333333333333333,0.046296296296296294,0.023148148148148147,216,0.03474537037037037,0.062025,0.03474537037037037,0.062025,0.034745370370370364,0.06202500000000001,0.08333333333333333,0.05092592592592592,0.11574074074074074,0.08333333333333333,0.05092592592592592,0.12037037037037036,0.08333333333333333,0.05092592592592592,0.12037037037037036,0.7206790123456792,0.375,0.515941153789451,0.7206790123456792,0.35725308641975306,0.4937303210587525,0.7206790123456792,0.37037037037037035,0.5113766745969188
qwen,h1_dinc,79,main,54,0.7469733024691358,0.7389896797839506,0.7547428163580245,0.3709060185185185,0.18854675925925932,0.18235925925925922,-0.003050462962962961,-0.009554101080246916,0.0028306249999999946,0.020895370370370373,0.010820833333333335,0.013799074074074078,0.0016890432098765407,-0.0045089814814814775,0.007683746141975306,0.020895370370370373,0.010820833333333335,0.013799074074074078,1.888888888888889,1.7777777777777777,1.9907407407407407,0.9120370370370371,0.6712962962962963,0.24074074074074073,-0.05555555555555552,-0.1496913580246913,0.03858024691358029,0.37962962962962965,0.2175925925925926,0.24074074074074073,0.04629629629629629,-0.047839506172839504,0.14197530864197527,0.37962962962962965,0.2175925925925926,0.24074074074074073,216,0.3709060185185185,0.4095,0.3709060185185185,0.4095,0.3709060185185185,0.4095,0.9120370370370371,0.8657407407407407,0.9537037037037037,0.9120370370370371,0.8657407407407407,0.9537037037037037,0.9120370370370371,0.8657407407407407,0.9490740740740741,0.9830246913580247,0.9799382716049382,0.9968800322061192,0.9830246913580247,0.4915123456790123,0.4999681947145715,0.9830246913580247,0.49459876543209874,0.5032620023562052
qwen,h1_dinc,79,main_perp,54,0.003570216049382721,-0.0012330401234567844,0.008230385802469124,0.01614537037037037,0.005281018518518521,0.009337037037037036,0.0021618827160493877,-0.0018528587962962913,0.0061308680555555595,0.01374398148148148,0.005036574074074078,0.006633333333333332,5.077160493827032e-05,-0.0038067322530864187,0.003982152777777785,0.01374398148148148,0.005036574074074078,0.006633333333333335,-0.01697530864197531,-0.06172839506172839,0.02623456790123456,0.06018518518518518,0.013888888888888888,0.032407407407407406,-0.016975308641975304,-0.06172839506172839,0.02469135802469136,0.06018518518518518,0.013888888888888888,0.032407407407407406,-0.010802469135802462,-0.054012345679012336,0.027777777777777783,0.06018518518518518,0.013888888888888888,0.032407407407407406,216,0.0242537037037037,0.03242500000000002,0.024253703703703697,0.03242500000000002,0.024253703703703694,0.03242500000000002,0.06018518518518518,0.032407407407407406,0.08796296296296297,0.06018518518518518,0.032407407407407406,0.09259259259259259,0.06018518518518518,0.032407407407407406,0.09259259259259259,0.5486111111111112,0.2854938271604938,0.5216598340695348,0.5486111111111112,0.2762345679012346,0.5028040756304429,0.5486111111111112,0.2669753086419753,0.48687180465001234
qwen,h1_dinc,79,random,54,-0.02877978395061728,-0.03227681712962962,-0.025229089506172836,0.02111574074074074,0.010403703703703708,0.009338888888888893,-0.003309722222222224,-0.007122866512345681,0.000413456790123448,0.014149074074074073,0.007062037037037038,0.005744444444444442,-0.0019520061728395097,-0.005669232253086435,0.0018503626543209931,0.014149074074074076,0.007062037037037038,0.00574444444444444,-0.037037037037037035,-0.06944444444444443,-0.00925925925925926,0.06481481481481481,0.032407407407407406,0.027777777777777776,0.00617283950617284,-0.026273148148148143,0.038580246913580245,0.06481481481481481,0.032407407407407406,0.027777777777777776,0.02160493827160494,-0.009259259259259254,0.05246913580246913,0.06481481481481481,0.032407407407407406,0.027777777777777776,216,0.028231018518518516,0.03249999999999997,0.028231018518518516,0.03249999999999997,0.028231018518518516,0.03249999999999997,0.06481481481481481,0.037037037037037035,0.09259259259259259,0.06481481481481481,0.037037037037037035,0.09722222222222222,0.06481481481481481,0.037037037037037035,0.09259259259259259,0.4652777777777778,0.1612654320987654,0.340291344458011,0.4652777777777778,0.22608024691358022,0.4877380849603072,0.4652777777777778,0.22222222222222218,0.4828911828911828
qwen,h2_choice,65,main,54,-0.35400138888888893,-0.36774363040123464,-0.3407176890432098,0.17824629629629635,0.12237916666666665,0.055864351851851866,-0.018415586419753098,-0.04394461419753087,0.006979594907407394,0.0432162037037037,0.023017129629629627,0.017982870370370378,0.04367052469135802,0.021123464506172827,0.06667319444444442,0.0432162037037037,0.023017129629629627,0.01798287037037037,-0.6728395061728394,-0.7885802469135802,-0.5586033950617285,0.3472222222222222,0.125,0.2175925925925926,0.11111111111111116,-0.013888888888888869,0.23611111111111108,0.2175925925925926,0.125,0.08796296296296297,-0.0679012345679012,-0.1929012345679012,0.057137345679012144,0.2175925925925926,0.125,0.08796296296296297,216,0.17893703703703706,0.25560000000000005,0.17893703703703706,0.25559999999999994,0.17893703703703706,0.25559999999999994,0.35185185185185186,0.2916666666666667,0.41203703703703703,0.35185185185185186,0.2916666666666667,0.41203703703703703,0.35185185185185186,0.2916666666666667,0.4166666666666667,0.873456790123457,0.06172839506172839,0.07086886872673805,0.873456790123457,0.4344135802469135,0.4966855147188226,0.873456790123457,0.46219135802469136,0.5292489782255865
qwen,h2_choice,65,main_perp,54,-0.3522177469135802,-0.36570667824074066,-0.3393227700617284,0.17767638888888887,0.1214875,0.056188888888888885,-0.015068364197530866,-0.042672770061728406,0.012401647376543187,0.043305092592592596,0.023109722222222216,0.018454629629629633,0.04828256172839506,0.024652037037037035,0.07146457561728391,0.043305092592592596,0.023109722222222216,0.018454629629629633,-0.6882716049382714,-0.8055555555555552,-0.574074074074074,0.3611111111111111,0.125,0.2222222222222222,0.11728395061728397,-0.009297839506172828,0.23306327160493806,0.22685185185185186,0.125,0.12037037037037036,-0.024691358024691336,-0.15127314814814813,0.0988040123456788,0.22685185185185186,0.125,0.12037037037037036,216,0.1785148148148148,0.261075,0.17851481481481482,0.261075,0.17851481481481482,0.26107499999999995,0.37037037037037035,0.3055555555555556,0.4305555555555556,0.37037037037037035,0.3101851851851852,0.4351851851851852,0.37037037037037035,0.31006944444444445,0.4305555555555556,0.8680555555555555,0.07330246913580246,0.0843404459406314,0.8680555555555555,0.4251543209876544,0.4860299988430551,0.8680555555555555,0.4606481481481482,0.5317436978656711
qwen,h2_choice,65,random,54,0.014904783950617286,0.010076064814814817,0.01994064429012346,0.018255092592592594,0.008808333333333336,0.008099074074074076,-0.002050154320987654,-0.007587912808641978,0.0033644907407407447,0.017084722222222223,0.00842037037037037,0.006767592592592593,0.0009871913580246855,-0.00453076003086421,0.006494772376543213,0.01708472222222222,0.00842037037037037,0.006767592592592592,0.05246913580246913,-0.00462962962962963,0.11419753086419754,0.0787037037037037,0.037037037037037035,0.023148148148148147,0.03703703703703703,-0.02935956790123457,0.1111111111111111,0.08333333333333333,0.046296296296296294,0.023148148148148147,0.05246913580246914,-0.015432098765432088,0.12191358024691358,0.08333333333333333,0.046296296296296294,0.023148148148148147,216,0.03474537037037037,0.062025,0.03474537037037037,0.062025,0.034745370370370364,0.06202500000000001,0.08333333333333333,0.05092592592592592,0.12037037037037036,0.08333333333333333,0.05092592592592592,0.11574074074074074,0.08333333333333333,0.05092592592592592,0.12037037037037036,0.7206790123456792,0.375,0.515941153789451,0.7206790123456792,0.35725308641975306,0.4937303210587525,0.7206790123456792,0.37037037037037035,0.5113766745969188
qwen,h2_choice,79,main,54,-0.1821930555555555,-0.1869345910493827,-0.17760290895061726,0.09070277777777777,0.04701666666666666,0.04368611111111112,0.0030112654320987634,-0.0009942245370370346,0.007265891203703702,0.01543333333333333,0.0062277777777777765,0.0065166666666666645,0.003342129629629625,-0.0005130594135802328,0.00726562885802467,0.015433333333333334,0.0062277777777777765,0.0065166666666666645,-0.4182098765432099,-0.5293595679012346,-0.31631944444444454,0.2175925925925926,0.0787037037037037,0.1388888888888889,0.10956790123456793,0.006172839506172878,0.21450617283950615,0.14351851851851852,0.0787037037037037,0.08333333333333333,-0.001543209876543192,-0.11114969135802465,0.1080246913580247,0.14351851851851852,0.0787037037037037,0.08333333333333333,216,0.09084212962962963,0.123525,0.09084212962962963,0.12352499999999998,0.09084212962962963,0.12352499999999998,0.2175925925925926,0.16203703703703703,0.2777777777777778,0.2175925925925926,0.1574074074074074,0.2777777777777778,0.2175925925925926,0.1574074074074074,0.2777777777777778,0.8101851851851853,0.10262345679012344,0.12397834968354404,0.8101851851851853,0.40354938271604934,0.4974842284955805,0.8101851851851853,0.39969135802469136,0.49287739550897447
qwen,h2_choice,79,main_perp,54,-0.0027381172839506273,-0.007322503858024692,0.0016943595679012261,0.016375462962962963,0.00640972222222222,0.007914351851851851,0.0003424382716049295,-0.004304081790123458,0.004851188271604916,0.014818055555555553,0.006377314814814815,0.005765277777777777,-0.003175462962962956,-0.007496431327160481,0.0014114621913580351,0.014818055555555553,0.006377314814814815,0.005765277777777777,-0.007716049382716048,-0.05092592592592592,0.029320987654320983,0.06481481481481481,0.032407407407407406,0.032407407407407406,-0.0015432098765432085,-0.04016203703703704,0.03858024691358025,0.06481481481481481,0.032407407407407406,0.032407407407407406,0.0015432098765432148,-0.03858024691358023,0.041666666666666664,0.06481481481481481,0.032407407407407406,0.032407407407407406,216,0.024671296296296295,0.03242500000000002,0.024671296296296292,0.03242500000000002,0.024671296296296292,0.03242500000000002,0.06481481481481481,0.037037037037037035,0.09722222222222222,0.06481481481481481,0.037037037037037035,0.09722222222222222,0.06481481481481481,0.037037037037037035,0.09722222222222222,0.7677469135802469,0.38966049382716045,0.5087945481972831,0.7677469135802469,0.39197530864197533,0.509854139700201,0.7677469135802469,0.38040123456790126,0.4957353215781148
qwen,h2_choice,79,random,54,-0.02877978395061728,-0.032162395833333315,-0.025175675154320988,0.02111574074074074,0.010403703703703708,0.009338888888888893,-0.003309722222222224,-0.007058360339506177,0.00048567129629629394,0.014149074074074073,0.007062037037037038,0.005744444444444442,-0.0019520061728395097,-0.005682114197530873,0.0018497955246913579,0.014149074074074076,0.007062037037037038,0.00574444444444444,-0.037037037037037035,-0.06944444444444445,-0.004629629629629633,0.06481481481481481,0.032407407407407406,0.027777777777777776,0.00617283950617284,-0.027777777777777773,0.038580246913580245,0.06481481481481481,0.032407407407407406,0.027777777777777776,0.02160493827160494,-0.01080246913580246,0.055555555555555546,0.06481481481481481,0.032407407407407406,0.027777777777777776,216,0.028231018518518516,0.03249999999999997,0.028231018518518516,0.03249999999999997,0.028231018518518516,0.03249999999999997,0.06481481481481481,0.037037037037037035,0.09259259259259259,0.06481481481481481,0.037037037037037035,0.09722222222222222,0.06481481481481481,0.037037037037037035,0.09259259259259259,0.4652777777777778,0.1612654320987654,0.340291344458011,0.4652777777777778,0.22608024691358022,0.4877380849603072,0.4652777777777778,0.22222222222222218,0.4828911828911828
qwen_instruct,h1_dinc,65,main,54,1.360575462962963,1.2755266820987652,1.4475571759259258,0.6993546296296297,0.4833606481481482,0.21599398148148144,-0.07137114197530861,-0.1236692283950617,-0.016969803240740728,0.20342175925925923,0.11321990740740741,0.16437175925925926,0.052262808641975286,-0.001028923611111105,0.10465817901234561,0.20342175925925923,0.11321990740740741,0.16437175925925926,1.28858024691358,1.1435185185185186,1.4290509259259259,0.6712962962962963,0.4398148148148148,0.23148148148148148,-0.21141975308641975,-0.36882716049382713,-0.04938271604938275,0.33796296296296297,0.06944444444444445,0.23148148148148148,0.08796296296296292,-0.0787422839506173,0.2530864197530863,0.33796296296296297,0.06944444444444445,0.23148148148148148,216,0.6993546296296296,0.9339,0.6993546296296296,0.9339,0.6993546296296296,0.9339,0.6712962962962963,0.6018518518518519,0.7362268518518512,0.6712962962962963,0.6018518518518519,0.7407407407407407,0.6712962962962963,0.6018518518518519,0.7407407407407407,1.0,1.0,1.0,1.0,0.5,0.5,1.0,0.5,0.5
qwen_instruct,h1_dinc,65,main_perp,54,1.334846296296296,1.240447658179012,1.4179148958333334,0.6856347222222223,0.47257685185185183,0.21305787037037036,-0.07213487654320984,-0.1297620216049382,-0.015624243827160563,0.20221666666666666,0.1085787037037037,0.16197175925925927,0.056520061728395056,-0.0016596412037037,0.11221411265432095,0.20221666666666666,0.1085787037037037,0.16197175925925927,1.2484567901234571,1.098688271604938,1.3996913580246912,0.6527777777777778,0.42592592592592593,0.22685185185185186,-0.21450617283950615,-0.37499999999999994,-0.04783950617283952,0.33796296296296297,0.07407407407407407,0.22685185185185186,0.09104938271604936,-0.07716049382716046,0.25308641975308643,0.33796296296296297,0.07407407407407407,0.22685185185185186,216,0.6856347222222223,0.9254749999999999,0.6856347222222223,0.9254749999999999,0.6856347222222223,0.9254749999999999,0.6527777777777778,0.5832175925925926,0.7268518518518519,0.6527777777777778,0.5787037037037037,0.7222222222222222,0.6527777777777778,0.5740740740740741,0.7222222222222222,1.0,1.0,1.0,1.0,0.5,0.5,1.0,0.5,0.5
qwen_instruct,h1_dinc,65,random,54,0.031071296296296298,0.02493060570987654,0.037422600308641966,0.01960833333333334,0.011443518518518521,0.007774999999999999,-0.012739814814814818,-0.022125933641975317,-0.0018601658950617257,0.018678240740740742,0.009332407407407409,0.008655555555555553,0.005958641975308648,-0.004753456790123451,0.016090046296296286,0.018678240740740742,0.009332407407407414,0.008655555555555553,0.0771604938271605,0.02932098765432099,0.13734567901234568,0.041666666666666664,0.023148148148148147,0.018518518518518517,-0.006172839506172838,-0.05709876543209876,0.04475308641975309,0.041666666666666664,0.023148148148148147,0.018518518518518517,0.0030864197530864252,-0.04787808641975309,0.055555555555555566,0.041666666666666664,0.023148148148148147,0.018518518518518517,216,0.023531944444444446,0.08154999999999998,0.023531944444444446,0.08154999999999998,0.023531944444444446,0.08154999999999998,0.041666666666666664,0.013888888888888888,0.06956018518518456,0.041666666666666664,0.018518518518518517,0.06956018518518456,0.041666666666666664,0.018518518518518517,0.06944444444444445,0.8125,0.48148148148148145,0.5934902293357709,0.8125,0.37577160493827155,0.46549409840472644,0.8125,0.45524691358024694,0.5692519070188787
qwen_instruct,h1_dinc,79,main,54,1.0434512345679012,0.9514127584876542,1.1341002469135801,0.5212231481481481,0.3190305555555555,0.2021925925925926,-0.14005061728395057,-0.23338897762345673,-0.04815115354938271,0.19171620370370365,0.04483796296296297,0.15103703703703705,0.05585586419753086,-0.039036300154320976,0.15662296296296288,0.19171620370370365,0.04483796296296297,0.15103703703703705,1.0576131687242796,0.9212962962962963,1.2088605967078188,0.5447530864197531,0.3549382716049383,0.18981481481481483,-0.30246913580246904,-0.518531378600823,-0.07716049382716046,0.3765432098765431,0.18209876543209877,0.18981481481481483,0.03086419753086416,-0.19393004115226334,0.258230452674897,0.3765432098765431,0.18209876543209877,0.18981481481481483,216,0.5212231481481482,0.8798999999999999,0.5212231481481482,0.8798999999999999,0.5212231481481482,0.8798999999999999,0.4583333333333333,0.39814814814814814,0.5231481481481481,0.4583333333333333,0.3980324074074074,0.5185185185185185,0.4583333333333333,0.4027777777777778,0.5185185185185185,1.0,1.0,1.0,1.0,0.5,0.5,1.0,0.5,0.5
qwen_instruct,h1_dinc,79,main_perp,54,-0.0008064814814814752,-0.002869945987654316,0.001359498456790126,0.007983796296296296,0.003358796296296297,0.002774074074074073,0.0011336419753086354,-0.0010719753086419826,0.0032967862654320924,0.007254629629629628,0.003645833333333334,0.0025361111111111083,-0.00024012345679012178,-0.0025057870370370407,0.0018361149691358076,0.007254629629629631,0.0036458333333333364,0.002536111111111109,0.010802469135802472,-0.012345679012345671,0.0355324074074072,0.027777777777777776,0.018518518518518517,0.013888888888888888,0.013888888888888885,-0.006172839506172839,0.04166666666666665,0.027777777777777776,0.018518518518518517,0.013888888888888888,0.001543209876543213,-0.021604938271604927,0.029320987654320983,0.027777777777777776,0.018518518518518517,0.013888888888888888,216,0.00983611111111111,0.031200000000000006,0.00983611111111111,0.031200000000000033,0.009836111111111111,0.031200000000000033,0.027777777777777776,0.009259259259259259,0.05092592592592592,0.027777777777777776,0.009259259259259259,0.05092592592592592,0.027777777777777776,0.009259259259259259,0.05092592592592592,0.7538580246913581,0.35185185185185186,0.46315912433258494,0.7538580246913581,0.3811728395061728,0.5039533719345195,0.7538580246913581,0.3611111111111111,0.47728363199340307
qwen_instruct,h1_dinc,79,random,54,0.0368016975308642,0.031504155092592585,0.0420203472222222,0.018708796296296296,0.010339351851851853,0.008034259259259258,-0.006999228395061725,-0.012643896604938268,-0.0013753317901234554,0.011556018518518514,0.005826388888888888,0.005122222222222218,0.0015550925925925932,-0.004142812499999998,0.007219645061728393,0.011556018518518518,0.005826388888888888,0.005122222222222217,0.06944444444444445,0.023148148148148147,0.1234567901234568,0.032407407407407406,0.018518518518518517,0.009259259259259259,-0.0015432098765432126,-0.05709876543209877,0.05401234567901234,0.032407407407407406,0.018518518518518517,0.009259259259259259,0.020061728395061724,-0.032407407407407406,0.07561728395061727,0.032407407407407406,0.018518518518518517,0.009259259259259259,216,0.019318981481481482,0.06057500000000002,0.019318981481481482,0.060575000000000045,0.019318981481481482,0.060575000000000045,0.032407407407407406,0.013888888888888888,0.05555555555555555,0.032407407407407406,0.013888888888888888,0.05555555555555555,0.032407407407407406,0.013888888888888888,0.05555555555555555,0.6095679012345679,0.4830246913580247,0.7973837210356818,0.6095679012345679,0.29166666666666663,0.4765742563536681,0.6095679012345679,0.29398148148148145,0.4784147482268397
qwen_instruct,h2_choice,65,main,54,-0.7191879629629631,-0.7928910300925923,-0.6402676851851853,0.3557870370370371,0.15733379629629632,0.19845324074074075,0.08135956790123455,0.02828069830246914,0.1274805941358024,0.11956481481481482,0.10273935185185186,0.044250462962962964,0.02031574074074073,-0.030183746141975328,0.07371909336419753,0.11956481481481482,0.10273935185185186,0.044250462962962964,-0.5015432098765432,-0.6234953703703705,-0.39043209876543206,0.25,0.11574074074074074,0.13425925925925927,0.23611111111111105,0.09872685185185184,0.3796682098765431,0.20833333333333334,0.11574074074074074,0.0787037037037037,0.04166666666666666,-0.11269290123456788,0.19907407407407404,0.20833333333333334,0.11574074074074074,0.0787037037037037,216,0.355787037037037,0.659525,0.355787037037037,0.659525,0.355787037037037,0.659525,0.25,0.19432870370370373,0.3055555555555556,0.25,0.19444444444444445,0.3055555555555556,0.25,0.19444444444444445,0.3055555555555556,0.9845679012345682,0.0015432098765432098,0.001610305958132045,0.9845679012345682,0.49151234567901225,0.49903799903799917,0.9845679012345682,0.5,0.5083547692243343
qwen_instruct,h2_choice,65,main_perp,54,-0.699429475308642,-0.7706584992283949,-0.6169562577160493,0.34524675925925935,0.15223842592592593,0.19300833333333337,0.08130262345679011,0.03128785108024692,0.1271747762345679,0.11509259259259258,0.09776620370370369,0.04342037037037037,0.025061882716049384,-0.02621373070987655,0.07657061728395062,0.1150925925925926,0.0977662037037037,0.04342037037037037,-0.4768518518518519,-0.5972993827160492,-0.3626543209876542,0.2361111111111111,0.10648148148148148,0.12962962962962962,0.2237654320987654,0.08796296296296297,0.35652006172839495,0.19907407407407407,0.10648148148148148,0.08333333333333333,0.03240740740740741,-0.12812500000000002,0.18672839506172842,0.19907407407407407,0.10648148148148148,0.08333333333333333,216,0.3452467592592593,0.655375,0.3452467592592593,0.655375,0.3452467592592593,0.655375,0.2361111111111111,0.18518518518518517,0.2916666666666667,0.2361111111111111,0.18055555555555555,0.2916666666666667,0.2361111111111111,0.18518518518518517,0.2916666666666667,0.9830246913580247,0.006172839506172839,0.0063501648646576165,0.9830246913580247,0.48919753086419754,0.49719616802950134,0.9830246913580247,0.5038580246913581,0.5134398679688535
qwen_instruct,h2_choice,65,random,54,0.031071296296296298,0.025033414351851854,0.037157569444444434,0.01960833333333334,0.011443518518518521,0.007774999999999999,-0.012739814814814818,-0.02209069830246915,-0.0027818904320987773,0.018678240740740742,0.009332407407407409,0.008655555555555553,0.005958641975308648,-0.004039128086419745,0.01598726466049383,0.018678240740740742,0.009332407407407414,0.008655555555555553,0.0771604938271605,0.02932098765432099,0.1358024691358025,0.041666666666666664,0.023148148148148147,0.018518518518518517,-0.006172839506172838,-0.05713734567901235,0.04938271604938272,0.041666666666666664,0.023148148148148147,0.018518518518518517,0.0030864197530864252,-0.04783950617283951,0.05555555555555555,0.041666666666666664,0.023148148148148147,0.018518518518518517,216,0.023531944444444446,0.08154999999999998,0.023531944444444446,0.08154999999999998,0.023531944444444446,0.08154999999999998,0.041666666666666664,0.013888888888888888,0.06944444444444445,0.041666666666666664,0.018518518518518517,0.06944444444444445,0.041666666666666664,0.013888888888888888,0.07407407407407407,0.8125,0.48148148148148145,0.5934902293357709,0.8125,0.37577160493827155,0.46549409840472644,0.8125,0.45524691358024694,0.5692519070188787
qwen_instruct,h2_choice,79,main,54,-0.8153259259259257,-0.8953090779320986,-0.7338081442901233,0.40751712962962966,0.16669768518518518,0.24081944444444445,0.13546111111111112,0.04515533179012345,0.22846729552469117,0.16163425925925928,0.11917731481481482,0.04360555555555556,-0.042154938271604936,-0.13137738811728397,0.05068326388888883,0.16163425925925928,0.11917731481481482,0.04360555555555556,-0.7273662551440329,-0.8554783950617284,-0.6033822016460905,0.3641975308641975,0.14660493827160492,0.2175925925925926,0.29835390946502055,0.12754629629629627,0.4578189300411522,0.27160493827160487,0.14660493827160492,0.125,-0.009259259259259257,-0.20372942386831272,0.17492283950617274,0.27160493827160487,0.14660493827160492,0.125,216,0.4075171296296296,0.7953749999999999,0.4075171296296296,0.795375,0.4075171296296296,0.795375,0.3611111111111111,0.30092592592592593,0.4166666666666667,0.3611111111111111,0.30092592592592593,0.42592592592592593,0.3611111111111111,0.30092592592592593,0.4212962962962963,1.0,0.0,0.0,1.0,0.5,0.5,1.0,0.5,0.5
qwen_instruct,h2_choice,79,main_perp,54,0.0007141975308641969,-0.001310613425925931,0.0028409760802469114,0.006251388888888888,0.0030245370370370365,0.0031074074074074086,0.000207098765432099,-0.001661917438271605,0.0019797183641975307,0.006314351851851852,0.002751388888888889,0.002749074074074073,-0.00020987654320987482,-0.00212933641975308,0.0016747955246913622,0.006314351851851853,0.0027513888888888896,0.002749074074074074,-0.012345679012345675,-0.03240740740740739,0.0,0.013888888888888888,0.004629629629629629,0.013888888888888888,0.0030864197530864204,-0.013888888888888881,0.023148148148148143,0.013888888888888888,0.004629629629629629,0.013888888888888888,-0.012345679012345675,-0.03240740740740739,0.0,0.013888888888888888,0.004629629629629629,0.013888888888888888,216,0.008203240740740737,0.030924999999999994,0.008203240740740738,0.030924999999999953,0.008203240740740738,0.030924999999999953,0.013888888888888888,0.0,0.032407407407407406,0.013888888888888888,0.0,0.032407407407407406,0.013888888888888888,0.0,0.032407407407407406,0.7677469135802469,0.412037037037037,0.542724051883072,0.7677469135802469,0.3626543209876543,0.4777409666222839,0.7677469135802469,0.3371913580246914,0.4376090355959973
qwen_instruct,h2_choice,79,random,54,0.0368016975308642,0.03166773919753086,0.042164803240740734,0.018708796296296296,0.010339351851851853,0.008034259259259258,-0.006999228395061725,-0.012287611882716045,-0.0012631520061728591,0.011556018518518514,0.005826388888888888,0.005122222222222218,0.0015550925925925932,-0.004361678240740742,0.007477608024691356,0.011556018518518518,0.005826388888888888,0.005122222222222217,0.06944444444444445,0.023148148148148147,0.12349537037037017,0.032407407407407406,0.018518518518518517,0.009259259259259259,-0.0015432098765432126,-0.057098765432098776,0.055555555555555546,0.032407407407407406,0.018518518518518517,0.009259259259259259,0.020061728395061724,-0.035493827160493825,0.07716049382716049,0.032407407407407406,0.018518518518518517,0.009259259259259259,216,0.019318981481481482,0.06057500000000002,0.019318981481481482,0.060575000000000045,0.019318981481481482,0.060575000000000045,0.032407407407407406,0.013888888888888888,0.05555555555555555,0.032407407407407406,0.013888888888888888,0.05555555555555555,0.032407407407407406,0.013888888888888888,0.05555555555555555,0.6095679012345679,0.4830246913580247,0.7973837210356818,0.6095679012345679,0.29166666666666663,0.4765742563536681,0.6095679012345679,0.29398148148148145,0.4784147482268397
