model,game_code,p_canonical,inc_projection,delta1c_q05,n_cells,inc_projection_z,delta1c_q05_z,row_scope,layer
qwen,AsAs,0.5,-5.798397146073897,0.0,4,-0.6942804667231063,-1.0083683467310325,parsed_generated_choice,80
qwen,AsBa,0.25,-6.609135201811913,-0.0,4,-0.7924243403459614,-1.0083683467310325,parsed_generated_choice,80
qwen,AsCh,0.5,2.7649646869768407,-0.0,4,0.34235707061891174,-1.0083683467310325,parsed_generated_choice,80
qwen,AsCm,0.5,-6.610669207926597,-0.0,4,-0.7926100394150883,-1.0083683467310325,parsed_generated_choice,80
qwen,AsCo,0.5,3.4206338522891633,0.0,4,0.42172908386459274,-1.0083683467310325,parsed_generated_choice,80
qwen,AsDl,0.5,-2.1983971070218367,-0.0,4,-0.25848255841673834,-1.0083683467310325,parsed_generated_choice,80
qwen,AsHa,0.5,-12.610418716637358,0.0,4,-1.5189095554969818,-1.0083683467310325,parsed_generated_choice,80
qwen,AsHr,0.5,-5.6507227389148476,-0.0,4,-0.6764037453197247,-1.0083683467310325,parsed_generated_choice,80
qwen,AsNc,0.5,5.700251177649277,0.0,4,0.697688098129628,-1.0083683467310325,parsed_generated_choice,80
qwen,AsPc,0.5,-8.287805649789581,0.0,4,-0.9956357464650052,-1.0083683467310325,parsed_generated_choice,80
qwen,AsPd,0.25,11.979140920990844,-0.0,4,1.457778927838364,-1.0083683467310325,parsed_generated_choice,80
qwen,AsSh,0.5,-3.8851084936633264,0.0,4,-0.46266736015036547,-1.0083683467310325,parsed_generated_choice,80
qwen,BaAs,0.5,-16.387775152910123,0.0,4,-1.9761773377186533,-1.0083683467310325,parsed_generated_choice,80
qwen,BaBa,0.25,1.344226315128962,0.0,4,0.17036962506740166,-1.0083683467310325,parsed_generated_choice,80
qwen,BaCh,0.25,0.9256703591499815,0.0,4,0.1197013450268152,-1.0083683467310325,parsed_generated_choice,80
qwen,BaCm,0.0,6.910542198234288,0.0,4,0.8441998452105562,-1.0083683467310325,parsed_generated_choice,80
qwen,BaCo,0.25,19.680318481932883,0.0,4,2.3900447712126907,-1.0083683467310325,parsed_generated_choice,80
qwen,BaDl,0.25,13.207401993719534,0.0,4,1.6064660391002419,-1.0083683467310325,parsed_generated_choice,80
qwen,BaHa,0.75,1.285532000218677,-0.0,4,0.1632643863479841,-1.0083683467310325,parsed_generated_choice,80
qwen,BaHr,0.0,7.3280996807529935,0.0,4,0.8947472550731518,-1.0083683467310325,parsed_generated_choice,80
qwen,BaNc,0.5,-1.0995231171041855,-0.0,4,-0.12545839699909453,-1.0083683467310325,parsed_generated_choice,80
qwen,BaPc,0.75,-2.210421621443466,-0.0,4,-0.25993818568798854,-1.0083683467310325,parsed_generated_choice,80
qwen,BaPd,0.25,4.373134059215241,0.0,4,0.5370339709026134,-1.0083683467310325,parsed_generated_choice,80
qwen,BaSh,0.5,-9.39475762144824,0.0,4,-1.1296377877459491,-1.0083683467310325,parsed_generated_choice,80
qwen,ChAs,0.25,-1.1747224987790865,0.0,4,-0.13456165613363705,-1.0083683467310325,parsed_generated_choice,80
qwen,ChBa,0.25,0.9952362248487967,0.0,4,0.12812263903575868,-1.0083683467310325,parsed_generated_choice,80
qwen,ChCh,0.25,-7.690738300824264,0.0,4,-0.9233577745276413,-1.0083683467310325,parsed_generated_choice,80
qwen,ChCm,0.25,0.24724294716182732,0.0,4,0.0375743328393399,-1.0083683467310325,parsed_generated_choice,80
qwen,ChCo,0.0,1.6550851201838133,0.0,4,0.20800062938738859,-1.0083683467310325,parsed_generated_choice,80
qwen,ChDl,0.25,-3.6696150645516905,0.0,4,-0.43658080886095324,-1.0083683467310325,parsed_generated_choice,80
qwen,ChHa,0.75,1.9085812109406202,-0.0,4,0.23868759186440763,-1.0083683467310325,parsed_generated_choice,80
qwen,ChHr,0.0,8.019179350122405,0.0,4,0.9784058859390417,-1.0083683467310325,parsed_generated_choice,80
qwen,ChNc,0.75,3.048487473176726,-0.0,4,0.3766789139085686,-1.0083683467310325,parsed_generated_choice,80
qwen,ChPc,1.0,3.076283800681196,-0.0,4,0.3800437975901356,-1.0083683467310325,parsed_generated_choice,80
qwen,ChPd,0.25,-8.377086936238614,0.0,4,-1.0064436902048157,-1.0083683467310325,parsed_generated_choice,80
qwen,ChSh,0.25,-1.8041584578113141,0.0,4,-0.21075800929570176,-1.0083683467310325,parsed_generated_choice,80
qwen,CmAs,1.0,-3.5147714601714917,2.0,4,-0.41783622047998253,1.191708046136675,parsed_generated_choice,80
qwen,CmBa,1.0,10.365807743081778,2.0,4,1.2624769231975053,1.191708046136675,parsed_generated_choice,80
qwen,CmCh,1.0,20.462313266827454,2.0,4,2.4847091289534418,1.191708046136675,parsed_generated_choice,80
qwen,CmCm,1.0,1.8752488020490974,2.0,4,0.23465253799880734,1.191708046136675,parsed_generated_choice,80
qwen,CmCo,1.0,-3.8753411239233655,2.0,4,-0.46148497146810014,1.191708046136675,parsed_generated_choice,80
qwen,CmDl,1.0,1.9563100022754836,2.0,4,0.24446539942109907,1.191708046136675,parsed_generated_choice,80
qwen,CmHa,1.0,6.5600420111108635,2.0,4,0.8017700544459984,1.191708046136675,parsed_generated_choice,80
qwen,CmHr,1.0,5.083414732022533,2.0,4,0.6230169787254033,1.191708046136675,parsed_generated_choice,80
qwen,CmNc,1.0,7.729316474054928,2.0,4,0.9433165432402741,1.191708046136675,parsed_generated_choice,80
qwen,CmPc,1.0,-1.7985694074292784,2.0,4,-0.2100814269513995,1.191708046136675,parsed_generated_choice,80
qwen,CmPd,1.0,7.343146661991092,2.0,4,0.896568766983917,1.191708046136675,parsed_generated_choice,80
qwen,CmSh,1.0,11.209064225525237,2.0,4,1.3645573140942264,1.191708046136675,parsed_generated_choice,80
qwen,CoAs,0.75,0.05964991448087975,1.0,4,0.014865263292570692,0.09166984970282117,parsed_generated_choice,80
qwen,CoBa,0.75,9.696023300590552,1.0,4,1.1813961854509905,0.09166984970282117,parsed_generated_choice,80
qwen,CoCh,0.75,-0.8065377038833558,1.0,4,-0.08999105564886073,0.09166984970282117,parsed_generated_choice,80
qwen,CoCm,0.5,-4.912127878160013,-1.0,4,-0.5869931642333017,-2.108406543164886,parsed_generated_choice,80
qwen,CoCo,0.5,-1.1194750261293342,1.0,4,-0.1278736748117493,0.09166984970282117,parsed_generated_choice,80
qwen,CoDl,0.25,-7.7981182471840995,-1.0,4,-0.9363566510582062,-2.108406543164886,parsed_generated_choice,80
qwen,CoHa,0.75,-3.0284996008412817,1.0,4,-0.3589705935728909,0.09166984970282117,parsed_generated_choice,80
qwen,CoHr,0.75,-2.6651251944132204,1.0,4,-0.3149823145352286,0.09166984970282117,parsed_generated_choice,80
qwen,CoNc,0.75,4.534728798169344,1.0,4,0.5565958176986082,0.09166984970282117,parsed_generated_choice,80
qwen,CoPc,0.75,3.9029015730903946,1.0,4,0.48010998988930426,0.09166984970282117,parsed_generated_choice,80
qwen,CoPd,0.25,-8.97290557491896,-1.0,4,-1.0785704995520773,-2.108406543164886,parsed_generated_choice,80
qwen,CoSh,1.0,-15.913492530656704,1.0,4,-1.9187630675847775,0.09166984970282117,parsed_generated_choice,80
qwen,DlAs,1.0,2.857703715963987,2.0,4,0.35358359128906264,1.191708046136675,parsed_generated_choice,80
qwen,DlBa,1.0,-7.434994818515861,2.0,4,-0.8923987541265371,1.191708046136675,parsed_generated_choice,80
qwen,DlCh,1.0,0.579396100832454,2.0,4,0.07778312396066948,1.191708046136675,parsed_generated_choice,80
qwen,DlCm,1.0,6.684020443330821,2.0,4,0.8167782602377925,1.191708046136675,parsed_generated_choice,80
qwen,DlCo,1.0,-1.9314786381833633,2.0,4,-0.2261707503205432,1.191708046136675,parsed_generated_choice,80
qwen,DlDl,1.0,2.0645899902668265,2.0,4,0.25757323046725966,1.191708046136675,parsed_generated_choice,80
qwen,DlHa,1.0,15.185706734488583,2.0,4,1.8459496665078514,1.191708046136675,parsed_generated_choice,80
qwen,DlHr,1.0,2.1746905837890598,2.0,4,0.27090145486719974,1.191708046136675,parsed_generated_choice,80
qwen,DlNc,1.0,4.2439151170282265,2.0,4,0.521391375317117,1.191708046136675,parsed_generated_choice,80
qwen,DlPc,1.0,2.829218358740583,2.0,4,0.3501352971333248,1.191708046136675,parsed_generated_choice,80
qwen,DlPd,1.0,-2.0123493561864407,2.0,4,-0.23596055292239412,1.191708046136675,parsed_generated_choice,80
qwen,DlSh,1.0,10.26775467103436,2.0,4,1.2506071111870227,1.191708046136675,parsed_generated_choice,80
qwen,HaAs,1.0,-2.2311015316207126,2.0,4,-0.262441591660612,1.191708046136675,parsed_generated_choice,80
qwen,HaBa,1.0,-5.094882671262551,2.0,4,-0.6091165408174921,1.191708046136675,parsed_generated_choice,80
qwen,HaCh,1.0,9.114719313986747,2.0,4,1.1110264469220994,1.191708046136675,parsed_generated_choice,80
qwen,HaCm,1.0,0.23166816686877123,2.0,4,0.03568892822811319,1.191708046136675,parsed_generated_choice,80
qwen,HaCo,1.0,-2.954185324889503,2.0,4,-0.34997448088795463,1.191708046136675,parsed_generated_choice,80
qwen,HaDl,1.0,-4.987024827292788,2.0,4,-0.5960598124045574,1.191708046136675,parsed_generated_choice,80
qwen,HaHa,1.0,-13.107548798524233,2.0,4,-1.5790896242448478,1.191708046136675,parsed_generated_choice,80
qwen,HaHr,1.0,15.475278219381472,2.0,4,1.8810037348557838,1.191708046136675,parsed_generated_choice,80
qwen,HaNc,1.0,5.18124006062575,2.0,4,0.634859221259348,1.191708046136675,parsed_generated_choice,80
qwen,HaPc,1.0,-9.179785110426337,2.0,4,-1.1036142961819375,1.191708046136675,parsed_generated_choice,80
qwen,HaPd,1.0,0.5604999276063634,2.0,4,0.07549564821689325,1.191708046136675,parsed_generated_choice,80
qwen,HaSh,1.0,-7.575620258012782,2.0,4,-0.9094221629383767,1.191708046136675,parsed_generated_choice,80
qwen,HrAs,1.0,11.496278121040742,1.0,4,1.3993259845232242,0.09166984970282117,parsed_generated_choice,80
qwen,HrBa,1.0,0.1581058231336574,1.0,4,0.026783840677525785,0.09166984970282117,parsed_generated_choice,80
qwen,HrCh,1.0,-9.09595976931785,1.0,4,-1.0934668217591967,0.09166984970282117,parsed_generated_choice,80
qwen,HrCm,0.0,-5.495505929201297,-1.0,4,-0.6576139785771208,-2.108406543164886,parsed_generated_choice,80
qwen,HrCo,0.75,-1.0137807265287848,1.0,4,-0.11507885420448212,0.09166984970282117,parsed_generated_choice,80
qwen,HrDl,0.0,-8.022970369617582,-1.0,4,-0.9635761187170346,-2.108406543164886,parsed_generated_choice,80
qwen,HrHa,1.0,19.59526066195833,1.0,4,2.379748099093829,0.09166984970282117,parsed_generated_choice,80
qwen,HrHr,1.0,8.961868340433178,1.0,4,1.0925230764124765,0.09166984970282117,parsed_generated_choice,80
qwen,HrNc,0.5,-5.11024547191134,1.0,4,-0.6109762842385598,0.09166984970282117,parsed_generated_choice,80
qwen,HrPc,1.0,-3.91233655649491,1.0,4,-0.46596345256717636,0.09166984970282117,parsed_generated_choice,80
qwen,HrPd,0.0,2.242346190357743,-1.0,4,0.2790915025083087,-2.108406543164886,parsed_generated_choice,80
qwen,HrSh,0.75,-5.498434442667716,1.0,4,-0.657968489696362,0.09166984970282117,parsed_generated_choice,80
qwen,NcAs,0.5,-20.498937962745003,1.0,4,-2.4738540415513395,0.09166984970282117,parsed_generated_choice,80
qwen,NcBa,0.5,-5.205533551428085,1.0,4,-0.6225113801522985,0.09166984970282117,parsed_generated_choice,80
qwen,NcCh,0.75,-19.499872324075504,1.0,4,-2.3529121774208104,0.09166984970282117,parsed_generated_choice,80
qwen,NcCm,0.75,3.6570218714614846,1.0,4,0.4503450291941682,0.09166984970282117,parsed_generated_choice,80
qwen,NcCo,0.5,-5.278389969864038,1.0,4,-0.6313310119347031,0.09166984970282117,parsed_generated_choice,80
qwen,NcDl,0.75,0.6004088327578491,1.0,4,0.0803268196611009,0.09166984970282117,parsed_generated_choice,80
qwen,NcHa,0.5,-2.2996560996391784,1.0,4,-0.270740463055947,0.09166984970282117,parsed_generated_choice,80
qwen,NcHr,0.5,1.5906925750182177,1.0,4,0.2002055915570337,0.09166984970282117,parsed_generated_choice,80
qwen,NcNc,0.75,-14.647614033250022,1.0,4,-1.7655221799860366,0.09166984970282117,parsed_generated_choice,80
qwen,NcPc,0.5,8.895341594193331,1.0,4,1.0844696829282399,0.09166984970282117,parsed_generated_choice,80
qwen,NcPd,0.75,-7.188128270283041,1.0,4,-0.8625143307421961,0.09166984970282117,parsed_generated_choice,80
qwen,NcSh,0.75,-18.400065770230434,1.0,4,-2.2197751245019104,0.09166984970282117,parsed_generated_choice,80
qwen,PcAs,1.0,1.8917580111123344,2.0,4,0.2366510598597809,1.191708046136675,parsed_generated_choice,80
qwen,PcBa,1.0,-2.0268024778286007,2.0,4,-0.2377101751756787,1.191708046136675,parsed_generated_choice,80
qwen,PcCh,1.0,13.343082328907666,2.0,4,1.6228908184424289,1.191708046136675,parsed_generated_choice,80
qwen,PcCm,1.0,-0.34951921153553345,2.0,4,-0.034666694298310576,1.191708046136675,parsed_generated_choice,80
qwen,PcCo,1.0,-0.8937211317376317,2.0,4,-0.10054504317267118,1.191708046136675,parsed_generated_choice,80
qwen,PcDl,1.0,-2.474661867652739,2.0,4,-0.29192578161553834,1.191708046136675,parsed_generated_choice,80
qwen,PcHa,1.0,3.8861659352616975,2.0,4,0.4780840577001925,1.191708046136675,parsed_generated_choice,80
qwen,PcHr,1.0,17.936235472341245,2.0,4,2.1789148491994537,1.191708046136675,parsed_generated_choice,80
qwen,PcNc,1.0,-8.427022889840945,2.0,4,-1.0124886857306796,1.191708046136675,parsed_generated_choice,80
qwen,PcPc,1.0,19.293632719128126,2.0,4,2.34323453655321,1.191708046136675,parsed_generated_choice,80
qwen,PcPd,1.0,13.7692692418345,2.0,4,1.674482863771953,1.191708046136675,parsed_generated_choice,80
qwen,PcSh,1.0,6.36500981597961,2.0,4,0.7781604372880552,1.191708046136675,parsed_generated_choice,80
qwen,PdAs,1.0,3.0232829627105335,1.0,4,0.3736277825691521,0.09166984970282117,parsed_generated_choice,80
qwen,PdBa,1.0,-4.224271518612033,1.0,4,-0.5037247310515132,0.09166984970282117,parsed_generated_choice,80
qwen,PdCh,0.75,-7.168422726025687,1.0,4,-0.8601288766099082,0.09166984970282117,parsed_generated_choice,80
qwen,PdCm,1.0,0.3024104157619849,1.0,4,0.04425262927314675,0.09166984970282117,parsed_generated_choice,80
qwen,PdCo,1.0,-2.7279162641629178,1.0,4,-0.32258348580200524,0.09166984970282117,parsed_generated_choice,80
qwen,PdDl,1.0,3.536685906257675,1.0,4,0.43577776214945535,0.09166984970282117,parsed_generated_choice,80
qwen,PdHa,1.0,17.315663445202066,1.0,4,2.1037915190752936,0.09166984970282117,parsed_generated_choice,80
qwen,PdHr,1.0,-19.699788957950368,1.0,4,-2.3771130801800386,0.09166984970282117,parsed_generated_choice,80
qwen,PdNc,1.0,-1.349763657249683,1.0,4,-0.15575125888405697,0.09166984970282117,parsed_generated_choice,80
qwen,PdPc,1.0,9.690336485826165,1.0,4,1.1807077682420013,0.09166984970282117,parsed_generated_choice,80
qwen,PdPd,0.75,6.515898216880557,1.0,4,0.7964262286177798,0.09166984970282117,parsed_generated_choice,80
qwen,PdSh,1.0,-1.2910067821726665,1.0,4,-0.14863844694533132,0.09166984970282117,parsed_generated_choice,80
qwen,ShAs,0.5,-0.10733112720975324,0.0,4,-0.005348622236929978,-1.0083683467310325,parsed_generated_choice,80
qwen,ShBa,0.5,-18.011577266936367,-0.0,4,-2.1727466591407807,-1.0083683467310325,parsed_generated_choice,80
qwen,ShCh,0.5,-4.283260952014716,-0.0,4,-0.5108656953321237,-1.0083683467310325,parsed_generated_choice,80
qwen,ShCm,0.5,-1.3716342179980179,-0.0,4,-0.1583987990296736,-1.0083683467310325,parsed_generated_choice,80
qwen,ShCo,0.5,-8.162097383387916,0.0,4,-0.9804181356426758,-1.0083683467310325,parsed_generated_choice,80
qwen,ShDl,0.5,-5.764440609907561,-0.0,4,-0.6901698591469699,-1.0083683467310325,parsed_generated_choice,80
qwen,ShHa,0.5,-4.22110291491523,0.0,4,-0.5033411558158634,-1.0083683467310325,parsed_generated_choice,80
qwen,ShHr,0.5,-11.114146836403537,-0.0,4,-1.337778403110873,-1.0083683467310325,parsed_generated_choice,80
qwen,ShNc,0.5,-3.1324785277505436,0.0,4,-0.3715577597849582,-1.0083683467310325,parsed_generated_choice,80
qwen,ShPc,0.5,-8.756077691474589,0.0,4,-1.0523224059291574,-1.0083683467310325,parsed_generated_choice,80
qwen,ShPd,0.5,7.610273443173344,-0.0,4,0.9289057923253088,-1.0083683467310325,parsed_generated_choice,80
qwen,ShSh,0.5,4.229184783841669,0.0,4,0.5196081952277501,-1.0083683467310325,parsed_generated_choice,80
